"ID","Uni","Full_Part","PTY","Current_Year","Course_Duration","Course_Name","Previous_Training","Gender","UKRN","timepoint","crisis_aware","crisis_learnt","crisis_explain","os_explain","os_learnt","applicability","crisis_aware_Completed","crisis_learnt_Completed","crisis_explain_Completed","os_explain_Completed","os_learnt_Completed","applicability_Completed"
1,"UKRN02","Full-time","Other (Please specify)","Year 1","3","Psychology BSC","Yes","Female","UKRN",1,1,1,0,1,1,1,1,1,1,1,1,1
2,"UKRN02","Full-time","Yes","Year 1","4","Psychology","No","Female","UKRN",1,1,1,1,0,1,1,1,1,1,1,1,1
3,"UKRN02","Full-time","Yes","Placement Year","3","BSc Psychology","Yes","Female","UKRN",1,1,1,0,0,0,1,1,1,1,1,1,1
4,"UKRN02","Full-time","Yes","Year 1","3","Psychology with Forensic Investigation ","Yes","Female ","UKRN",1,1,1,0,0,0,1,1,1,1,1,1,1
5,"UKRN02","Full-time","Yes","Placement Year","3","Bsc Psychology","Yes","Female","UKRN",1,1,0,1,0,0,1,1,1,1,1,1,1
6,"UKRN02","Full-time","No","Year 1","3","BSc Psychology","Yes","female","UKRN",1,1,1,1,1,1,1,1,1,1,1,1,1
7,"UKRN02","Full-time","No","Year 2","3","Psychology","Yes","Female","UKRN",1,0,NA,NA,0,0,0,1,0,0,1,1,1
8,"UKRN02","Full-time","Yes","Year 1","3","Psycholigy","No","female","UKRN",1,1,1,0,0,0,0,1,1,1,1,1,1
9,"UKRN02","Full-time","Yes","Year 2","3","BSc Pyschology ","No","Female","UKRN",1,1,1,1,0,0,1,1,1,1,1,1,1
10,"UKRN02","Full-time","Yes","Year 2","4","BSc (Hons) Psychology","No","Female ","UKRN",1,1,1,0,0,0,1,1,1,1,1,1,1
11,"UKRN02","Full-time","Yes","Year 2","3","BsC Psychology ","No","Female ","UKRN",1,1,1,0,0,1,1,1,1,1,1,1,1
12,"UKRN02","Full-time","Yes","Placement Year","3","Psychology ","Yes","Female ","UKRN",1,0,NA,NA,1,1,1,1,0,0,1,1,1
13,"UKRN02","Full-time","Yes","Placement Year","3","Psychology","Yes","Female","UKRN",1,1,1,NA,0,0,0,1,1,0,1,1,1
14,"UKRN02","Full-time","Yes","Year 2","4","Psychology","Yes","Female ","UKRN",1,1,1,0,0,0,1,1,1,1,1,1,1
15,"UKRN02","Full-time","Yes","Year 1","4","BPS Psychology ","Yes","Female ","UKRN",1,1,1,1,0,0,0,1,1,1,1,1,1
16,"UKRN02","Full-time","Yes","Year 2","3","Psychology ","Yes","Female","UKRN",1,1,1,1,0,0,1,1,1,1,1,1,1
17,"UKRN02","Full-time","Yes","Year 1","4","BSc Psychology","Yes","Female","UKRN",1,1,1,1,0,0,1,1,1,1,1,1,1
18,"UKRN02","Full-time","Yes","Year 1","4","Psychology","Yes","Female","UKRN",1,1,1,0,0,0,1,1,1,1,1,1,1
19,"UKRN02","Full-time","Yes","Year 1","3","BSc (Hons) Psychology","Yes","Female","UKRN",1,1,1,1,1,1,1,1,1,1,1,1,1
20,"UKRN02","Full-time","Yes","Year 1","3","Psychology ","Yes","Male","UKRN",1,1,1,1,0,1,1,1,1,1,1,1,1
21,"UNI01","Full-time","No","Final Year","3","Psychology","Yes","Female","Non-UKRN",1,0,NA,NA,1,0,1,1,0,0,1,1,1
22,"UKRN02","Full-time","No","Final Year","3","Psychology","Yes","Female","UKRN",1,0,NA,NA,1,1,1,1,0,0,1,1,1
23,"UKRN02","Full-time","Other (Please specify)","Year 1","3","Psychology","Yes","Female","UKRN",1,1,1,1,1,1,1,1,1,1,1,1,1
24,"UNI02","Full-time","No","Year 2","3","BSc Psychology Hons","No","N/A","Non-UKRN",1,1,1,1,0,0,1,1,1,1,1,1,1
25,"UNI02","Full-time","No","Year 2","3","Single honours Psychology ","Yes","Female","Non-UKRN",1,1,1,1,0,0,1,1,1,1,1,1,1
27,"UNI02","Full-time","No","Final Year","3","Psychology ","No","Female ","Non-UKRN",1,1,0,0,0,0,1,1,1,1,1,1,1
28,"UNI02","Full-time","No","Year 2","3","Psychology","Yes","Female ","Non-UKRN",1,1,1,1,0,1,1,1,1,1,1,1,1
29,"UNI02","Full-time","No","Final Year","3","Psychology ","Yes","Female ","Non-UKRN",1,1,1,1,0,0,1,1,1,1,1,1,1
30,"UNI02","Full-time","No","Final Year","3","Psychology ","Yes","Female ","Non-UKRN",1,1,0,0,1,0,1,1,1,1,1,1,1
31,"UNI02","Full-time","No","Year 1","3","Psychology with counselling ","Yes","Female","Non-UKRN",1,1,0,0,0,1,1,1,1,1,1,1,1
32,"UNI02","Full-time","No","Final Year","3","Bsc(hons) psychology ","Yes","Female ","Non-UKRN",1,1,1,0,0,0,1,1,1,1,1,1,1
33,"UNI01","Full-time","No","Year 2","3","BSc (Hons) Psychology with Criminology","Yes","Female","Non-UKRN",1,1,0,0,0,0,1,1,1,1,1,1,1
34,"UNI02","Full-time","No","Year 2","3","Psychology with clinical skills","No","Female","Non-UKRN",1,1,1,1,1,1,1,1,1,1,1,1,1
35,"UNI01","Full-time","No","Final Year","3","Psychology with Criminology","No","Female","Non-UKRN",1,1,1,0,1,1,1,1,1,1,1,1,1
36,"UNI02","Full-time","Yes","Year 2","3","Psychology","No","Female","Non-UKRN",1,1,1,0,0,0,1,1,1,1,1,1,1
37,"UNI02","Full-time","No","Year 2","3","Bsc (Hons) Psychology","No","Female","Non-UKRN",1,1,1,0,0,0,0,1,1,1,1,1,1
38,"UNI02","Full-time","Yes","Year 2","4","Forensic psychology ","No","Female ","Non-UKRN",1,1,1,0,1,1,1,1,1,1,1,1,1
39,"UNI01","Full-time","No","Year 1","3","Psychology BSc (Hons)","Yes","Female","Non-UKRN",1,0,NA,NA,0,0,1,1,0,0,1,1,1
40,"UNI01","Full-time","No","Year 1","3","Bsc Psychology (Hons)","Yes","Female","Non-UKRN",1,1,1,1,0,0,1,1,1,1,1,1,1
41,"UNI02","Full-time","No","Year 2","3","Psychology with clinical skills","No","Female ","Non-UKRN",1,1,0,1,0,0,1,1,1,1,1,1,1
42,"UNI01","Full-time","Yes","Year 1","3","Psychology BSc","Yes","Male","Non-UKRN",1,0,NA,NA,0,0,1,1,0,0,1,1,1
44,"UNI01","Full-time","No","Year 2","3","Psychology","No","Female","Non-UKRN",1,1,1,1,0,0,1,1,1,1,1,1,1
45,"UKRN07","Full-time","No","Final Year","3","Psychology Bsc","No","Female","UKRN",1,0,NA,NA,0,0,1,1,0,0,1,1,1
46,"UKRN07","Full-time","Yes","Final Year","4","Psychology with Professional Placement","Yes","Female","UKRN",1,1,1,1,1,0,1,1,1,1,1,1,1
47,"UKRN02","Full-time","Yes","Placement Year","3","psychology","Yes","Female","UKRN",1,NA,NA,NA,NA,NA,NA,0,0,0,0,0,0
48,"UKRN07","Full-time","No","Final Year","3","BSc Psychology","Yes","Female","UKRN",1,1,1,1,0,0,1,1,1,1,1,1,1
49,"UKRN07","Full-time","Yes","Final Year","4","Psychology with Professional Placement","Yes","Male","UKRN",1,1,1,1,0,0,1,1,1,1,1,1,1
50,"UNI01","Full-time","No","Year 2","3","Psychology with Criminology","No","Female","Non-UKRN",1,0,NA,NA,1,1,1,1,0,0,1,1,1
51,"UKRN07","Full-time","No","Final Year","3","Psychology with Neuroscience","Yes","Female","UKRN",1,1,1,1,1,1,1,1,1,1,1,1,1
52,"UNI02","Full-time","No","Year 1","3","Psychology with clinical skills","Yes","female","Non-UKRN",1,NA,NA,NA,NA,NA,NA,0,0,0,0,0,0
53,"UNI04","Full-time","No","Year 2","3","BSc Psychology","Yes","Female","Non-UKRN",1,0,NA,NA,1,0,1,1,0,0,1,1,1
54,"UNI04","Full-time","Other (Please specify)","Final Year","4","Psychology (with a Year Abroad)","No","Female","Non-UKRN",1,1,1,0,0,0,1,1,1,1,1,1,1
55,"UNI04","Full-time","No","Final Year","3","BSc Psychology","Yes","Female","Non-UKRN",1,1,1,1,0,0,1,1,1,1,1,1,1
56,"UKRN07","Full-time","No","Final Year","3","BSc Psychology (Hons) ","Yes","Female ","UKRN",1,1,1,1,1,1,1,1,1,1,1,1,1
57,"UNI04","Full-time","Yes","Year 2","4","BSc Psychology with Placement Year","No","Male","Non-UKRN",1,1,1,0,0,0,1,1,1,1,1,1,1
58,"UKRN02","Full-time","Yes","Year 1","4","Psychology with counselling","Yes","Female","UKRN",1,1,0,1,0,1,0,1,1,1,1,1,1
59,"UNI04","Full-time","Yes","Year 2","4","Cognitive psychology with placement year","Yes","Female","Non-UKRN",1,0,NA,NA,0,0,1,1,0,0,1,1,1
60,"UNI11","Full-time","No","Final Year","3","Psychology and child development ","Yes","Female","Non-UKRN",1,1,1,0,0,0,1,1,1,1,1,1,1
61,"UNI11","Full-time","No","Final Year","3","Bsc Psychology ","Yes","Female","Non-UKRN",1,1,1,1,0,0,1,1,1,1,1,1,1
62,"UNI11","Full-time","No","Final Year","3","Psychology and child development ","No","Female","Non-UKRN",1,0,NA,NA,0,0,0,1,0,0,1,1,1
63,"UNI11","Full-time","No","Year 2","3","Bsc Psychology ","Yes","Female","Non-UKRN",1,0,NA,NA,1,0,0,1,0,0,1,1,1
64,"UNI11","Full-time","No","Year 1","3","Bsc Psychology","Yes","Female","Non-UKRN",1,1,0,1,0,0,0,1,1,1,1,1,1
65,"UNI11","Full-time","No","Year 1","3","Psychology with child development ","Yes","Female","Non-UKRN",1,1,1,0,0,0,1,1,1,1,1,1,1
66,"UNI11","Full-time","No","Final Year","3","BSc Psychology","Yes","Female ","Non-UKRN",1,1,1,NA,0,1,0,1,1,0,1,1,1
67,"UNI11","Full-time","No","Final Year","3","Psychology ","No","Female","Non-UKRN",1,0,NA,NA,0,0,0,1,0,0,1,1,1
68,"UNI11","Full-time","No","Year 1","3","Psychology","Yes","Female","Non-UKRN",1,1,1,1,0,0,1,1,1,1,1,1,1
69,"UNI11","Full-time","No","Year 2","3","psychology","Yes","female","Non-UKRN",1,0,NA,NA,0,0,1,1,0,0,1,1,1
70,"UNI11","Full-time","No","Year 2","3","BSc Psychology ","Yes","Female","Non-UKRN",1,1,1,1,1,1,1,1,1,1,1,1,1
71,"UNI11","Full-time","No","Year 1","3","psychology and child development ","No","Male","Non-UKRN",1,0,NA,NA,0,0,1,1,0,0,1,1,1
72,"UNI11","Full-time","No","Year 1","3","psychology ","Yes","female","Non-UKRN",1,1,1,1,0,0,1,1,1,1,1,1,1
73,"UNI11","Full-time","No","Year 2","3","BSc Psychology","Yes","Female","Non-UKRN",1,0,NA,NA,0,0,0,1,0,0,1,1,1
74,"UNI11","Full-time","No","Year 1","3","Bsc Psychology","Yes","female","Non-UKRN",1,1,1,1,1,1,1,1,1,1,1,1,1
75,"UNI11","Full-time","No","Year 1","3","Psychology BSc","Yes","Female","Non-UKRN",1,1,0,0,0,0,1,1,1,1,1,1,1
76,"UNI11","Full-time","No","Year 1","3","Psychology","No","female","Non-UKRN",1,1,1,0,0,0,1,1,1,1,1,1,1
77,"UNI11","Full-time","No","Year 2","3","BSc Psychology ","Yes","Female","Non-UKRN",1,1,NA,NA,NA,NA,NA,1,0,0,0,0,0
78,"UNI11","Full-time","No","Final Year","3","Psychology ","No","Female ","Non-UKRN",1,NA,NA,NA,NA,NA,NA,0,0,0,0,0,0
79,"UKRN01","Full-time","Yes","Year 1","4","BSc Psychology","Yes","Female","UKRN",1,1,1,1,0,0,0,1,1,1,1,1,1
80,"UKRN01","Full-time","Yes","Year 1","4","BSc Psychology ","Yes","Female","UKRN",1,1,0,0,0,0,1,1,1,1,1,1,1
81,"UKRN01","Full-time","Yes","Year 1","4","Psychology ","Yes","Female ","UKRN",1,0,NA,NA,1,1,1,1,0,0,1,1,1
82,"UKRN01","Full-time","No","Year 2","3","Psychology ","Yes","female","UKRN",1,0,NA,NA,1,0,1,1,0,0,1,1,1
83,"UKRN01","Full-time","No","Year 1","3","Psychology","No","Female","UKRN",1,0,NA,NA,0,0,1,1,0,0,1,1,1
84,"UKRN01","Full-time","Yes","Year 2","3","Psychology","Yes","Female","UKRN",1,1,1,0,0,1,1,1,1,1,1,1,1
85,"UKRN01","Full-time","Yes","Year 2","4","Psychology ","Yes","Female","UKRN",1,1,1,1,0,0,1,1,1,1,1,1,1
86,"UKRN01","Full-time","Yes","Year 1","4","Psychology","Yes","Female","UKRN",1,0,NA,NA,1,1,1,1,0,0,1,1,1
87,"UKRN01","Full-time","Yes","Year 1","4","BSc psychology","Yes","Female","UKRN",1,1,0,0,0,0,1,1,1,1,1,1,1
88,"UKRN01","Full-time","Yes","Year 1","4","Psychology ","Yes","Female ","UKRN",1,0,NA,NA,0,0,1,1,0,0,1,1,1
89,"UKRN01","Full-time","Yes","Year 1","4","BSc Psychology","Yes","Female","UKRN",1,0,NA,NA,0,0,1,1,0,0,1,1,1
90,"UKRN01","Full-time","No","Year 1","3","Psychology Bsc","Yes","Female","UKRN",1,1,1,0,0,1,1,1,1,1,1,1,1
91,"UKRN01","Full-time","Yes","Year 1","4","Psychology BSc","Yes","Female","UKRN",1,0,NA,NA,0,0,1,1,0,0,1,1,1
92,"UKRN01","Full-time","Yes","Year 2","4","Psychology","Yes","Female","UKRN",1,0,NA,NA,1,0,1,1,0,0,1,1,1
93,"UKRN01","Full-time","Yes","Year 1","3","Psychology Bsc","Yes","Female","UKRN",1,1,0,1,0,0,1,1,1,1,1,1,1
94,"UKRN01","Full-time","Yes","Placement Year","3","BSc Psychology","Yes","Female","UKRN",1,1,1,1,0,0,1,1,1,1,1,1,1
95,"UKRN01","Full-time","Yes","Year 1","4","Psychology with placement year","Yes","Female","UKRN",1,1,1,0,0,0,1,1,1,1,1,1,1
96,"UKRN01","Full-time","Yes","Year 1","4","BSc Psychology","Yes","Female","UKRN",1,1,1,0,0,0,1,1,1,1,1,1,1
97,"UKRN01","Full-time","Yes","Placement Year","4","Psychology BsC","Yes","Female ","UKRN",1,1,1,1,0,0,1,1,1,1,1,1,1
98,"UKRN01","Full-time","Yes","Placement Year","4","Psychology ","Yes","Female","UKRN",1,1,1,1,0,0,1,1,1,1,1,1,1
99,"UKRN01","Full-time","Yes","Year 2","4","Psychology","Yes","Female","UKRN",1,1,0,1,0,0,1,1,1,1,1,1,1
100,"UKRN01","Full-time","No","Year 2","3","Psychology","No","Male","UKRN",1,1,1,0,1,1,1,1,1,1,1,1,1
101,"UKRN01","Full-time","No","Year 2","3","Psychology BSc","Yes","Male","UKRN",1,1,1,1,0,0,1,1,1,1,1,1,1
102,"UKRN01","Full-time","Yes","Year 1","3","Psychology Bsc","Yes","Male","UKRN",1,0,NA,NA,0,0,1,1,0,0,1,1,1
103,"UKRN01","Full-time","No","Year 1","3","Psychology BSc","Yes","Female","UKRN",1,0,NA,NA,0,0,1,1,0,0,1,1,1
104,"UKRN01","Full-time","Yes","Year 2","4","Psychology","Yes","Female","UKRN",1,1,1,0,0,0,1,1,1,1,1,1,1
105,"UKRN01","Full-time","Yes","Year 1","4","BSc Psychology with Placement Year","Yes","Female","UKRN",1,0,NA,NA,0,0,1,1,0,0,1,1,1
106,"UKRN01","Full-time","Yes","Year 1","4","Psychology","Yes","female","UKRN",1,0,NA,NA,0,0,1,1,0,0,1,1,1
107,"UKRN01","Full-time","Yes","Placement Year","4","Psychology","Yes","Female","UKRN",1,1,1,1,1,1,1,1,1,1,1,1,1
108,"UKRN01","Full-time","Yes","Year 1","4","Psychology","Yes","Female ","UKRN",1,1,1,1,0,0,1,1,1,1,1,1,1
109,"UKRN01","Full-time","No","Year 2","3","BSc Psychology ","Yes","Female","UKRN",1,0,NA,NA,0,0,1,1,0,0,1,1,1
110,"UKRN01","Full-time","Yes","Year 2","4","Psychology","Yes","Female","UKRN",1,1,1,1,0,0,1,1,1,1,1,1,1
111,"UKRN01","Full-time","Yes","Year 1","4","BSc Psychology  ","Yes","Female ","UKRN",1,0,NA,NA,1,1,1,1,0,0,1,1,1
112,"UKRN01","Full-time","Yes","Year 2","4","Psychology ","Yes","Female","UKRN",1,1,1,1,0,1,1,1,1,1,1,1,1
113,"UKRN01","Full-time","Yes","Year 1","4","Psychology","Yes","female","UKRN",1,0,NA,NA,1,0,1,1,0,0,1,1,1
114,"UKRN01","Full-time","Yes","Year 1","4","PSYCHOLOGY ","Yes","FEMALE","UKRN",1,0,NA,NA,0,0,0,1,0,0,1,1,1
115,"UKRN01","Full-time","No","Year 1","3","Psychology","No","Female","UKRN",1,1,0,1,0,0,1,1,1,1,1,1,1
116,"UKRN01","Full-time","Yes","Year 1","4","Psychology BSc","Yes","Female","UKRN",1,0,NA,NA,0,0,1,1,0,0,1,1,1
117,"UKRN01","Full-time","Yes","Year 1","4","Psychology","Yes","Female","UKRN",1,0,NA,NA,0,0,1,1,0,0,1,1,1
118,"UKRN01","Full-time","Yes","Year 1","4","Psychology","Yes","female","UKRN",1,1,0,1,0,0,1,1,1,1,1,1,1
119,"UKRN01","Full-time","Other (Please specify)","Year 1","3","Psychology","No","Female","UKRN",1,1,1,NA,0,0,0,1,1,0,1,1,1
120,"UKRN01","Full-time","Yes","Year 1","4","Bsc Psychology","No","female","UKRN",1,0,NA,NA,0,0,0,1,0,0,1,1,1
121,"UKRN01","Full-time","No","Year 2","3","Psychology","Yes","Female","UKRN",1,1,0,1,0,0,1,1,1,1,1,1,1
122,"UKRN01","Full-time","Yes","Year 2","4","Psychology BSc","Yes","Female","UKRN",1,1,1,1,1,0,1,1,1,1,1,1,1
123,"UKRN01","Full-time","Yes","Year 2","4","Psychology BSc","Yes","Female","UKRN",1,1,1,0,0,0,1,1,1,1,1,1,1
124,"UKRN01","Full-time","Yes","Year 1","4","BSc Psychology","Yes","Female","UKRN",1,1,0,1,0,0,1,1,1,1,1,1,1
125,"UKRN01","Full-time","Yes","Year 2","4","BSc Psychology","Yes","Female","UKRN",1,1,1,1,0,1,1,1,1,1,1,1,1
126,"UKRN01","Full-time","Yes","Year 1","4","Psychology BSc","Yes","Female","UKRN",1,0,NA,NA,1,0,1,1,0,0,1,1,1
127,"UKRN01","Full-time","Yes","Year 1","3","BSc psychology","No","Female ","UKRN",1,0,NA,NA,0,0,1,1,0,0,1,1,1
128,"UKRN01","Full-time","Yes","Year 1","4","Bsc Psychology","No","Female","UKRN",1,0,NA,NA,0,0,1,1,0,0,1,1,1
129,"UKRN01","Full-time","No","Year 1","3","BSc Psychology","No","Female","UKRN",1,0,NA,NA,1,0,0,1,0,0,1,1,1
130,"UKRN01","Full-time","Yes","Year 1","4","BSc (Hons) Psychology","Yes","Male","UKRN",1,0,NA,NA,0,0,1,1,0,0,1,1,1
131,"UKRN01","Full-time","Yes","Year 1","4","Psychology Bsc","Yes","Male","UKRN",1,0,NA,NA,0,0,1,1,0,0,1,1,1
132,"UKRN01","Full-time","Yes","Year 1","4","Psychology ","Yes","Female","UKRN",1,1,0,0,1,0,1,1,1,1,1,1,1
133,"UKRN01","Full-time","No","Year 2","3","Psychology","Yes","female","UKRN",1,1,1,1,0,0,1,1,1,1,1,1,1
134,"UKRN01","Full-time","No","Year 2","3","Psychology","Yes","female","UKRN",1,0,NA,NA,0,0,1,1,0,0,1,1,1
135,"UKRN01","Full-time","Yes","Year 1","4","BSc psychology","No","Female","UKRN",1,0,NA,NA,0,0,0,1,0,0,1,1,1
137,"UKRN01","Full-time","Yes","Year 1","4","Psychology ","Yes","Female","UKRN",1,0,NA,NA,0,0,0,1,0,0,1,1,1
138,"UKRN01","Full-time","Yes","Year 2","4","Psychology Bsc","Yes","Female","UKRN",1,1,1,1,0,0,1,1,1,1,1,1,1
139,"UKRN01","Full-time","Yes","Year 2","3","Psychology","Yes","Female","UKRN",1,0,NA,NA,0,0,0,1,0,0,1,1,1
140,"UKRN01","Full-time","Yes","Year 2","4","Psychology","Yes","Female","UKRN",1,1,1,0,0,0,1,1,1,1,1,1,1
141,"UKRN01","Full-time","Yes","Year 1","4","Psychology BSc","Yes","Female","UKRN",1,0,NA,NA,0,0,1,1,0,0,1,1,1
142,"UKRN01","Full-time","Yes","Year 2","4","BSc psychology ","Yes","female","UKRN",1,0,NA,NA,0,0,1,1,0,0,1,1,1
143,"UKRN01","Full-time","No","Year 1","3","BSc Psychology ","Yes","Female ","UKRN",1,0,NA,NA,0,0,1,1,0,0,1,1,1
144,"UKRN01","Full-time","Yes","Year 1","4","Psychology Bsc ","Yes","Male ","UKRN",1,1,0,0,0,0,1,1,1,1,1,1,1
145,"UKRN01","Full-time","Yes","Year 1","4","Psychology","Yes","Female","UKRN",1,0,NA,NA,0,0,1,1,0,0,1,1,1
146,"UKRN01","Full-time","Yes","Year 1","4","BSc Psychology","Yes","Female","UKRN",1,1,0,0,0,0,1,1,1,1,1,1,1
147,"UKRN01","Full-time","No","Year 2","3","Psychology ","Yes","Female","UKRN",1,0,NA,NA,0,1,0,1,0,0,1,1,1
148,"UKRN01","Full-time","Yes","Year 1","4","psychology bsc","Yes","female","UKRN",1,1,1,0,1,0,0,1,1,1,1,1,1
149,"UKRN01","Full-time","Yes","Placement Year","4","BSc Psychology","No","Female ","UKRN",1,1,1,1,1,1,1,1,1,1,1,1,1
150,"UKRN01","Full-time","Yes","Year 1","4","Psychology BSc","Yes","female","UKRN",1,0,NA,NA,0,0,1,1,0,0,1,1,1
151,"UKRN01","Full-time","No","Year 2","3","Psychology","Yes","Female","UKRN",1,0,NA,NA,1,0,1,1,0,0,1,1,1
152,"UKRN01","Full-time","Yes","Year 1","4","Psychology BSc","Yes","F","UKRN",1,1,0,1,1,0,1,1,1,1,1,1,1
153,"UKRN01","Full-time","Yes","Placement Year","4","Psychology","Yes","Female","UKRN",1,0,NA,NA,0,1,1,1,0,0,1,1,1
154,"UKRN01","Full-time","Yes","Year 2","4","Psychology BSc","Yes","Female","UKRN",1,1,1,1,0,1,1,1,1,1,1,1,1
155,"UKRN01","Full-time","Yes","Year 1","3","Bsc Psychology","No","Male","UKRN",1,1,1,1,0,0,1,1,1,1,1,1,1
156,"UKRN01","Full-time","Yes","Year 1","4","Psychology ","Yes","Female","UKRN",1,1,0,0,0,0,1,1,1,1,1,1,1
157,"UKRN01","Full-time","Yes","Year 1","4","BSc Psychology","Yes","Female","UKRN",1,1,0,0,0,0,1,1,1,1,1,1,1
158,"UKRN01","Full-time","No","Year 1","3","Psychology","No","Female ","UKRN",1,1,1,0,1,0,1,1,1,1,1,1,1
159,"UKRN01","Full-time","Yes","Year 1","4","BSc Psychology","Yes","female","UKRN",1,0,NA,NA,0,0,1,1,0,0,1,1,1
160,"UKRN01","Full-time","Yes","Year 2","4","Psychology","Yes","female","UKRN",1,1,1,1,0,0,1,1,1,1,1,1,1
161,"UKRN01","Full-time","Yes","Year 2","4","BSc Psychology","Yes","female","UKRN",1,1,0,1,0,0,1,1,1,1,1,1,1
162,"UKRN01","Full-time","No","Year 1","3","BSc Psychology","Yes","Female","UKRN",1,0,NA,NA,0,0,1,1,0,0,1,1,1
163,"UKRN01","Full-time","Yes","Year 1","4","Psychology BSc","Yes","Female","UKRN",1,1,0,1,0,0,1,1,1,1,1,1,1
164,"UKRN01","Full-time","Yes","Year 2","4","Psychology (BSc)","Yes","Female","UKRN",1,1,1,1,0,0,0,1,1,1,1,1,1
165,"UKRN01","Full-time","Yes","Year 1","4","Psychology Bsc","Yes","Female","UKRN",1,1,1,1,0,0,1,1,1,1,1,1,1
166,"UKRN01","Full-time","Yes","Year 1","3","Psychology","Yes","Female","UKRN",1,1,1,NA,0,1,1,1,1,0,1,1,1
167,"UKRN01","Full-time","Yes","Year 1","4","Psychology BSc ","Yes","Female","UKRN",1,0,NA,NA,0,0,1,1,0,0,1,1,1
168,"UKRN01","Full-time","Yes","Year 1","3","Bsc Psychology","No","Female","UKRN",1,1,0,1,0,0,0,1,1,1,1,1,1
169,"UKRN01","Full-time","Yes","Year 1","4","Psychology","Yes","Female","UKRN",1,1,1,NA,0,0,1,1,1,0,1,1,1
170,"UKRN01","Full-time","Yes","Year 1","4","BSc psychology","Yes","male","UKRN",1,0,NA,NA,0,0,1,1,0,0,1,1,1
171,"UKRN01","Full-time","Yes","Year 1","4","Psychology ","Yes","Female","UKRN",1,1,0,1,0,0,1,1,1,1,1,1,1
172,"UKRN01","Full-time","Yes","Year 2","4","Psychology","Yes","female","UKRN",1,1,1,1,0,0,1,1,1,1,1,1,1
173,"UKRN01","Full-time","Yes","Placement Year","4","BSc Psychology ","No","Female ","UKRN",1,0,NA,NA,0,0,1,1,0,0,1,1,1
174,"UKRN01","Full-time","Yes","Year 2","4","Psychology","Yes","Male","UKRN",1,1,1,1,0,0,1,1,1,1,1,1,1
175,"UKRN01","Full-time","Yes","Year 1","3","Psychology BSc","Yes","Female","UKRN",1,1,1,1,1,1,1,1,1,1,1,1,1
176,"UKRN01","Full-time","Yes","Placement Year","4","psychology Bsc","Yes","female","UKRN",1,1,1,1,1,1,1,1,1,1,1,1,1
177,"UKRN01","Full-time","Yes","Placement Year","4","Psychology","Yes","Male","UKRN",1,1,1,1,1,1,1,1,1,1,1,1,1
178,"UKRN01","Full-time","Yes","Year 2","3","BSc Psychology","Yes","Female","UKRN",1,1,1,0,1,1,1,1,1,1,1,1,1
179,"UKRN01","Full-time","Yes","Year 2","3","Psychology","No","Female","UKRN",1,1,1,1,1,0,1,1,1,1,1,1,1
180,"UKRN01","Full-time","Yes","Year 1","3","Psychology","Yes","Female","UKRN",1,0,NA,NA,1,0,1,1,0,0,1,1,1
181,"UKRN01","Full-time","No","Year 2","3","Psychology ","Yes","Female","UKRN",1,1,1,0,0,1,1,1,1,1,1,1,1
182,"UKRN01","Full-time","Yes","Year 1","4","BSc Psychology","Yes","Female","UKRN",1,1,0,1,0,0,0,1,1,1,1,1,1
183,"UKRN01","Full-time","Yes","Year 1","4","BCs psychology ","No","female","UKRN",1,1,0,0,1,0,1,1,1,1,1,1,1
184,"UKRN01","Full-time","Yes","Year 2","4","Psychology","Yes","Female","UKRN",1,1,1,1,1,1,1,1,1,1,1,1,1
185,"UKRN01","Full-time","Yes","Year 2","3","Psychology","Yes","female","UKRN",1,1,1,1,0,0,1,1,1,1,1,1,1
186,"UKRN01","Full-time","Yes","Year 1","4","Psychology (BSc)","Yes","Male","UKRN",1,1,1,0,0,0,1,1,1,1,1,1,1
187,"UKRN01","Full-time","Yes","Year 1","4","BSc Psychology","Yes","female","UKRN",1,1,0,1,0,0,1,1,1,1,1,1,1
188,"UKRN01","Full-time","No","Year 1","3","BSc Psychology","Yes","Female","UKRN",1,1,0,0,0,0,1,1,1,1,1,1,1
189,"UKRN01","Full-time","Yes","Year 1","4","Psychology Bsc","Yes","female","UKRN",1,0,NA,NA,1,0,1,1,0,0,1,1,1
190,"UKRN01","Full-time","No","Year 1","3","Psychology","Yes","Female","UKRN",1,0,NA,NA,1,0,1,1,0,0,1,1,1
191,"UKRN01","Full-time","No","Year 1","3","BSc Psychology","Yes","Female","UKRN",1,0,NA,NA,0,0,0,1,0,0,1,1,1
192,"UKRN01","Full-time","Yes","Year 2","4","BSc Psychology","Yes","Female","UKRN",1,1,1,1,0,0,1,1,1,1,1,1,1
193,"UKRN01","Full-time","Yes","Placement Year","4","Psychology BSc","No","female","UKRN",1,1,1,1,0,0,1,1,1,1,1,1,1
194,"UKRN01","Full-time","Yes","Year 1","4","Bsc Psychology","Yes","Female","UKRN",1,0,NA,NA,0,0,1,1,0,0,1,1,1
195,"UKRN01","Full-time","Yes","Year 2","4","Psychology","Yes","Female","UKRN",1,1,0,0,0,0,1,1,1,1,1,1,1
196,"UKRN01","Full-time","Yes","Placement Year","4","BSc Psychology","Yes","Female","UKRN",1,1,1,1,0,0,1,1,1,1,1,1,1
197,"UKRN01","Full-time","Yes","Year 1","4","Psychology Bcs","Yes","female","UKRN",1,0,NA,NA,0,0,1,1,0,0,1,1,1
198,"UKRN01","Full-time","Yes","Year 1","4","BSc psychology","Yes","Female","UKRN",1,0,NA,NA,0,0,1,1,0,0,1,1,1
199,"UKRN01","Full-time","Yes","Year 1","4","Psychology BSc","Yes","female","UKRN",1,1,1,1,0,0,1,1,1,1,1,1,1
200,"UKRN01","Full-time","Yes","Year 2","4","psychology","Yes","female","UKRN",1,0,NA,NA,0,0,1,1,0,0,1,1,1
201,"UKRN01","Full-time","Yes","Year 2","4","Psychology BSc","Yes","Male","UKRN",1,1,1,1,1,1,1,1,1,1,1,1,1
202,"UKRN01","Full-time","Yes","Year 1","4","BSc psychology","Yes","female","UKRN",1,0,NA,NA,1,0,1,1,0,0,1,1,1
203,"UKRN01","Full-time","No","Year 1","3","Psychology Bsc","Yes","Female","UKRN",1,1,1,0,0,0,1,1,1,1,1,1,1
204,"UKRN01","Full-time","No","Year 1","3","Psychology ","No","female","UKRN",1,0,NA,NA,0,0,1,1,0,0,1,1,1
205,"UKRN01","Full-time","Yes","Year 1","4","Psychology Bsc","Yes","Female ","UKRN",1,1,0,0,1,0,1,1,1,1,1,1,1
206,"UKRN01","Full-time","Yes","Year 1","4","BSc Psychology with placement","Yes","Female","UKRN",1,0,NA,NA,0,0,1,1,0,0,1,1,1
207,"UKRN01","Full-time","Yes","Year 1","4","BSc Psychology","Yes","Female","UKRN",1,0,NA,NA,0,0,1,1,0,0,1,1,1
208,"UKRN01","Full-time","Yes","Year 2","4","Psychology","Yes","Female","UKRN",1,1,1,1,0,0,1,1,1,1,1,1,1
209,"UKRN01","Full-time","Yes","Year 2","4","BSc Psychology","Yes","Male","UKRN",1,1,1,1,0,0,1,1,1,1,1,1,1
210,"UKRN01","Full-time","No","Year 1","3","Psychology ","Yes","Female","UKRN",1,0,NA,NA,0,0,1,1,0,0,1,1,1
211,"UKRN01","Full-time","Yes","Year 2","4","Psychology BSc","Yes","Female","UKRN",1,1,1,1,0,1,1,1,1,1,1,1,1
212,"UKRN01","Full-time","Yes","Year 1","4","BSc Psychology","Yes","female","UKRN",1,0,NA,NA,0,0,0,1,0,0,1,1,1
213,"UKRN01","Full-time","Yes","Year 1","4","Psychology BSc (Hons)","Yes","Female","UKRN",1,0,NA,NA,0,0,0,1,0,0,1,1,1
214,"UKRN01","Full-time","No","Year 2","3","psychology ","Yes","female ","UKRN",1,0,NA,NA,1,1,1,1,0,0,1,1,1
215,"UKRN01","Full-time","Yes","Year 2","4","Psychology ","Yes","Male ","UKRN",1,0,NA,NA,0,0,0,1,0,0,1,1,1
216,"UKRN01","Full-time","No","Year 1","3","psychology","No","female","UKRN",1,0,NA,NA,0,0,1,1,0,0,1,1,1
217,"UKRN01","Full-time","Yes","Year 1","4","Psychology BSc","Yes","Female","UKRN",1,0,NA,NA,0,0,0,1,0,0,1,1,1
218,"UKRN01","Full-time","Yes","Year 2","4","BSc Psychology","Yes","Female","UKRN",1,1,1,1,0,1,1,1,1,1,1,1,1
219,"UKRN01","Full-time","Yes","Year 2","4","Psychology ","Yes","Female","UKRN",1,1,1,0,0,0,0,1,1,1,1,1,1
220,"UKRN01","Full-time","Yes","Year 1","4","BSc Psychology ","Yes","Female","UKRN",1,1,0,0,0,0,1,1,1,1,1,1,1
221,"UKRN01","Full-time","Yes","Year 1","4","Psychology","Yes","female","UKRN",1,1,1,1,0,0,1,1,1,1,1,1,1
222,"UKRN01","Full-time","Yes","Placement Year","3","Psychology","Yes","Female","UKRN",1,1,1,1,0,0,0,1,1,1,1,1,1
223,"UKRN01","Full-time","Yes","Year 1","4","Psychology BSc","Yes","Female","UKRN",1,0,NA,NA,0,0,1,1,0,0,1,1,1
224,"UKRN01","Full-time","Yes","Year 1","4","BSc Psychology","No","Male","UKRN",1,0,NA,NA,0,1,1,1,0,0,1,1,1
225,"UKRN01","Full-time","No","Year 2","3","Psychology BSc","Yes","Female","UKRN",1,0,NA,NA,0,0,1,1,0,0,1,1,1
226,"UKRN01","Full-time","Yes","Year 2","4","Psychology","Yes","f","UKRN",1,0,NA,NA,0,0,1,1,0,0,1,1,1
227,"UKRN01","Full-time","Yes","Year 2","4","BSc Psychology","Yes","female","UKRN",1,0,NA,NA,1,0,1,1,0,0,1,1,1
228,"UKRN01","Full-time","Yes","Year 2","4","Psychology","Yes","Female","UKRN",1,0,NA,NA,0,0,1,1,0,0,1,1,1
229,"UKRN01","Full-time","Yes","Year 1","4","Psychology BSc","Yes","Female ","UKRN",1,0,NA,NA,0,0,1,1,0,0,1,1,1
230,"UKRN01","Full-time","Yes","Placement Year","4","BSc Psychology","Yes","Female","UKRN",1,1,1,1,0,0,1,1,1,1,1,1,1
231,"UKRN01","Full-time","Yes","Year 1","4","BSc Psychology ","Yes","Female","UKRN",1,0,NA,NA,0,0,1,1,0,0,1,1,1
232,"UKRN01","Full-time","Yes","Placement Year","4","Psychology BSc","Yes","Female","UKRN",1,0,NA,NA,0,0,1,1,0,0,1,1,1
233,"UKRN01","Full-time","Yes","Year 2","4","Psychology","Yes","female","UKRN",1,1,1,1,0,0,1,1,1,1,1,1,1
234,"UKRN01","Full-time","Yes","Year 1","4","BSc Psychology","Yes","Female","UKRN",1,1,1,0,0,0,1,1,1,1,1,1,1
235,"UKRN01","Full-time","No","Year 2","3","Psychology","Yes","female","UKRN",1,0,NA,NA,1,0,1,1,0,0,1,1,1
236,"UKRN01","Full-time","Yes","Placement Year","4","Psychology","Yes","Female","UKRN",1,1,0,0,1,0,1,1,1,1,1,1,1
237,"UKRN01","Full-time","Yes","Year 1","4","Bsc Psychology","Yes","Female ","UKRN",1,0,NA,NA,0,0,1,1,0,0,1,1,1
238,"UKRN01","Full-time","Yes","Year 2","4","Psychology ","No","Female","UKRN",1,1,1,1,1,1,1,1,1,1,1,1,1
239,"UKRN01","Full-time","Yes","Year 2","4","Psychology","Yes","Male","UKRN",1,1,1,1,1,1,1,1,1,1,1,1,1
240,"UKRN01","Full-time","No","Year 1","3","Psychology","Yes","Female","UKRN",1,0,NA,NA,0,0,1,1,0,0,1,1,1
241,"UKRN01","Full-time","Yes","Year 1","4","psychology ","Yes","female ","UKRN",1,0,NA,NA,0,0,1,1,0,0,1,1,1
242,"UKRN01","Full-time","Yes","Year 2","3","psychology Bsc","No","female","UKRN",1,1,0,0,0,0,1,1,1,1,1,1,1
243,"UKRN01","Full-time","No","Year 1","3","Psychology BSc","No","Female","UKRN",1,1,0,1,0,0,1,1,1,1,1,1,1
244,"UKRN01","Full-time","Yes","Placement Year","4","Psychology BSc","Yes","Female","UKRN",1,1,0,1,0,0,1,1,1,1,1,1,1
245,"UKRN01","Full-time","Yes","Year 1","4","Psychology BSc","No","female","UKRN",1,0,NA,NA,0,0,1,1,0,0,1,1,1
246,"UKRN01","Full-time","Yes","Year 1","4","Psychology","Yes","Female","UKRN",1,0,NA,NA,0,0,1,1,0,0,1,1,1
247,"UKRN01","Full-time","Yes","Placement Year","4","Bsc Psychology","No","Male","UKRN",1,1,1,0,1,1,1,1,1,1,1,1,1
248,"UKRN01","Full-time","Yes","Placement Year","4","psychology","Yes","Male ","UKRN",1,0,NA,NA,0,1,1,1,0,0,1,1,1
249,"UKRN01","Full-time","Yes","Year 1","4","BSc Psychology","Yes","Male","UKRN",1,1,0,1,0,0,0,1,1,1,1,1,1
250,"UKRN01","Full-time","Yes","Year 1","4","Psychology","Yes","Female","UKRN",1,1,0,0,1,0,1,1,1,1,1,1,1
251,"UKRN01","Full-time","Yes","Final Year","4","Psychology BSc","Yes","Female","UKRN",1,1,1,1,0,0,1,1,1,1,1,1,1
252,"UKRN01","Full-time","Yes","Year 2","3","Psychology BSc ","No","Female","UKRN",1,0,NA,NA,0,0,1,1,0,0,1,1,1
253,"UKRN01","Full-time","No","Year 1","3","Psychology","Yes","Female","UKRN",1,0,NA,NA,0,0,1,1,0,0,1,1,1
254,"UKRN01","Full-time","Yes","Placement Year","4","Bsc Psychology","No","Female","UKRN",1,0,NA,NA,0,0,1,1,0,0,1,1,1
255,"UKRN01","Full-time","No","Year 1","3","Psychology Bsc (Hons)","Yes","Female","UKRN",1,0,NA,NA,0,0,1,1,0,0,1,1,1
256,"UKRN01","Full-time","Yes","Placement Year","4","Psychology","Yes","Female","UKRN",1,0,NA,NA,0,0,1,1,0,0,1,1,1
257,"UKRN01","Full-time","Yes","Year 1","4","Psychology BSc","Yes","Female","UKRN",1,0,NA,NA,0,0,0,1,0,0,1,1,1
258,"UKRN01","Full-time","No","Year 2","2","Psychology BSc","Yes","Female","UKRN",1,1,1,1,0,1,1,1,1,1,1,1,1
259,"UKRN01","Full-time","Yes","Placement Year","4","Psychology","Yes","Female","UKRN",1,1,1,1,0,0,1,1,1,1,1,1,1
260,"UKRN01","Full-time","Yes","Placement Year","4","Psychology BSc","Yes","Female","UKRN",1,1,1,1,0,0,1,1,1,1,1,1,1
261,"UKRN01","Full-time","Yes","Year 1","4","Psychology","Yes","female","UKRN",1,1,0,0,0,0,1,1,1,1,1,1,1
262,"UKRN01","Full-time","No","Year 2","3","psychology","Yes","female","UKRN",1,1,1,0,1,1,1,1,1,1,1,1,1
263,"UKRN01","Full-time","Yes","Year 2","3","Psychology BSc","No","Female","UKRN",1,0,NA,NA,1,1,1,1,0,0,1,1,1
264,"UKRN01","Full-time","Yes","Year 2","3","Psychology BSc","No","Female","UKRN",1,1,0,NA,1,1,1,1,1,0,1,1,1
265,"UKRN01","Full-time","Yes","Year 2","3","Psychology BSc","No","Female","UKRN",1,1,0,NA,1,1,1,1,1,0,1,1,1
266,"UKRN01","Full-time","Yes","Placement Year","4","BSc Psychology with placement year","Yes","female","UKRN",1,1,1,0,0,0,1,1,1,1,1,1,1
267,"UKRN01","Full-time","Yes","Year 1","4","Psychology","Yes","Female","UKRN",1,1,0,1,0,0,1,1,1,1,1,1,1
268,"UKRN01","Full-time","Yes","Year 2","4","Bsc Psychology","Yes","female","UKRN",1,1,1,1,1,1,1,1,1,1,1,1,1
269,"UKRN01","Full-time","Yes","Year 1","4","Psychology","Yes","Female","UKRN",1,0,NA,NA,0,0,1,1,0,0,1,1,1
270,"UKRN01","Full-time","Yes","Year 1","4","Psychology","Yes","Female","UKRN",1,0,NA,NA,1,0,1,1,0,0,1,1,1
271,"UKRN01","Full-time","Yes","Year 1","4","Psychology ","Yes","Female ","UKRN",1,1,0,NA,0,0,1,1,1,0,1,1,1
272,"UKRN01","Full-time","Yes","Year 1","4","Psychology ","Yes","Female","UKRN",1,0,NA,NA,0,0,1,1,0,0,1,1,1
273,"UKRN01","Full-time","Yes","Year 1","4","Psychology","Yes","Male","UKRN",1,0,NA,NA,0,0,1,1,0,0,1,1,1
274,"UKRN01","Full-time","No","Year 2","3","Undergraduate Psychology","No","Female","UKRN",1,1,1,1,1,1,1,1,1,1,1,1,1
275,"UKRN01","Full-time","Yes","Year 1","4","psychology ","Yes","female","UKRN",1,0,NA,NA,0,0,1,1,0,0,1,1,1
276,"UKRN01","Full-time","Yes","Year 1","4","psychology ","Yes","female ","UKRN",1,0,NA,NA,0,0,1,1,0,0,1,1,1
277,"UKRN01","Full-time","Yes","Year 1","4","psychology bsc","Yes","female","UKRN",1,0,NA,NA,0,0,1,1,0,0,1,1,1
278,"UKRN01","Full-time","Yes","Year 1","4","Psychology","Yes","Female","UKRN",1,1,0,1,0,0,1,1,1,1,1,1,1
279,"UKRN01","Full-time","Yes","Year 1","4","psychology bsc","Yes","female","UKRN",1,0,NA,NA,0,0,1,1,0,0,1,1,1
280,"UKRN01","Full-time","Yes","Year 1","3","Psychology BSc","Yes","female","UKRN",1,0,NA,NA,0,0,0,1,0,0,1,1,1
281,"UKRN01","Full-time","Yes","Year 1","4","Psychology Bsc","Yes","Female","UKRN",1,0,NA,NA,0,0,1,1,0,0,1,1,1
282,"UKRN06","Full-time","No","Year 2","3","BSc Psychology ","Yes","Female ","UKRN",1,1,1,1,1,1,1,1,1,1,1,1,1
283,"UKRN06","Full-time","No","Year 1","3","Psychology","No","Female","UKRN",1,1,1,1,1,1,1,1,1,1,1,1,1
284,"UKRN06","Full-time","No","Year 2","3","Psychology BSc","Yes","Female","UKRN",1,1,1,1,0,0,1,1,1,1,1,1,1
285,"UKRN06","Full-time","Yes","Placement Year","3","BSc Experimental Psychology","Yes","f","UKRN",1,1,1,1,0,1,1,1,1,1,1,1,1
286,"UKRN06","Full-time","No","Final Year","3","Experimental psychology","Yes","Male","UKRN",1,1,1,1,1,1,1,1,1,1,1,1,1
287,"UKRN06","Full-time","No","Year 1","3","BSc Psychology","Yes","Female ","UKRN",1,1,0,0,0,0,1,1,1,1,1,1,1
288,"UKRN06","Full-time","No","Year 2","3","BSc psychology ","Yes","Female ","UKRN",1,1,1,1,1,1,1,1,1,1,1,1,1
289,"UKRN06","Full-time","No","Final Year","3","Psychological Science","Yes","Female","UKRN",1,1,1,1,0,0,1,1,1,1,1,1,1
290,"UKRN06","Full-time","No","Year 1","3","Bsc psychology","Yes","Female","UKRN",1,0,NA,NA,0,0,1,1,0,0,1,1,1
291,"UKRN06","Full-time","No","Final Year","4","BSc psychology","No","Female","UKRN",1,1,1,1,1,0,1,1,1,1,1,1,1
292,"UKRN06","Full-time","No","Year 1","3","Psychology (BSc)","No","female","UKRN",1,0,NA,NA,0,0,1,1,0,0,1,1,1
293,"UKRN06","Full-time","No","Year 2","3","Psychology","Yes","Female","UKRN",1,1,1,0,1,1,1,1,1,1,1,1,1
294,"UKRN06","Full-time","No","Year 2","4","Psychology with Innovation","Yes","Female","UKRN",1,1,1,1,1,1,1,1,1,1,1,1,1
295,"UKRN06","Full-time","No","Year 1","3","Psychology","Yes","female","UKRN",1,1,0,0,0,1,1,1,1,1,1,1,1
296,"UKRN06","Full-time","No","Final Year","3","Psychological Science","Yes","Male","UKRN",1,1,1,1,0,0,1,1,1,1,1,1,1
297,"UKRN01","Full-time","Yes","Placement Year","4","psychology","No","female","UKRN",1,1,1,NA,0,0,1,1,1,0,1,1,1
298,"UKRN03","Full-time","No","Year 2","3","BSc Psychology","Yes","Female ","UKRN",1,0,NA,NA,0,0,1,1,0,0,1,1,1
299,"UKRN06","Full-time","No","Year 1","3","Psychology BsC","Yes","Male","UKRN",1,1,1,1,0,0,1,1,1,1,1,1,1
300,"UKRN06","Full-time","No","Final Year","3","Psychology","Yes","Female","UKRN",1,1,1,1,1,1,1,1,1,1,1,1,1
301,"UKRN06","Full-time","No","Year 1","3","Psychology (BSc)","No","Female","UKRN",1,1,1,1,0,0,1,1,1,1,1,1,1
302,"UNI04","Full-time","No","Final Year","4","BSc Psychology with a year abroad","Yes","Female","Non-UKRN",1,1,1,1,0,0,1,1,1,1,1,1,1
303,"UNI04","Full-time","No","Final Year","3","PSYCHOLOGY","Yes","FEMALE","Non-UKRN",1,1,0,0,0,0,1,1,1,1,1,1,1
304,"UNI04","Full-time","No","Final Year","3","Psychology","No","Female","Non-UKRN",1,0,NA,NA,1,0,1,1,0,0,1,1,1
305,"UNI04","Full-time","No","Final Year","3","Bsc Psychology","Yes","female ","Non-UKRN",1,1,1,1,0,0,0,1,1,1,1,1,1
306,"UNI04","Full-time","No","Final Year","4","Psychology with a year abroad","Yes","Female","Non-UKRN",1,1,0,NA,0,0,1,1,1,0,1,1,1
307,"UKRN01","Full-time","Yes","Year 1","4","Psychology BSc","Yes","Male","UKRN",1,0,NA,NA,0,0,1,1,0,0,1,1,1
308,"UKRN01","Full-time","Yes","Year 1","3","Psychology","Yes","Male","UKRN",1,0,NA,NA,0,0,1,1,0,0,1,1,1
309,"UKRN01","Full-time","No","Year 2","3","Psychology BSc","Yes","Male","UKRN",1,1,0,NA,0,0,0,1,1,0,1,1,1
310,"UNI07","Full-time","No","Year 2","3","Psychology","No","Female","Non-UKRN",1,0,NA,NA,0,0,1,1,0,0,1,1,1
311,"UNI07","Full-time","Yes","Year 2","3","BSc Psychology ","Yes","Female","Non-UKRN",1,0,NA,NA,0,0,1,1,0,0,1,1,1
312,"UNI07","Full-time","No","Year 2","3","BSc Psychology ","Yes","Female ","Non-UKRN",1,0,NA,NA,0,0,1,1,0,0,1,1,1
313,"UNI07","Full-time","No","Year 2","3","Psychology ","Yes","Female ","Non-UKRN",1,0,NA,NA,0,0,1,1,0,0,1,1,1
314,"UNI07","Full-time","No","Year 2","3","Abnormal and clinical psychology","No","Female ","Non-UKRN",1,0,NA,NA,0,0,1,1,0,0,1,1,1
315,"UNI07","Full-time","No","Year 2","3","Psychology ","No","Female","Non-UKRN",1,1,1,0,0,0,1,1,1,1,1,1,1
316,"UNI07","Full-time","No","Year 2","3","abnormal and clinical psychology","Yes","female","Non-UKRN",1,0,NA,NA,0,0,1,1,0,0,1,1,1
317,"UKRN08","Full-time","No","Final Year","3","Bsc Psychology","Yes","Female","UKRN",1,1,1,1,0,0,1,1,1,1,1,1,1
318,"UKRN08","Full-time","No","Final Year","3","BSc Psychology ","Yes","Female","UKRN",1,1,1,1,1,0,1,1,1,1,1,1,1
319,"UKRN08","Full-time","Yes","Year 2","3","Psychology ","Yes","Female ","UKRN",1,1,1,1,1,1,1,1,1,1,1,1,1
320,"UKRN08","Full-time","No","Final Year","3","Psychology ","Yes","Female","UKRN",1,1,1,1,1,1,1,1,1,1,1,1,1
321,"UNI07","Full-time","No","Year 2","3","Psychology Bsc","No","Female ","Non-UKRN",1,0,NA,NA,0,0,1,1,0,0,1,1,1
322,"UKRN05","Full-time","No","Year 1","3","Psychology Bsc","Yes","Female ","UKRN",1,0,NA,NA,0,0,1,1,0,0,1,1,1
323,"UKRN05","Full-time","Yes","Year 1","3","Psychology ","Yes","Female ","UKRN",1,1,0,0,0,0,1,1,1,1,1,1,1
325,"UKRN05","Full-time","No","Year 1","3","Psychology","Yes","Female","UKRN",1,0,NA,NA,0,0,1,1,0,0,1,1,1
326,"UKRN05","Full-time","Yes","Year 1","4","Psychology BSc","Yes","female","UKRN",1,0,NA,NA,1,0,1,1,0,0,1,1,1
327,"UKRN05","Full-time","No","Year 1","3","psychology","No","female","UKRN",1,1,1,1,0,0,1,1,1,1,1,1,1
328,"UKRN05","Full-time","No","Year 1","3","Psychology Bsc","No","female","UKRN",1,1,0,1,0,0,1,1,1,1,1,1,1
329,"UKRN05","Full-time","No","Year 1","3","Psychology Bsc","No","Female","UKRN",1,0,NA,NA,0,0,1,1,0,0,1,1,1
330,"UKRN03","Full-time","No","Year 1","3","psychology bcc","Yes","female","UKRN",1,NA,NA,NA,NA,NA,NA,0,0,0,0,0,0
331,"UKRN08","Full-time","Yes","Year 1","4","Psychology ","Yes","Female ","UKRN",1,1,1,1,1,1,1,1,1,1,1,1,1
332,"UKRN06","Full-time","No","Year 2","3","Psychology BSc","Yes","Female","UKRN",1,1,1,0,1,1,1,1,1,1,1,1,1
333,"UKRN06","Full-time","No","Year 2","3","Bsc Psychology ","No","Male","UKRN",1,NA,NA,NA,NA,NA,NA,0,0,0,0,0,0
334,"UKRN05","Full-time","No","Year 1","3","Psychology BSc","No","Female","UKRN",1,0,NA,NA,0,0,1,1,0,0,1,1,1
335,"UKRN01","Full-time","No","Year 2","3","Psychology BSc (Hons)","Yes","Female","UKRN",1,0,NA,NA,0,0,1,1,0,0,1,1,1
336,"UKRN05","Full-time","No","Year 1","3","BSc Psychology","Yes","Non-Binary","UKRN",1,0,NA,NA,0,0,0,1,0,0,1,1,1
337,"UKRN05","Full-time","No","Year 1","3","Psychology BSc","Yes","woman","UKRN",1,0,NA,NA,0,0,1,1,0,0,1,1,1
338,"UKRN01","Full-time","Yes","Year 1","3","Psychology","Yes","Male","UKRN",1,0,NA,NA,0,0,1,1,0,0,1,1,1
339,"UKRN01","Full-time","Yes","Year 1","3","Psychology","Yes","Male","UKRN",1,1,0,0,0,0,1,1,1,1,1,1,1
340,"UKRN05","Full-time","No","Year 1","3","Psychology","Yes","Female","UKRN",1,0,NA,NA,0,0,1,1,0,0,1,1,1
341,"UNI19","Full-time","No","Final Year","3","BSc Psychology ","Yes","Female","Non-UKRN",1,1,1,1,0,0,1,1,1,1,1,1,1
342,"UNI19","Full-time","No","Final Year","3","Psychology","Yes","F","Non-UKRN",1,1,0,NA,0,0,1,1,1,0,1,1,1
343,"UNI19","Full-time","No","Year 2","3","Psychology","No","Female","Non-UKRN",1,0,NA,NA,0,0,1,1,0,0,1,1,1
344,"UNI19","Full-time","No","Year 2","3","Psychology","No","Male","Non-UKRN",1,1,1,1,0,0,1,1,1,1,1,1,1
345,"UNI21","Full-time","Other (Please specify)","Year 2","3","BSc Psychology","No","Female","Non-UKRN",1,1,1,1,0,0,1,1,1,1,1,1,1
346,"UNI21","Full-time","No","Final Year","3","BSc Psychology ","No","Female ","Non-UKRN",1,1,1,1,0,1,1,1,1,1,1,1,1
347,"UNI21","Full-time","Other (Please specify)","Year 1","3","BSc Psychology ","No","Female","Non-UKRN",1,1,1,1,0,0,1,1,1,1,1,1,1
348,"UNI21","Full-time","No","Final Year","3","Psychology BSc (Hons)","No","Female","Non-UKRN",1,0,NA,NA,0,0,1,1,0,0,1,1,1
349,"UNI21","Full-time","Other (Please specify)","Year 2","3","Psychology ","No","Female ","Non-UKRN",1,1,1,0,0,0,0,1,1,1,1,1,1
350,"UNI21","Full-time","Other (Please specify)","Placement Year","3","BSc psychology","Yes","Male","Non-UKRN",1,1,1,1,0,0,1,1,1,1,1,1,1
351,"UNI21","Full-time","Yes","Year 1","3","Psychology ","No","Female ","Non-UKRN",1,0,NA,NA,0,0,1,1,0,0,1,1,1
352,"UNI19","Full-time","No","Final Year","3","BSc Psychology","Yes","female","Non-UKRN",1,1,1,1,1,0,1,1,1,1,1,1,1
353,"UNI21","Full-time","Yes","Year 2","3","Psychology bsc","No","Female","Non-UKRN",1,1,1,NA,0,0,1,1,1,0,1,1,1
354,"UNI19","Full-time","No","Year 1","3","BSc Psychology ","No","female","Non-UKRN",1,0,NA,NA,0,0,1,1,0,0,1,1,1
355,"UNI21","Full-time","Other (Please specify)","Placement Year","3","BSc (Hons) Psychology","Yes","Female","Non-UKRN",1,1,0,1,1,1,1,1,1,1,1,1,1
356,"UNI20","Full-time","Other (Please specify)","Year 2","3","Psychology BSc","No","Female ","Non-UKRN",1,0,NA,NA,0,0,1,1,0,0,1,1,1
357,"UNI20","Full-time","No","Final Year","3","Bsc (Hons) Psychology ","No","Female ","Non-UKRN",1,0,NA,NA,1,0,1,1,0,0,1,1,1
358,"UNI21","Full-time","No","Year 2","3","BSc Psychology ","No","Female","Non-UKRN",1,1,0,1,0,0,1,1,1,1,1,1,1
359,"UNI21","Full-time","Other (Please specify)","Year 1","3","Psychology ","No","Female","Non-UKRN",1,1,0,1,1,1,1,1,1,1,1,1,1
360,"UNI21","Full-time","Other (Please specify)","Year 1","3","Psychology ","No","Female ","Non-UKRN",1,1,1,1,0,0,1,1,1,1,1,1,1
361,"UNI19","Full-time","No","Year 1","3","Psychology ","No","female ","Non-UKRN",1,0,NA,NA,1,0,1,1,0,0,1,1,1
362,"UNI22","Full-time","No","Year 1","3","Psychology with Counselling","No","Demiguy","Non-UKRN",1,0,NA,NA,0,0,1,1,0,0,1,1,1
363,"UNI22","Full-time","No","Final Year","4","Psychology BSc","Yes","Male","Non-UKRN",1,1,1,0,1,1,1,1,1,1,1,1,1
364,"UNI22","Full-time","No","Year 2","3","Psychology ","Yes","Male ","Non-UKRN",1,1,1,0,0,1,1,1,1,1,1,1,1
365,"UNI21","Full-time","Yes","Year 1","3","Psychology ","No","Female","Non-UKRN",1,1,1,1,1,1,1,1,1,1,1,1,1
366,"UNI21","Full-time","Yes","Placement Year","3","Psychology ","Yes","Female","Non-UKRN",1,0,NA,NA,0,0,1,1,0,0,1,1,1
367,"UNI19","Full-time","No","Final Year","3","BSc Psychology","Yes","Female","Non-UKRN",1,0,NA,NA,0,0,1,1,0,0,1,1,1
368,"UNI22","Full-time","Yes","Year 2","3","Psychology with Behaviour Analysis ","Yes","Female","Non-UKRN",1,0,NA,NA,0,0,1,1,0,0,1,1,1
369,"UNI19","Full-time","No","Year 2","3","Psychology Bsc","Yes","Female","Non-UKRN",1,1,1,1,0,1,1,1,1,1,1,1,1
370,"UNI21","Full-time","Yes","Year 2","4","Psychology","No","Female","Non-UKRN",1,1,1,1,0,0,1,1,1,1,1,1,1
371,"UNI21","Full-time","Other (Please specify)","Placement Year","3","Psychology/ Psychology with year of professional placement ","No","male","Non-UKRN",1,1,1,1,1,0,1,1,1,1,1,1,1
372,"UNI21","Full-time","No","Final Year","3","BScHons Psychology","No","Female","Non-UKRN",1,1,1,0,0,0,1,1,1,1,1,1,1
373,"UNI22","Full-time","No","Year 2","3","\psychology with criminology","Yes","female","Non-UKRN",1,1,0,0,1,0,1,1,1,1,1,1,1
374,"UKRN05","Full-time","No","Year 1","3","BSc psychology ","No","Female ","UKRN",1,0,NA,NA,0,0,0,1,0,0,1,1,1
375,"UNI19","Full-time","No","Year 2","3","Psychology","Yes","Female","Non-UKRN",1,0,NA,NA,0,0,0,1,0,0,1,1,1
376,"UNI22","Full-time","No","Year 2","3","Psychology BSc","Yes","Female","Non-UKRN",1,0,NA,NA,0,0,1,1,0,0,1,1,1
377,"UNI19","Full-time","No","Year 2","3","Psychology ","Yes","Female ","Non-UKRN",1,1,0,1,0,0,1,1,1,1,1,1,1
378,"UNI19","Full-time","No","Final Year","3","BSc Psychology","Yes","Male","Non-UKRN",1,1,0,1,0,0,1,1,1,1,1,1,1
379,"UNI22","Full-time","No","Year 2","3","psychology with developmental disorders","No","female","Non-UKRN",1,1,0,0,0,0,1,1,1,1,1,1,1
380,"UNI20","Full-time","No","Year 2","3","Psychology ","Yes","Female","Non-UKRN",1,0,NA,NA,1,1,1,1,0,0,1,1,1
381,"UNI22","Full-time","No","Year 1","3","Psychology with behavioural analysis","Yes","Female","Non-UKRN",1,1,0,1,0,0,1,1,1,1,1,1,1
382,"UNI21","Full-time","No","Year 1","3","Psychology BSc","Yes","Female","Non-UKRN",1,0,NA,NA,0,0,1,1,0,0,1,1,1
383,"UKRN05","Full-time","Other (Please specify)","Year 1","3","BSc psychology ","Yes","Female","UKRN",1,0,NA,NA,0,0,1,1,0,0,1,1,1
384,"UNI24","Full-time","No","Final Year","3","Psychology","Yes","Female","Non-UKRN",1,1,1,0,0,0,1,1,1,1,1,1,1
385,"UNI24","Full-time","No","Year 1","3","Psychology and criminology ","Yes","Female ","Non-UKRN",1,1,0,0,0,0,1,1,1,1,1,1,1
386,"UNI24","Full-time","No","Year 2","3","Psychology ","No","Female","Non-UKRN",1,0,NA,NA,0,0,1,1,0,0,1,1,1
387,"UNI24","Full-time","Other (Please specify)","Year 1","3","Psychology ","Yes","Female ","Non-UKRN",1,0,NA,NA,0,0,1,1,0,0,1,1,1
388,"UNI24","Full-time","No","Year 1","3","Psychology ","No","Female","Non-UKRN",1,0,NA,NA,1,0,1,1,0,0,1,1,1
389,"UNI24","Full-time","No","Year 1","3","Psychology ","No","Female","Non-UKRN",1,0,NA,NA,0,0,1,1,0,0,1,1,1
390,"UNI24","Full-time","No","Year 1","3","Psychology and Criminology","Yes","Female","Non-UKRN",1,0,NA,NA,0,0,1,1,0,0,1,1,1
391,"UNI24","Full-time","No","Year 1","3","Psychology and criminology ","Yes","Female","Non-UKRN",1,0,NA,NA,0,0,1,1,0,0,1,1,1
392,"UNI24","Full-time","Yes","Year 1","3","Psychology of sport","Yes","Male","Non-UKRN",1,0,NA,NA,0,0,0,1,0,0,1,1,1
393,"UKRN01","Full-time","Yes","Year 1","4","Psychology BSc","Yes","Female","UKRN",1,0,NA,NA,0,0,1,1,0,0,1,1,1
394,"UNI24","Full-time","No","Year 1","1","Media Psychology","No","Male","Non-UKRN",1,0,NA,NA,0,0,1,1,0,0,1,1,1
395,"UNI24","Full-time","No","Year 1","3","Psychology ","No","Female ","Non-UKRN",1,0,NA,NA,1,0,0,1,0,0,1,1,1
396,"UNI24","Full-time","No","Year 1","3","Psychology of Human and Animal Behaviour","No","Female","Non-UKRN",1,0,NA,NA,0,0,1,1,0,0,1,1,1
397,"UNI22","Full-time","No","Year 2","3","Psychology with Behaviour Analysis","Yes","Female","Non-UKRN",1,0,NA,NA,0,0,0,1,0,0,1,1,1
398,"UNI21","Full-time","Yes","Year 2","4","Psychology of Ageing","Yes","Female ","Non-UKRN",1,0,NA,NA,0,0,1,1,0,0,1,1,1
399,"UNI24","Full-time","No","Year 1","3","Psychology","Yes","Female","Non-UKRN",1,0,NA,NA,0,0,1,1,0,0,1,1,1
400,"UKRN03","Full-time","No","Year 1","3","Bsc Psychology","Yes","Female","UKRN",1,0,NA,NA,0,0,1,1,0,0,1,1,1
401,"UNI19","Full-time","No","Year 2","3","Psychology ","Yes","Female ","Non-UKRN",1,0,NA,NA,0,0,1,1,0,0,1,1,1
402,"UKRN03","Full-time","No","Year 2","3","Criminology and Psychology","Yes","Female ","UKRN",1,1,1,1,0,0,1,1,1,1,1,1,1
403,"UNI19","Full-time","Yes","Year 2","3","BSc Hons Psychology ","Yes","Female","Non-UKRN",1,0,NA,NA,0,1,1,1,0,0,1,1,1
404,"UKRN03","Full-time","No","Year 1","3","Psychology Bsc (Hons)","No","Female","UKRN",1,0,NA,NA,0,0,1,1,0,0,1,1,1
405,"UKRN03","Full-time","No","Final Year","3","BSc (hons) Psychology","No","Woman","UKRN",1,1,1,1,1,1,1,1,1,1,1,1,1
406,"UKRN03","Full-time","No","Year 1","4","MPsych Hons ","Yes","Female","UKRN",1,0,NA,NA,1,1,0,1,0,0,1,1,1
407,"UNI24","Full-time","No","Year 2","3","Psychology and Criminology","Yes","Female","Non-UKRN",1,0,NA,NA,0,0,1,1,0,0,1,1,1
408,"UKRN03","Full-time","Other (Please specify)","Year 1","4","Psychology and French Studies","Yes","Female ","UKRN",1,1,0,1,0,0,1,1,1,1,1,1,1
409,"UKRN03","Full-time","No","Final Year","3","BSc Psychology","Yes","Female","UKRN",1,1,1,1,0,0,1,1,1,1,1,1,1
410,"UNI21","Full-time","No","Final Year","3","BSc Psychology","Yes","Female","Non-UKRN",1,1,1,1,0,0,1,1,1,1,1,1,1
411,"UKRN03","Full-time","No","Year 1","3","Psychology Bsc","Yes","Female","UKRN",1,1,1,1,0,0,1,1,1,1,1,1,1
412,"UNI19","Full-time","No","Year 2","3","Psychology","No","female ","Non-UKRN",1,1,1,0,0,0,1,1,1,1,1,1,1
413,"UNI22","Full-time","No","Year 2","3","Sports psychology bsc ","No","Female ","Non-UKRN",1,1,0,0,0,0,1,1,1,1,1,1,1
414,"UNI25","Full-time","No","Final Year","3","Psychology with Counselling","No","Female","Non-UKRN",1,0,NA,NA,0,0,1,1,0,0,1,1,1
415,"UKRN03","Full-time","No","Year 1","3","BA (hons) Psychology","Yes","Female","UKRN",1,1,1,1,0,0,1,1,1,1,1,1,1
416,"UNI24","Full-time","No","Final Year","3","Psychology","Yes","Female","Non-UKRN",1,0,NA,NA,0,0,1,1,0,0,1,1,1
417,"UKRN03","Full-time","Other (Please specify)","Year 1","4","Psychology and Spanish studies ","No","Female ","UKRN",1,1,0,NA,0,0,1,1,1,0,1,1,1
418,"UNI25","Full-time","Other (Please specify)","Year 2","3","Psychology ","Yes","Female ","Non-UKRN",1,1,1,0,0,1,0,1,1,1,1,1,1
419,"UNI24","Full-time","No","Year 2","3","BSc Psychology","Yes","Female","Non-UKRN",1,0,NA,NA,0,0,1,1,0,0,1,1,1
420,"UKRN03","Full-time","No","Final Year","3","BSc Psychology","Yes","Female","UKRN",1,1,1,NA,1,1,1,1,1,0,1,1,1
421,"UKRN03","Full-time","No","Year 1","3","Psychology ","No","Female","UKRN",1,0,NA,NA,0,0,1,1,0,0,1,1,1
422,"UNI25","Full-time","No","Final Year","3","Psychology with counselling ","Yes","Female ","Non-UKRN",1,1,0,NA,0,0,1,1,1,0,1,1,1
423,"UNI25","Full-time","No","Year 2","3","Psychology","Yes","Female","Non-UKRN",1,1,1,1,0,1,1,1,1,1,1,1,1
424,"UKRN03","Full-time","No","Final Year","3","Psychology ","Yes","Female","UKRN",1,1,1,1,0,1,1,1,1,1,1,1,1
425,"UKRN03","Full-time","No","Final Year","3","BA Management and Psychology","No","Female","UKRN",1,0,NA,NA,0,0,1,1,0,0,1,1,1
426,"UKRN03","Full-time","No","Final Year","3","Psychology ","Yes","Female ","UKRN",1,1,1,1,0,0,0,1,1,1,1,1,1
427,"UNI25","Full-time","No","Year 2","3","Psychology","Yes","Female","Non-UKRN",1,1,1,1,0,1,1,1,1,1,1,1,1
428,"UNI22","Full-time","No","Year 2","3","Psychology with Counselling","No","Female","Non-UKRN",1,1,1,0,0,0,1,1,1,1,1,1,1
429,"UKRN03","Full-time","No","Year 1","3","Bachelor of Science in Psychology and Linguistics ","No","Male","UKRN",1,1,0,0,0,0,1,1,1,1,1,1,1
430,"UNI25","Full-time","No","Year 2","3","Psychology with Counselling","Yes","Female","Non-UKRN",1,1,1,0,1,1,1,1,1,1,1,1,1
431,"UNI21","Full-time","Yes","Placement Year","3","BSC Psychology","Yes","female","Non-UKRN",1,1,1,1,0,0,1,1,1,1,1,1,1
432,"UNI25","Full-time","No","Final Year","3","Psychology ","Yes","Female","Non-UKRN",1,1,1,1,0,0,0,1,1,1,1,1,1
433,"UKRN03","Full-time","No","Final Year","3","BSc Psychology","Yes","Female","UKRN",1,1,1,1,0,0,1,1,1,1,1,1,1
434,"UNI25","Full-time","No","Final Year","3","Psychology BSc","Yes","","Non-UKRN",1,1,0,1,0,0,1,1,1,1,1,1,1
435,"UNI21","Full-time","Yes","Year 1","3","Psychology BSC","No","female","Non-UKRN",1,0,NA,NA,0,0,1,1,0,0,1,1,1
436,"UKRN03","Full-time","No","Year 2","3","Psychology ","Yes","Female","UKRN",1,1,1,1,0,0,1,1,1,1,1,1,1
437,"UNI24","Full-time","No","Final Year","3","Psychology and Criminology ","Yes","Female","Non-UKRN",1,0,NA,NA,0,0,1,1,0,0,1,1,1
438,"UKRN03","Full-time","No","Year 1","3","psychology ","Yes","female","UKRN",1,0,NA,NA,0,0,1,1,0,0,1,1,1
439,"UKRN03","Full-time","No","Year 1","3","BA (Hons) Criminology and Psychology ","No","Female","UKRN",1,0,NA,NA,1,0,1,1,0,0,1,1,1
440,"UKRN03","Full-time","No","Final Year","3","Psychology ","Yes","Female ","UKRN",1,1,1,1,0,0,1,1,1,1,1,1,1
441,"UNI20","Full-time","Other (Please specify)","Placement Year","3","BSc Psychology","Yes","Female","Non-UKRN",1,0,NA,NA,1,0,1,1,0,0,1,1,1
442,"UNI25","Full-time","No","Year 1","3","Psychology with Counselling ","No","Female ","Non-UKRN",1,0,NA,NA,0,0,0,1,0,0,1,1,1
443,"UKRN03","Full-time","No","Year 1","3","BCs Psychology","Yes","Female","UKRN",1,1,1,1,0,0,1,1,1,1,1,1,1
444,"UNI21","Full-time","No","Final Year","3","Psychology","Yes","Female","Non-UKRN",1,1,0,0,0,0,1,1,1,1,1,1,1
445,"UKRN03","Full-time","No","Year 2","3","Psychology ","Yes","Female ","UKRN",1,1,1,1,0,0,1,1,1,1,1,1,1
446,"UNI25","Full-time","No","Final Year","3","Psychology ","Yes","Female","Non-UKRN",1,0,NA,NA,0,0,1,1,0,0,1,1,1
447,"UKRN03","Full-time","No","Year 2","3","Psychology","Yes","female","UKRN",1,1,1,NA,0,1,1,1,1,0,1,1,1
448,"UNI24","Full-time","No","Year 1","3","Psychology Bsc","No","Female","Non-UKRN",1,0,NA,NA,0,0,1,1,0,0,1,1,1
449,"UNI22","Full-time","No","Year 1","3","Psychology ","Yes","Female","Non-UKRN",1,0,NA,NA,0,0,1,1,0,0,1,1,1
450,"UNI21","Full-time","Other (Please specify)","Year 2","3","BcS Psychology","No","Female","Non-UKRN",1,0,NA,NA,0,0,1,1,0,0,1,1,1
451,"UNI19","Full-time","No","Final Year","3","Psychology (PX)","Yes","Non-Binary","Non-UKRN",1,0,NA,NA,1,0,1,1,0,0,1,1,1
452,"UKRN03","Full-time","No","Year 2","3","Psychology","Yes","Female","UKRN",1,1,0,1,1,1,1,1,1,1,1,1,1
453,"UNI22","Full-time","No","Year 2","3","Sport and Exercise Psychology","Yes","Female","Non-UKRN",1,0,NA,NA,1,0,1,1,0,0,1,1,1
454,"UNI21","Full-time","No","Year 1","3","Psychology","Yes","Female","Non-UKRN",1,1,1,0,0,0,1,1,1,1,1,1,1
455,"UNI22","Full-time","No","Year 1","3","Psychology with Counselling ","Yes","Female ","Non-UKRN",1,1,1,NA,0,1,1,1,1,0,1,1,1
456,"UNI20","Full-time","Yes","Year 1","3","Bcs hons psychology ","Yes","female","Non-UKRN",1,0,NA,NA,0,0,1,1,0,0,1,1,1
457,"UNI25","Full-time","No","Final Year","3","Psychology ","Yes","Female ","Non-UKRN",1,1,1,1,0,0,1,1,1,1,1,1,1
458,"UKRN03","Full-time","No","Year 2","3","BSc (Hons) Psychology","Yes","Female","UKRN",1,1,1,1,1,1,1,1,1,1,1,1,1
459,"UNI25","Full-time","No","Year 1","3","Psychology ","No","Female","Non-UKRN",1,0,NA,NA,0,0,1,1,0,0,1,1,1
460,"UNI24","Full-time","No","Final Year","3","Psychology and Criminology BSc","Yes","Female","Non-UKRN",1,0,NA,NA,0,0,1,1,0,0,1,1,1
461,"UNI21","Full-time","Other (Please specify)","Placement Year","3","BSc Psychology","No","Female","Non-UKRN",1,1,1,0,0,0,1,1,1,1,1,1,1
462,"UNI24","Full-time","No","Year 1","3","Psychology ","Yes","Female ","Non-UKRN",1,0,NA,NA,1,0,1,1,0,0,1,1,1
463,"UNI21","Full-time","No","Year 1","3","BSc Psychology","Yes","Male","Non-UKRN",1,1,1,1,1,0,1,1,1,1,1,1,1
464,"UKRN03","Full-time","No","Year 2","4","Psychology (Study Abroad) BSc","Yes","Female","UKRN",1,1,1,0,0,0,1,1,1,1,1,1,1
465,"UKRN03","Full-time","No","Year 2","3","management and psychology joint honors","Yes","female","UKRN",1,0,NA,NA,0,0,1,1,0,0,1,1,1
466,"UKRN01","Full-time","Yes","Year 1","4","Psychology","Yes","Female","UKRN",1,0,NA,NA,0,0,0,1,0,0,1,1,1
467,"UNI24","Full-time","No","Year 1","3","Bsc Psychology ","Yes","","Non-UKRN",1,1,0,NA,0,0,0,1,1,0,1,1,1
468,"UKRN03","Full-time","No","Final Year","3","Psychology ","Yes","Female","UKRN",1,1,1,1,0,0,1,1,1,1,1,1,1
471,"UKRN06","Full-time","No","Year 2","3","psychology bsc","Yes","female","UKRN",1,1,1,1,1,1,1,1,1,1,1,1,1
472,"UKRN03","Full-time","No","Year 1","3","Psychology","Yes","Female","UKRN",1,0,NA,NA,0,0,1,1,0,0,1,1,1
473,"UNI21","Full-time","Other (Please specify)","Placement Year","3","Psychology BSc","No","Female ","Non-UKRN",1,1,1,1,0,0,1,1,1,1,1,1,1
474,"UNI20","Full-time","Other (Please specify)","Placement Year","3","Psychology","Yes","Female","Non-UKRN",1,0,NA,NA,0,0,1,1,0,0,1,1,1
475,"UNI24","Full-time","No","Year 1","3","psychology of sport","No","male","Non-UKRN",1,0,NA,NA,1,0,1,1,0,0,1,1,1
476,"UNI22","Full-time","No","Year 2","3","Psychology","No","Female","Non-UKRN",1,1,1,1,0,0,1,1,1,1,1,1,1
478,"UKRN03","Full-time","No","Final Year","3","Psychology (BSc)","Yes","Male","UKRN",1,1,1,1,1,1,1,1,1,1,1,1,1
479,"UKRN03","Full-time","Other (Please specify)","Year 1","4","Bsc Psychology with Study Abroad","Yes","Female","UKRN",1,1,0,0,0,0,1,1,1,1,1,1,1
480,"UKRN03","Full-time","No","Year 1","4","Psychology ","Yes","Female","UKRN",1,1,0,1,1,1,1,1,1,1,1,1,1
481,"UNI25","Full-time","No","Final Year","3","Psychology ","Yes","Female","Non-UKRN",1,1,0,0,0,0,1,1,1,1,1,1,1
482,"UKRN05","Full-time","Yes","Year 1","3","BSc (Hons) Psychology","No","Female","UKRN",1,0,NA,NA,0,0,1,1,0,0,1,1,1
483,"UNI22","Full-time","No","Year 2","3","Psychology with criminology and the criminal justice system","No","female","Non-UKRN",1,0,NA,NA,0,0,1,1,0,0,1,1,1
484,"UKRN01","Full-time","Yes","Year 2","4","Psychology (BSc Hons)","Yes","Female","UKRN",1,1,1,1,0,1,1,1,1,1,1,1,1
485,"UNI04","Full-time","No","Year 2","3","Psychology bsc ","Yes","Female","Non-UKRN",1,NA,NA,NA,NA,NA,NA,0,0,0,0,0,0
486,"UNI25","Full-time","Other (Please specify)","Year 2","3","Psychology with counselling","Yes","Female","Non-UKRN",1,0,NA,NA,0,0,1,1,0,0,1,1,1
487,"UNI24","Full-time","No","Year 2","3","Psychology","Yes","Man; Androgynous (feel free to put me in with either men or other)","Non-UKRN",1,1,0,0,1,0,1,1,1,1,1,1,1
488,"UNI25","Full-time","No","Final Year","3","Psychology BSc Hons","Yes","Female","Non-UKRN",1,0,NA,NA,0,0,0,1,0,0,1,1,1
489,"UNI25","Full-time","No","Final Year","3","Psychology ","Yes","Female ","Non-UKRN",1,0,NA,NA,0,0,1,1,0,0,1,1,1
490,"UKRN03","Full-time","No","Year 1","","Psychology (Study abroad) Bsc (Hons)","Yes","Female","UKRN",1,1,1,1,0,1,1,1,1,1,1,1,1
491,"UNI21","Full-time","Other (Please specify)","Year 2","3","BSc Psychology","No","Female","Non-UKRN",1,1,1,1,1,1,1,1,1,1,1,1,1
492,"UNI24","Full-time","No","Year 2","3","Single honours psychology","No","Male","Non-UKRN",1,1,0,0,0,0,1,1,1,1,1,1,1
493,"UNI21","Full-time","No","Year 1","3","Psychology","Yes","female","Non-UKRN",1,1,0,1,0,0,1,1,1,1,1,1,1
495,"UKRN01","Full-time","Yes","Year 1","3","psychology BSC","Yes","Female","UKRN",1,0,NA,NA,1,0,1,1,0,0,1,1,1
496,"UNI21","Full-time","Other (Please specify)","Placement Year","3","Psychology ","No","Female","Non-UKRN",1,1,0,0,0,0,1,1,1,1,1,1,1
497,"UKRN03","Full-time","No","Year 2","3","Psychology BSc","Yes","Female","UKRN",1,1,1,0,0,0,1,1,1,1,1,1,1
498,"UNI22","Full-time","Yes","Year 1","3","Psychology with criminology and criminal justice ","Yes","Female ","Non-UKRN",1,0,NA,NA,0,0,1,1,0,0,1,1,1
499,"UNI20","Full-time","Yes","Year 2","3","Bsc Psychology","Yes","Female","Non-UKRN",1,0,NA,NA,1,0,1,1,0,0,1,1,1
500,"UKRN05","Full-time","No","Year 2","3","Sociology with Social Psychology","Yes","Female","UKRN",1,1,1,0,1,1,1,1,1,1,1,1,1
501,"UNI21","Full-time","No","Final Year","3","Psychology ","No","Female ","Non-UKRN",1,0,NA,NA,1,0,1,1,0,0,1,1,1
502,"UKRN05","Full-time","No","Final Year","3","Psychology","Yes","Female","UKRN",1,0,NA,NA,0,0,0,1,0,0,1,1,1
503,"UKRN03","Full-time","No","Year 1","3","BA Hons Psychology and Linguistics","Yes","Female","UKRN",1,1,1,0,0,0,1,1,1,1,1,1,1
504,"UKRN03","Full-time","No","Year 1","3","Psychology BSc Hons","Yes","Female","UKRN",1,1,0,1,1,0,0,1,1,1,1,1,1
505,"UKRN03","Full-time","No","Year 1","3","Psychology","No","Male","UKRN",1,1,1,1,0,0,1,1,1,1,1,1,1
506,"UKRN03","Full-time","No","Final Year","4","Psychology MPsych","Yes","Male","UKRN",1,1,1,1,0,0,1,1,1,1,1,1,1
507,"UKRN03","Full-time","No","Year 2","3","BSc Hons Psychology Full Time","Yes","Female","UKRN",1,1,1,1,1,1,1,1,1,1,1,1,1
508,"UNI21","Full-time","Yes","Year 1","3","psychology","No","female","Non-UKRN",1,1,1,0,0,0,1,1,1,1,1,1,1
509,"UNI24","Full-time","No","Year 2","3","Psychology and Criminology ","No","Female ","Non-UKRN",1,0,NA,NA,0,0,1,1,0,0,1,1,1
510,"UNI22","Full-time","Yes","Year 1","3","Psychology with Criminology and Criminal Justice","Yes","Female","Non-UKRN",1,0,NA,NA,0,0,1,1,0,0,1,1,1
511,"UNI25","Full-time","No","Final Year","3","Psychology BSc Hons","Yes","Female","Non-UKRN",1,1,1,0,0,0,1,1,1,1,1,1,1
512,"UNI11","Full-time","No","Final Year","3","Psychology BSc","Yes","Female","Non-UKRN",1,0,NA,NA,0,0,1,1,0,0,1,1,1
513,"UNI21","Full-time","No","Year 1","3","BSc Psychology","Yes","Female","Non-UKRN",1,1,1,1,0,0,1,1,1,1,1,1,1
514,"UNI07","Full-time","No","Year 2","3","Psychology BSc","Yes","Female","Non-UKRN",1,NA,NA,NA,NA,NA,NA,0,0,0,0,0,0
515,"UNI50","Full-time","No","Year 2","3","Psychology ","Yes","Female ","Non-UKRN",1,1,1,NA,1,1,1,1,1,0,1,1,1
516,"UNI50","Full-time","No","Final Year","3","BsC Psychology (Hons)","Yes","Female","Non-UKRN",1,1,0,0,0,0,1,1,1,1,1,1,1
517,"UNI50","Full-time","No","Final Year","3","Psychology with forensic psychology ","Yes","Female","Non-UKRN",1,1,1,0,0,0,1,1,1,1,1,1,1
518,"UNI50","Full-time","No","Year 1","3","Psychology with Clinical Psychology ","Yes","Female","Non-UKRN",1,0,NA,NA,0,0,1,1,0,0,1,1,1
519,"UNI50","Full-time","No","Year 2","3","Psychology","Yes","Female","Non-UKRN",1,1,1,1,0,0,1,1,1,1,1,1,1
520,"UNI50","Full-time","No","Final Year","3","Psychology","Yes","Female ","Non-UKRN",1,1,1,0,1,1,1,1,1,1,1,1,1
521,"UNI50","Full-time","No","Final Year","3","Psychology BSc","Yes","Female","Non-UKRN",1,1,1,0,0,0,1,1,1,1,1,1,1
522,"UNI50","Full-time","No","Final Year","3","Psychology with clinical","Yes","Male","Non-UKRN",1,1,1,1,0,1,1,1,1,1,1,1,1
523,"UNI50","Full-time","No","Year 2","3","Psychology BSc","Yes","Female","Non-UKRN",1,1,0,0,0,0,1,1,1,1,1,1,1
524,"UNI50","Full-time","No","Year 2","3","Psychology ","Yes","Female ","Non-UKRN",1,1,0,0,0,0,1,1,1,1,1,1,1
525,"UNI50","Full-time","No","Final Year","3","BSc Psychology","Yes","Female","Non-UKRN",1,1,1,0,0,1,1,1,1,1,1,1,1
526,"UNI50","Full-time","No","Year 2","3","Psychology ","Yes","Female","Non-UKRN",1,1,1,1,0,0,1,1,1,1,1,1,1
527,"UNI50","Full-time","No","Year 2","3","Psychology","Yes","Female","Non-UKRN",1,1,1,0,1,0,1,1,1,1,1,1,1
528,"UNI50","Full-time","No","Year 2","3","Psychology with forensic psychology ","No","Female","Non-UKRN",1,0,NA,NA,0,0,1,1,0,0,1,1,1
529,"UNI50","Full-time","No","Final Year","3","Psychology with Forensic Psychology ","Yes","Female","Non-UKRN",1,1,1,0,1,1,1,1,1,1,1,1,1
530,"UNI50","Full-time","No","Year 2","3","BSc Psychology ","Yes","Female","Non-UKRN",1,0,NA,NA,1,0,1,1,0,0,1,1,1
531,"UNI50","Full-time","No","Year 1","3","BSc Psychology","Yes","Female","Non-UKRN",1,0,NA,NA,0,0,1,1,0,0,1,1,1
532,"UNI50","Full-time","No","Final Year","3","BSc (Hons) Psychology","Yes","Female","Non-UKRN",1,0,NA,NA,0,0,1,1,0,0,1,1,1
533,"UNI50","Full-time","No","Year 2","3","Psychology ","Yes","Female ","Non-UKRN",1,1,1,0,0,0,1,1,1,1,1,1,1
534,"UNI50","Full-time","No","Final Year","3","BSc Hons Psychology","Yes","Female","Non-UKRN",1,1,1,1,1,0,1,1,1,1,1,1,1
535,"UNI50","Full-time","No","Year 1","3","Bsc Psychology","Yes","female","Non-UKRN",1,0,NA,NA,0,0,1,1,0,0,1,1,1
536,"UNI50","Full-time","No","Year 2","3","Psychology ","Yes","Female","Non-UKRN",1,1,1,0,0,0,1,1,1,1,1,1,1
537,"UNI50","Full-time","No","Year 1","3","Psychology ","Yes","Female ","Non-UKRN",1,0,NA,NA,0,0,1,1,0,0,1,1,1
538,"UNI50","Full-time","No","Final Year","3","Psychology BSc(Hons)","Yes","Female","Non-UKRN",1,0,NA,NA,0,0,1,1,0,0,1,1,1
539,"UNI50","Full-time","No","Final Year","3","Psychology with clinical psychology ","Yes","Female","Non-UKRN",1,0,NA,NA,0,0,1,1,0,0,1,1,1
540,"UNI50","Full-time","No","Year 2","3","Psychology ","Yes","Female ","Non-UKRN",1,1,1,0,0,0,0,1,1,1,1,1,1
541,"UNI50","Full-time","No","Final Year","3","BSc (Hons) Psychology","Yes","Female ","Non-UKRN",1,1,1,1,1,1,1,1,1,1,1,1,1
542,"UNI50","Full-time","No","Final Year","3","psychology","Yes","F","Non-UKRN",1,0,NA,NA,0,0,1,1,0,0,1,1,1
543,"UNI50","Full-time","No","Year 2","3","Psychology ","Yes","Female","Non-UKRN",1,1,0,0,0,0,1,1,1,1,1,1,1
544,"UKRN03","Full-time","No","Year 1","3","Psychology and Linguistics","Yes","Female","UKRN",1,1,1,1,1,0,1,1,1,1,1,1,1
545,"UNI50","Full-time","No","Year 2","3","Psychology BSc","Yes","Female","Non-UKRN",1,1,0,1,0,0,1,1,1,1,1,1,1
546,"UNI50","Full-time","No","Final Year","3","Psychology ","Yes","Female","Non-UKRN",1,1,0,1,1,1,1,1,1,1,1,1,1
547,"UKRN05","Full-time","No","Year 1","3","Psychology (BSc)","Yes","Female","UKRN",1,1,1,1,0,0,1,1,1,1,1,1,1
548,"UKRN03","Full-time","No","Year 1","3","BA Hons Psychology and Management ","Yes","Female","UKRN",1,1,0,0,1,0,1,1,1,1,1,1,1
549,"UNI50","Full-time","No","Year 2","3","BSc Psychology ","Yes","Female","Non-UKRN",1,1,1,1,1,1,1,1,1,1,1,1,1
550,"UNI50","Full-time","Yes","Year 2","3","Psychology","Yes","Female ","Non-UKRN",1,1,1,1,0,0,1,1,1,1,1,1,1
551,"UNI50","Full-time","No","Year 2","3","Psychology BSc","Yes","Male","Non-UKRN",1,1,1,0,1,0,1,1,1,1,1,1,1
552,"UNI50","Full-time","Yes","Placement Year","4","Psychology with Clinical Psychology with Study Abroad","No","male","Non-UKRN",1,1,1,0,1,1,1,1,1,1,1,1,1
554,"UNI21","Full-time","No","Final Year","3","Psychology ","No","Female ","Non-UKRN",1,1,1,1,0,0,1,1,1,1,1,1,1
555,"UNI50","Full-time","No","Year 1","3","Psychology with Clinical Psychology","Yes","Female","Non-UKRN",1,0,NA,NA,1,0,1,1,0,0,1,1,1
556,"UNI21","Full-time","No","Year 1","3","psychology","No","female","Non-UKRN",1,1,1,0,0,0,1,1,1,1,1,1,1
557,"UNI50","Full-time","No","Year 1","3","Psychology BSc","Yes","Female ","Non-UKRN",1,0,NA,NA,1,0,1,1,0,0,1,1,1
558,"UNI50","Full-time","No","Year 1","3","Psychology Bsc","Yes","Female","Non-UKRN",1,0,NA,NA,0,0,1,1,0,0,1,1,1
559,"UNI50","Full-time","No","Final Year","3","BSc Psychology ","Yes","Female","Non-UKRN",1,1,1,0,0,0,1,1,1,1,1,1,1
560,"UNI24","Full-time","No","Year 2","3","BSc Psychology","No","Female","Non-UKRN",1,1,1,0,0,0,1,1,1,1,1,1,1
561,"UNI50","Full-time","No","Year 2","3","Psychology","Yes","Female ","Non-UKRN",1,1,1,1,0,0,1,1,1,1,1,1,1
562,"UNI50","Full-time","No","Final Year","3","Psychology","Yes","Female","Non-UKRN",1,1,1,1,0,0,1,1,1,1,1,1,1
563,"UNI50","Full-time","No","Year 2","3","Psychology ","Yes","Female","Non-UKRN",1,1,1,0,0,0,1,1,1,1,1,1,1
564,"UNI21","Full-time","Other (Please specify)","Year 1","3","Psychology ","Yes","Female ","Non-UKRN",1,1,1,0,0,0,1,1,1,1,1,1,1
565,"UNI21","Full-time","No","Year 2","3","Psychology","Yes","Female","Non-UKRN",1,0,NA,NA,0,0,1,1,0,0,1,1,1
566,"UNI50","Full-time","No","Final Year","3","psychology ","Yes","Female","Non-UKRN",1,1,0,1,0,0,1,1,1,1,1,1,1
567,"UNI24","Full-time","Yes","Year 2","3","BSc Psychology","No","Female","Non-UKRN",1,0,NA,NA,0,0,1,1,0,0,1,1,1
568,"UNI50","Full-time","No","Final Year","3","Psychology with Forensic Psychology","Yes","Female","Non-UKRN",1,0,NA,NA,0,0,1,1,0,0,1,1,1
569,"UNI50","Full-time","No","Year 1","3","BSc (Hons) Psychology with Clinical Psychology","Yes","Female","Non-UKRN",1,0,NA,NA,1,0,1,1,0,0,1,1,1
570,"UNI21","Full-time","No","Year 2","3","Psychology","No","Female","Non-UKRN",1,1,1,1,0,0,1,1,1,1,1,1,1
571,"UKRN03","Full-time","No","Final Year","3","BSc Psychology","Yes","Female","UKRN",1,1,1,0,1,1,1,1,1,1,1,1,1
572,"UNI50","Full-time","No","Year 1","3","Psychology with Clinical Psychology ","Yes","Female","Non-UKRN",1,0,NA,NA,0,0,1,1,0,0,1,1,1
573,"UKRN05","Full-time","No","Year 1","3","Psychology ","No","Female","UKRN",1,NA,NA,NA,NA,NA,NA,0,0,0,0,0,0
574,"UNI24","Full-time","No","Final Year","3","BSc (Hons.) Psychology ","Yes","Female","Non-UKRN",1,0,NA,NA,0,0,1,1,0,0,1,1,1
575,"UNI50","Full-time","No","Year 1","3","Bsc psychology","Yes","Female ","Non-UKRN",1,1,0,0,0,0,1,1,1,1,1,1,1
576,"UKRN05","Full-time","Yes","Year 1","3","BSc Psychology","No","Female","UKRN",1,NA,NA,NA,NA,NA,NA,0,0,0,0,0,0
578,"UKRN03","Full-time","No","Year 2","4","MPsych Psychology ","Yes","Female ","UKRN",1,1,1,1,0,1,1,1,1,1,1,1,1
579,"UNI25","Full-time","Other (Please specify)","Year 1","3","Psychology","No","Female","Non-UKRN",1,1,1,0,1,0,1,1,1,1,1,1,1
580,"UKRN05","Full-time","Other (Please specify)","Year 1","4","Psychology","Yes","","UKRN",1,0,NA,NA,1,0,0,1,0,0,1,1,1
582,"UNI21","Full-time","No","Year 1","3","Psychology ","No","Female","Non-UKRN",1,NA,NA,NA,NA,NA,NA,0,0,0,0,0,0
583,"UNI19","Full-time","No","Year 2","3","BSc Psychology","Yes","Male","Non-UKRN",1,NA,NA,NA,NA,NA,NA,0,0,0,0,0,0
584,"UKRN03","Full-time","No","Year 1","3","Bsc psychology ","Yes","Female","UKRN",1,NA,NA,NA,NA,NA,NA,0,0,0,0,0,0
585,"UNI24","Full-time","No","Year 1","3","Psychology and Criminology ","No","Female","Non-UKRN",1,NA,NA,NA,NA,NA,NA,0,0,0,0,0,0
586,"UNI25","Full-time","Yes","Year 1","3","psychology BSc","Yes","female","Non-UKRN",1,NA,NA,NA,NA,NA,NA,0,0,0,0,0,0
587,"UNI24","Full-time","No","Year 2","3","BSc Psychology with Counselling","No","Female","Non-UKRN",1,1,NA,NA,NA,NA,NA,1,0,0,0,0,0
588,"UNI19","Full-time","No","Year 1","3","Psychology (BSC)","Yes","Female","Non-UKRN",1,0,NA,NA,NA,NA,NA,1,0,0,0,0,0
589,"UNI24","Full-time","No","Year 1","3","Psychology snd criminology ","Yes","","Non-UKRN",1,NA,NA,NA,NA,NA,NA,0,0,0,0,0,0
590,"UNI22","Full-time","Yes","Year 1","3","BSc Psychology","Yes","female ","Non-UKRN",1,NA,NA,NA,NA,NA,NA,0,0,0,0,0,0
594,"UKRN05","Full-time","No","Year 1","3","Psychology","Yes","Female","UKRN",1,0,NA,NA,0,0,0,1,0,0,1,1,1
595,"UKRN03","Full-time","No","Year 2","3","Psychology ","Yes","Female ","UKRN",1,NA,NA,NA,NA,NA,NA,0,0,0,0,0,0
596,"UKRN05","Full-time","No","Year 1","3","Psychology","Yes","Female","UKRN",1,NA,NA,NA,NA,NA,NA,0,0,0,0,0,0
598,"UNI50","Full-time","Other (Please specify)","Placement Year","4","Psychology BSc","Yes","Female","Non-UKRN",1,1,1,1,0,0,1,1,1,1,1,1,1
599,"UNI50","Full-time","No","Year 1","3","Psychology ","Yes","female ","Non-UKRN",1,0,NA,NA,0,0,1,1,0,0,1,1,1
600,"UNI50","Full-time","No","Final Year","3","Psychology with Forensic Psychology","Yes","Female","Non-UKRN",1,1,1,0,1,0,1,1,1,1,1,1,1
601,"UNI50","Full-time","No","Year 1","3","Psychology with forensics","Yes","Female","Non-UKRN",1,0,NA,NA,1,0,1,1,0,0,1,1,1
602,"UNI50","Full-time","No","Year 1","3","Psychology","Yes","Female","Non-UKRN",1,0,NA,NA,0,1,1,1,0,0,1,1,1
603,"UNI50","Full-time","No","Year 1","3","Psychology BSc (Hons)","Yes","female","Non-UKRN",1,1,0,0,0,0,1,1,1,1,1,1,1
604,"UNI50","Full-time","No","Year 2","3","Psychology with forensics psychology ","Yes","Female ","Non-UKRN",1,1,1,0,0,0,1,1,1,1,1,1,1
605,"UNI50","Full-time","No","Final Year","3","Psychology","Yes","Female","Non-UKRN",1,1,1,1,0,0,1,1,1,1,1,1,1
606,"UNI50","Full-time","No","Year 1","3","Psychology ","No","Female","Non-UKRN",1,1,0,1,1,0,1,1,1,1,1,1,1
607,"UNI50","Full-time","No","Final Year","3","BSc Psychology (Hons)","No","Nonbinary","Non-UKRN",1,1,1,0,0,0,1,1,1,1,1,1,1
608,"UNI50","Full-time","No","Final Year","3","Psychology Bsc ","Yes","female ","Non-UKRN",1,1,1,NA,0,0,1,1,1,0,1,1,1
609,"UNI19","Full-time","No","Year 1","3","Psychology","Yes","Female","Non-UKRN",1,NA,NA,NA,NA,NA,NA,0,0,0,0,0,0
610,"UNI50","Full-time","No","Year 2","3","Psychology ","Yes","Male","Non-UKRN",1,1,1,1,1,0,1,1,1,1,1,1,1
611,"UNI50","Full-time","No","Year 2","3","Psychology with clinical psychology","Yes","","Non-UKRN",1,1,0,0,1,0,1,1,1,1,1,1,1
613,"UNI25","Full-time","No","Year 2","3","Psychology ","Yes","Female ","Non-UKRN",1,NA,NA,NA,NA,NA,NA,0,0,0,0,0,0
614,"UNI50","Full-time","No","Final Year","3","BSc Psychology with Forensic Psychology","Yes","Female","Non-UKRN",1,1,1,0,1,0,1,1,1,1,1,1,1
615,"UNI50","Full-time","No","Year 1","3","BSc Psychology ","No","Female","Non-UKRN",1,0,NA,NA,1,1,1,1,0,0,1,1,1
616,"UNI19","Full-time","No","Final Year","3","Psychology BSc","No","female","Non-UKRN",1,NA,NA,NA,NA,NA,NA,0,0,0,0,0,0
617,"UNI22","Full-time","No","Year 1","3","Psychology ","Yes","Female ","Non-UKRN",1,NA,NA,NA,NA,NA,NA,0,0,0,0,0,0
618,"UNI50","Full-time","No","Year 1","3","Bsc psychology ","Yes","Female","Non-UKRN",1,NA,NA,NA,NA,NA,NA,0,0,0,0,0,0
619,"UNI50","Full-time","No","Year 2","3","Pathology with forensic psychology ","Yes","Female ","Non-UKRN",1,NA,NA,NA,NA,NA,NA,0,0,0,0,0,0
620,"UKRN03","Full-time","No","Year 2","3","Psychology ","No","Female","UKRN",1,NA,NA,NA,NA,NA,NA,0,0,0,0,0,0
621,"UNI21","Full-time","Other (Please specify)","Year 1","3","Psychology","No","Female","Non-UKRN",1,0,NA,NA,0,0,1,1,0,0,1,1,1
622,"UKRN01","Full-time","Yes","Year 2","4","Psychology BSc","Yes","Female","UKRN",1,0,NA,NA,0,0,1,1,0,0,1,1,1
623,"UNI50","Full-time","No","Year 1","3","Psychology BSc Hons","Yes","female","Non-UKRN",1,0,NA,NA,0,0,1,1,0,0,1,1,1
624,"UNI50","Full-time","No","Year 2","3","BSc Psychology","Yes","Female","Non-UKRN",1,1,1,1,0,0,1,1,1,1,1,1,1
625,"UNI50","Full-time","Yes","Year 1","3","Psychology with clinical psychology","Yes","Female","Non-UKRN",1,0,NA,NA,0,1,1,1,0,0,1,1,1
626,"UNI19","Full-time","No","Year 2","3","BSc Psychology","Yes","Female","Non-UKRN",1,NA,NA,NA,NA,NA,NA,0,0,0,0,0,0
627,"UNI24","Full-time","No","Year 1","3","Psychology","No","Female","Non-UKRN",1,0,NA,NA,1,0,1,1,0,0,1,1,1
628,"UNI50","Full-time","No","Final Year","3","BSc (Hons) Psychology","Yes","Female","Non-UKRN",1,1,1,1,1,1,1,1,1,1,1,1,1
629,"UNI22","Full-time","Yes","Year 2","3","Bsc Psychology ","No","Male","Non-UKRN",1,0,NA,NA,0,1,1,1,0,0,1,1,1
630,"UKRN04","Full-time","No","Final Year","3","Psychology ","Yes","Female ","UKRN",1,1,1,1,0,0,1,1,1,1,1,1,1
631,"UKRN04","Full-time","No","Year 2","3","Psychology","Yes","Male","UKRN",1,1,1,0,1,1,1,1,1,1,1,1,1
632,"UNI22","Full-time","Yes","Year 1","3","Psychology with Developmental Disorders ","No","Female","Non-UKRN",1,0,NA,NA,0,0,1,1,0,0,1,1,1
633,"UKRN03","Full-time","No","Year 1","3","Psychology and Linguistics","Yes","Female","UKRN",1,1,1,1,0,0,1,1,1,1,1,1,1
634,"UKRN04","Full-time","No","Year 2","3","Psychology","Yes","Female","UKRN",1,1,1,1,1,1,1,1,1,1,1,1,1
635,"UNI07","Full-time","Yes","Year 2","4","Abnormal and Clinical Psychology ","No","Female ","Non-UKRN",1,0,NA,NA,0,0,1,1,0,0,1,1,1
636,"UKRN07","Full-time","Yes","Year 2","4","Psychology (with Professional Placement) BSc","Yes","Female","UKRN",1,0,NA,NA,0,0,1,1,0,0,1,1,1
637,"UKRN07","Full-time","No","Year 2","3","BSc Psychology","Yes","Female","UKRN",1,0,NA,NA,1,0,1,1,0,0,1,1,1
638,"UKRN07","Full-time","Other (Please specify)","Placement Year","4","Speech and Language Therapy ","No","Female","UKRN",1,0,NA,NA,0,0,1,1,0,0,1,1,1
639,"UKRN07","Full-time","No","Year 2","3","BSc Psychology and Language Sciences","Yes","female","UKRN",1,0,NA,NA,0,0,1,1,0,0,1,1,1
640,"UNI01","Full-time","No","Final Year","3","Psychology BSc","Yes","Female","Non-UKRN",1,0,NA,NA,0,0,1,1,0,0,1,1,1
641,"UKRN07","Full-time","Yes","Final Year","4","BSc Psychology","Yes","Female","UKRN",1,1,1,1,0,0,1,1,1,1,1,1,1
643,"UKRN07","Full-time","No","Year 2","3","Bsc","Yes","female","UKRN",1,0,NA,NA,0,0,1,1,0,0,1,1,1
644,"UKRN04","Full-time","No","Final Year","3","Psychology and Criminology ","No","Female ","UKRN",1,0,NA,NA,1,0,1,1,0,0,1,1,1
645,"UKRN07","Full-time","No","Final Year","3","Bsc psychology ","Yes","Female ","UKRN",1,1,1,NA,0,0,1,1,1,0,1,1,1
646,"UKRN07","Full-time","Other (Please specify)","Year 1","3","BSc Psychology","Yes","Female","UKRN",1,0,NA,NA,0,0,0,1,0,0,1,1,1
647,"UNI21","Full-time","No","Year 1","1","Clinical health psychology ","No","Female ","Non-UKRN",1,1,0,0,0,0,1,1,1,1,1,1,1
648,"UKRN02","Full-time","Yes","Year 1","4","BSc (Hons) Psychology","Yes","Female","UKRN",1,1,0,0,0,0,1,1,1,1,1,1,1
649,"UKRN01","Full-time","No","Year 1","2","Psychology ","No","Female","UKRN",1,0,NA,NA,1,1,1,1,0,0,1,1,1
650,"UNI07","Full-time","No","Year 2","3","Psychology","Yes","female","Non-UKRN",1,0,NA,NA,0,0,1,1,0,0,1,1,1
651,"UKRN07","Full-time","Yes","Placement Year","3","BSc Psychology","Yes","Female","UKRN",1,1,1,1,0,0,1,1,1,1,1,1,1
652,"UNI19","Full-time","No","Year 1","3","Psyhcology","Yes","Female","Non-UKRN",1,1,0,0,0,0,1,1,1,1,1,1,1
653,"UKRN04","Full-time","No","Year 1","3","Psychology","Yes","Female","UKRN",1,1,0,0,0,0,1,1,1,1,1,1,1
654,"UKRN04","Full-time","No","Year 1","3","Education and psychology ","Yes","Female","UKRN",1,0,NA,NA,0,0,1,1,0,0,1,1,1
655,"UKRN04","Full-time","No","Final Year","4","Bsc psychology with year abroad","Yes","Femal","UKRN",1,1,0,1,0,0,1,1,1,1,1,1,1
656,"UKRN04","Full-time","No","Year 1","3","education and psychology","Yes","female","UKRN",1,1,1,1,0,0,1,1,1,1,1,1,1
657,"UKRN04","Full-time","No","Final Year","3","Psychology","Yes","Female","UKRN",1,1,1,0,1,1,1,1,1,1,1,1,1
658,"UKRN04","Full-time","No","Year 1","3","Psychology BSc","Yes","Female","UKRN",1,1,1,0,1,1,1,1,1,1,1,1,1
659,"UKRN04","Full-time","No","Year 1","3","Psychology Bsc","Yes","Female ","UKRN",1,0,NA,NA,0,0,1,1,0,0,1,1,1
660,"UKRN04","Full-time","No","Year 1","4","Psychology","Yes","Female","UKRN",1,1,1,1,1,1,1,1,1,1,1,1,1
661,"UKRN04","Full-time","No","Year 1","3","Psychology","Yes","Female","UKRN",1,0,NA,NA,0,0,1,1,0,0,1,1,1
662,"UNI22","Full-time","No","Year 2","3","Psychology ","Yes","Male","Non-UKRN",1,1,1,1,1,1,1,1,1,1,1,1,1
663,"UKRN04","Full-time","No","Final Year","3","Criminology & Psychology","Yes","female","UKRN",1,1,1,0,0,0,1,1,1,1,1,1,1
664,"UKRN04","Full-time","No","Year 1","3","Psychology ","No","male","UKRN",1,0,NA,NA,1,1,1,1,0,0,1,1,1
665,"UKRN04","Full-time","No","Final Year","3","BSc (Hons) Criminology & Psychology","No","Female","UKRN",1,0,NA,NA,0,0,1,1,0,0,1,1,1
666,"UKRN04","Full-time","No","Final Year","3","Psychology","Yes","Female ","UKRN",1,1,0,1,1,1,1,1,1,1,1,1,1
667,"UKRN04","Full-time","No","Year 1","3","Psychology and criminology ","Yes","Female ","UKRN",1,1,0,NA,0,1,1,1,1,0,1,1,1
668,"UKRN04","Full-time","No","Final Year","3","Psychology, BSc (Hons)","No","Female ","UKRN",1,1,1,1,0,0,1,1,1,1,1,1,1
669,"UKRN04","Full-time","No","Year 1","3","Psychology BCs","Yes","Female ","UKRN",1,1,1,NA,0,0,1,1,1,0,1,1,1
670,"UKRN04","Full-time","No","Year 1","3","BSc (Hons) Psychology","No","Female","UKRN",1,1,1,1,1,1,1,1,1,1,1,1,1
671,"UNI24","Full-time","Other (Please specify)","Year 2","3","BSc Psychology","No","Female","Non-UKRN",1,0,NA,NA,0,0,1,1,0,0,1,1,1
672,"UKRN04","Full-time","No","Final Year","3","Psychology ","Yes","Male","UKRN",1,1,0,0,0,0,1,1,1,1,1,1,1
673,"UKRN04","Full-time","Yes","Year 1","3","Psychology","Yes","female","UKRN",1,1,1,1,1,1,1,1,1,1,1,1,1
674,"UKRN04","Full-time","No","Final Year","3","Criminology with Psychology","Yes","Female","UKRN",1,1,0,0,0,0,1,1,1,1,1,1,1
675,"UKRN07","Full-time","No","Final Year","4","Art and Psychology","No","Female","UKRN",1,1,0,0,0,0,1,1,1,1,1,1,1
676,"UKRN04","Full-time","No","Year 1","3","Psychology Bsc","Yes","Female ","UKRN",1,1,1,1,0,0,1,1,1,1,1,1,1
677,"UKRN07","Full-time","No","Year 1","3","BSc Psychology","Yes","Woman","UKRN",1,1,0,1,1,0,1,1,1,1,1,1,1
695,"UKRN04","Full-time","Other (Please specify)","Year 1","3","Psychology","No","female","UKRN",1,1,1,1,0,1,1,1,1,1,1,1,1
699,"UNI19","Full-time","No","Year 1","3","BSc Psychology ","Yes","Female","Non-UKRN",1,1,1,1,0,0,1,1,1,1,1,1,1
700,"UKRN07","Full-time","No","Year 2","3","Mathematics and Psychology ","Yes","Female","UKRN",1,0,NA,NA,0,0,1,1,0,0,1,1,1
701,"UKRN04","Full-time","No","Final Year","3","BSc Psychology","Yes","Male","UKRN",1,1,1,1,1,1,1,1,1,1,1,1,1
702,"UKRN04","Full-time","No","Year 1","3","Psychology","No","Female ","UKRN",1,1,1,0,1,1,0,1,1,1,1,1,1
703,"UKRN04","Full-time","No","Final Year","3","BSc Psychology ","Yes","Female ","UKRN",1,NA,NA,NA,NA,NA,NA,0,0,0,0,0,0
704,"UNI21","Full-time","No","Year 2","3","Psychology ","Yes","Female","Non-UKRN",1,1,1,0,0,0,1,1,1,1,1,1,1
705,"UNI68","Full-time","Yes","Year 2","4","Psychology with placement year BSc","Yes","Female ","Non-UKRN",1,0,NA,NA,0,0,0,1,0,0,1,1,1
707,"UNI20","Full-time","No","Final Year","3","BSc Psychology Hons","Yes","male","Non-UKRN",1,1,1,1,1,0,1,1,1,1,1,1,1
708,"UNI20","Full-time","Yes","Year 2","3","BSC Psychology ","Yes","Female","Non-UKRN",1,0,NA,NA,0,0,1,1,0,0,1,1,1
709,"UNI69","Full-time","No","Year 2","4","Bsc psychology with foundation year","No","Female","Non-UKRN",1,1,0,NA,0,0,1,1,1,0,1,1,1
710,"UKRN08","Full-time","No","Final Year","3","Psychology with criminology ","No","Male","UKRN",1,1,1,1,1,1,1,1,1,1,1,1,1
711,"UKRN08","Full-time","No","Final Year","3","Psychology ","Yes","Female","UKRN",1,1,1,1,1,1,1,1,1,1,1,1,1
712,"UKRN08","Full-time","No","Final Year","3","BSc (Hong) Psychology","Yes","Female","UKRN",1,1,1,1,1,1,1,1,1,1,1,1,1
714,"UKRN08","Full-time","No","Year 1","3","Psychology ","Yes","Female","UKRN",1,1,1,1,0,1,1,1,1,1,1,1,1
715,"UKRN08","Full-time","Yes","Year 2","3","Psychology","Yes","Male","UKRN",1,1,1,1,1,1,1,1,1,1,1,1,1
716,"UKRN08","Full-time","Yes","Placement Year","4","BSc Psychology ","Yes","female ","UKRN",1,1,1,1,1,1,1,1,1,1,1,1,1
717,"UNI69","Full-time","No","Year 1","4","Psychology with foundation","No","Female","Non-UKRN",1,0,NA,NA,0,0,1,1,0,0,1,1,1
718,"UKRN08","Full-time","Yes","Year 2","3","Psychology ","Yes","F","UKRN",1,1,1,1,0,1,1,1,1,1,1,1,1
719,"UKRN08","Full-time","No","Year 1","3","Psychology","Yes","Female","UKRN",1,1,1,0,0,0,1,1,1,1,1,1,1
720,"UKRN08","Full-time","No","Year 2","3","Bsc (hons) Psychology with Criminology ","Yes","Female","UKRN",1,1,1,1,1,1,1,1,1,1,1,1,1
722,"UKRN08","Full-time","No","Final Year","3","Psychology with Criminology ","Yes","Female ","UKRN",1,1,1,0,0,0,1,1,1,1,1,1,1
723,"UKRN08","Full-time","No","Year 2","3","Psychology BSc","Yes","Female","UKRN",1,1,1,1,0,1,1,1,1,1,1,1,1
724,"UKRN08","Full-time","No","Final Year","3","BSc Psychology (Hons)","No","Female","UKRN",1,1,1,1,1,1,1,1,1,1,1,1,1
725,"UKRN08","Full-time","No","Final Year","3","Psychology ","Yes","Female","UKRN",1,0,NA,NA,0,0,1,1,0,0,1,1,1
726,"UKRN08","Full-time","No","Year 2","3","BSc Hons Psychology ","Yes","Female","UKRN",1,1,0,0,1,0,1,1,1,1,1,1,1
727,"UKRN08","Full-time","Yes","Year 2","3","Psychology BSc","Yes","Female","UKRN",1,1,1,0,1,1,1,1,1,1,1,1,1
728,"UKRN08","Full-time","No","Year 1","4","Psychology with Criminology (BSc) ","Yes","Female","UKRN",1,1,1,1,1,1,1,1,1,1,1,1,1
729,"UKRN08","Full-time","No","Year 1","3","Psychology ","No","Female ","UKRN",1,1,1,1,1,1,1,1,1,1,1,1,1
730,"UKRN08","Full-time","No","Final Year","3","BSc psychology ","Yes","Female","UKRN",1,1,1,1,1,1,1,1,1,1,1,1,1
731,"UKRN08","Full-time","No","Final Year","3","BSc Hons Psychology","Yes","Female","UKRN",1,1,1,1,0,1,1,1,1,1,1,1,1
732,"UKRN08","Full-time","Yes","Placement Year","4","Psychology","Yes","Female","UKRN",1,1,1,1,1,0,1,1,1,1,1,1,1
733,"UKRN08","Full-time","Yes","Year 2","3","Psychology ","Yes","Male ","UKRN",1,1,1,1,0,0,1,1,1,1,1,1,1
734,"UKRN08","Full-time","No","Final Year","3","Psychology with criminology ","Yes","Fenale","UKRN",1,1,1,0,0,1,1,1,1,1,1,1,1
735,"UKRN08","Full-time","No","Year 1","3","Psychology with Criminology ","No","Female ","UKRN",1,1,1,1,1,1,1,1,1,1,1,1,1
736,"UKRN08","Full-time","No","Year 1","3","Psychology ","No","Female","UKRN",1,1,1,1,0,0,1,1,1,1,1,1,1
738,"UNI20","Full-time","Yes","Year 2","3","Psychology ","No","Female","Non-UKRN",1,0,NA,NA,1,0,0,1,0,0,1,1,1
740,"UKRN08","Full-time","Yes","Year 1","4","Psychology ","Yes","Male","UKRN",1,1,1,1,0,0,1,1,1,1,1,1,1
742,"UNI01","Full-time","No","Year 2","3","psychology","Yes","female","Non-UKRN",1,1,1,0,0,0,0,1,1,1,1,1,1
743,"UKRN08","Full-time","No","Final Year","3","Psychology","Yes","Female ","UKRN",1,1,1,1,0,1,1,1,1,1,1,1,1
744,"UKRN08","Full-time","No","Final Year","3","Psychology ","Yes","Female ","UKRN",1,1,0,0,0,1,0,1,1,1,1,1,1
746,"UNI52","Full-time","No","Year 2","3","Childhood and Youth and Psychology ","Yes","Female","Non-UKRN",1,0,NA,NA,0,0,1,1,0,0,1,1,1
747,"UNI52","Full-time","No","Year 2","3","Psychology","Yes","Female","Non-UKRN",1,0,NA,NA,1,0,1,1,0,0,1,1,1
748,"UNI52","Full-time","No","Year 2","3","Psychology ","No","Female","Non-UKRN",1,0,NA,NA,0,0,1,1,0,0,1,1,1
749,"UNI52","Full-time","No","Year 2","3","BSc Psychology ","Yes","Female ","Non-UKRN",1,1,0,1,1,1,1,1,1,1,1,1,1
750,"UNI52","Full-time","No","Year 1","3","Psychology","Yes","Female","Non-UKRN",1,1,1,1,1,1,1,1,1,1,1,1,1
751,"UNI52","Full-time","No","Final Year","3","Mathematics and Psychology","Yes","Female","Non-UKRN",1,0,NA,NA,1,1,1,1,0,0,1,1,1
752,"UNI52","Full-time","No","Year 1","3","Psychology","Yes","Male","Non-UKRN",1,1,0,0,0,0,1,1,1,1,1,1,1
753,"UNI52","Full-time","No","Final Year","3","Psychology ","Yes","Female","Non-UKRN",1,0,NA,NA,1,0,1,1,0,0,1,1,1
754,"UNI52","Full-time","No","Year 1","3","Psychology health and wellbeing","No","Male","Non-UKRN",1,0,NA,NA,0,0,1,1,0,0,1,1,1
755,"UNI52","Full-time","No","Year 2","3","Psychology ","No","Female ","Non-UKRN",1,1,1,0,0,0,1,1,1,1,1,1,1
756,"UNI52","Full-time","No","Year 1","3","Psychology ","No","Female ","Non-UKRN",1,1,1,1,0,0,1,1,1,1,1,1,1
757,"UNI52","Full-time","No","Year 2","3","Childhood youth studies and psychology ","Yes","Female ","Non-UKRN",1,1,0,NA,0,0,1,1,1,0,1,1,1
758,"UNI52","Full-time","No","Year 2","3","BSc Psychology","Yes","Female","Non-UKRN",1,0,NA,NA,0,0,1,1,0,0,1,1,1
759,"UKRN08","Full-time","Yes","Year 2","3","Psychology with Criminology","Yes","Female","UKRN",1,1,0,1,0,0,1,1,1,1,1,1,1
760,"UNI52","Full-time","No","Year 2","3","Psychology and Creative Writing ","No","Female","Non-UKRN",1,0,NA,NA,0,0,1,1,0,0,1,1,1
761,"UKRN08","Full-time","No","Year 1","3","Psychology ","Yes","Female","UKRN",1,1,1,0,0,0,1,1,1,1,1,1,1
762,"UNI52","Full-time","No","Year 2","3","Psychology","No","Female","Non-UKRN",1,1,1,1,0,0,1,1,1,1,1,1,1
763,"UNI52","Full-time","No","Year 2","3","Psychology","Yes","female ","Non-UKRN",1,0,NA,NA,0,0,1,1,0,0,1,1,1
764,"UKRN08","Full-time","Yes","Placement Year","4","BSc Biological Psychology","Yes","Female","UKRN",1,1,1,NA,0,0,1,1,1,0,1,1,1
765,"UNI52","Full-time","No","Year 2","3","Psychology Bsc","Yes","Female","Non-UKRN",1,0,NA,NA,0,0,1,1,0,0,1,1,1
766,"UNI52","Full-time","No","Final Year","3","Psychology ","No","Female","Non-UKRN",1,1,0,0,1,0,1,1,1,1,1,1,1
767,"UNI52","Full-time","No","Year 1","3","Psychology Hons BSC","No","Female ","Non-UKRN",1,1,0,0,0,0,1,1,1,1,1,1,1
768,"UNI52","Full-time","No","Year 1","3","Psychology with English Language","Yes","Female","Non-UKRN",1,1,1,0,0,0,1,1,1,1,1,1,1
769,"UNI52","Full-time","No","Year 2","3","Psychology","No","Female","Non-UKRN",1,0,NA,NA,0,1,1,1,0,0,1,1,1
770,"UNI52","Full-time","No","Year 2","3","Psychology BSc ","No","Female","Non-UKRN",1,0,NA,NA,0,0,1,1,0,0,1,1,1
771,"UKRN08","Full-time","Yes","Placement Year","4","BSc Psychology","Yes","male","UKRN",1,1,1,1,0,0,1,1,1,1,1,1,1
772,"UNI52","Full-time","Other (Please specify)","Year 1","3","Bachelor Of Arts With Honours (Combined) - Accounting & Finance And Psychology","No","Female","Non-UKRN",1,1,1,0,0,0,1,1,1,1,1,1,1
773,"UNI52","Full-time","No","Year 2","3","Psychology","Yes","Female","Non-UKRN",1,1,0,0,1,0,1,1,1,1,1,1,1
774,"UNI69","Full-time","No","Final Year","4","Psychology ","No","Female","Non-UKRN",1,0,NA,NA,0,0,0,1,0,0,1,1,1
775,"UNI52","Full-time","No","Year 2","3","Psychology and Criminology","Yes","Non-Binary","Non-UKRN",1,1,0,0,0,0,1,1,1,1,1,1,1
776,"UNI52","Full-time","No","Final Year","3","Biology and Psychology","Yes","Female","Non-UKRN",1,1,0,0,0,0,1,1,1,1,1,1,1
777,"UKRN08","Full-time","No","Year 2","3","Psychology (BSc)","Yes","Female","UKRN",1,1,1,1,0,0,1,1,1,1,1,1,1
778,"UKRN08","Full-time","Yes","Year 2","3","Psychology","No","Female","UKRN",1,1,1,0,1,1,1,1,1,1,1,1,1
779,"UNI52","Full-time","No","Final Year","3","Psychology ","No","Male","Non-UKRN",1,1,1,0,0,0,1,1,1,1,1,1,1
780,"UKRN08","Full-time","No","Year 1","3","BSC (Hons) Psychology","Yes","Female ","UKRN",1,1,1,1,0,1,1,1,1,1,1,1,1
781,"UNI52","Full-time","No","Year 2","3","Psychology ","Yes","Female ","Non-UKRN",1,0,NA,NA,1,0,1,1,0,0,1,1,1
782,"UNI52","Full-time","No","Year 2","3","Bachelor Of Arts With Honours (Combined) - Criminology And Psychology","Yes","female","Non-UKRN",1,1,0,0,0,0,1,1,1,1,1,1,1
784,"UKRN08","Full-time","No","Year 2","3","Psychology with Sociology ","No","Female ","UKRN",1,1,1,1,0,1,1,1,1,1,1,1,1
785,"UNI52","Full-time","No","Year 2","3","Psychology ","Yes","Female ","Non-UKRN",1,0,NA,NA,0,0,1,1,0,0,1,1,1
786,"UNI52","Full-time","No","Year 1","3","Psychology ","Yes","Female ","Non-UKRN",1,1,1,1,0,0,1,1,1,1,1,1,1
787,"UNI52","Full-time","No","Year 1","3","Sports Psychology","Yes","Male","Non-UKRN",1,1,1,0,0,0,1,1,1,1,1,1,1
788,"UNI69","Full-time","No","Final Year","3","PSYCHOLOGY ","No","Female","Non-UKRN",1,0,NA,NA,0,0,0,1,0,0,1,1,1
789,"UNI52","Full-time","No","Year 1","3","Bachelor Of Arts With Honours (Combined) - Psychology And Special Educational Needs","No","Female","Non-UKRN",1,1,1,1,1,1,1,1,1,1,1,1,1
790,"UNI01","Full-time","No","Year 2","3","psychology","Yes","female ","Non-UKRN",1,1,1,0,0,0,1,1,1,1,1,1,1
791,"UKRN08","Full-time","No","Year 2","3","Psychology with Criminology ","Yes","Female","UKRN",1,1,1,0,0,0,1,1,1,1,1,1,1
792,"UNI20","Full-time","Yes","Placement Year","3","Bsc Psychology ","Yes","Female","Non-UKRN",1,0,NA,NA,0,0,1,1,0,0,1,1,1
793,"UNI20","Full-time","No","Year 2","3","Psychology","No","Female","Non-UKRN",1,1,0,NA,1,1,1,1,1,0,1,1,1
795,"UNI52","Full-time","No","Year 1","3","BSc Psychology ","No","Female","Non-UKRN",1,1,0,0,0,0,1,1,1,1,1,1,1
796,"UKRN08","Full-time","Yes","Year 1","4","Psychology Bsc with foundation year","No","Male","UKRN",1,1,1,NA,0,0,1,1,1,0,1,1,1
797,"UNI01","Full-time","No","Final Year","3","Psychology Bsc Single Hons","No","Female","Non-UKRN",1,1,1,1,1,1,1,1,1,1,1,1,1
798,"UNI52","Full-time","No","Final Year","3","Psychology","No","Female","Non-UKRN",1,1,0,0,1,1,1,1,1,1,1,1,1
799,"UKRN08","Full-time","Yes","Year 2","3","Psychology BSc (Hons)","Yes","Female","UKRN",1,1,1,0,1,1,0,1,1,1,1,1,1
800,"UKRN08","Full-time","Yes","Year 2","4","Psychology with Criminology","No","Female","UKRN",1,1,1,0,0,0,1,1,1,1,1,1,1
801,"UNI52","Full-time","No","Year 2","3","BSc Psychology","No","Female","Non-UKRN",1,1,1,0,0,0,1,1,1,1,1,1,1
802,"UNI68","Full-time","Yes","Placement Year","4","Psychology with a professional placement year ","Yes","Female ","Non-UKRN",1,1,1,0,0,0,0,1,1,1,1,1,1
803,"UNI68","Full-time","No","Year 1","3","Psychology with Business Management","Yes","Female","Non-UKRN",1,1,1,1,0,0,1,1,1,1,1,1,1
804,"UNI68","Full-time","No","Year 2","3","Psychology","Yes","Female","Non-UKRN",1,1,1,0,0,0,0,1,1,1,1,1,1
805,"UNI68","Full-time","No","Year 2","3","Psychology with Clinical Approaches ","Yes","Female","Non-UKRN",1,1,1,1,1,1,1,1,1,1,1,1,1
806,"UNI68","Full-time","Yes","Year 2","4","Psychology BSc","Yes","Female","Non-UKRN",1,1,0,1,1,0,1,1,1,1,1,1,1
807,"UNI68","Full-time","Yes","Final Year","4","Psychology with a Professional Placement","Yes","female","Non-UKRN",1,1,1,1,1,1,1,1,1,1,1,1,1
808,"UNI68","Full-time","No","Final Year","3","Psychology ","Yes","Female","Non-UKRN",1,0,NA,NA,0,0,0,1,0,0,1,1,1
809,"UNI68","Full-time","Yes","Year 1","3","Psychology with Neuroscience","Yes","Female","Non-UKRN",1,1,1,1,0,0,1,1,1,1,1,1,1
810,"UNI68","Full-time","Yes","Final Year","4","Psychology","Yes","Female","Non-UKRN",1,0,NA,NA,0,0,1,1,0,0,1,1,1
811,"UNI68","Full-time","No","Final Year","4","Psychology with Neuroscience ","Yes","Female","Non-UKRN",1,0,NA,NA,0,0,1,1,0,0,1,1,1
812,"UNI68","Full-time","No","Final Year","3","BSc Psychology","Yes","M","Non-UKRN",1,1,0,NA,1,0,1,1,1,0,1,1,1
813,"UNI68","Full-time","No","Final Year","3","BSc Psychology","Yes","Female","Non-UKRN",1,0,NA,NA,0,0,0,1,0,0,1,1,1
814,"UNI68","Full-time","No","Year 2","3","Bcs Psychology","Yes","Female","Non-UKRN",1,0,NA,NA,0,0,1,1,0,0,1,1,1
815,"UNI68","Full-time","No","Final Year","3","Psychology with Neuroscience","Yes","Female","Non-UKRN",1,0,NA,NA,0,0,1,1,0,0,1,1,1
816,"UNI68","Full-time","No","Year 2","4","Psychology with economics","No","Female","Non-UKRN",1,0,NA,NA,0,0,0,1,0,0,1,1,1
817,"UNI68","Full-time","Yes","Year 2","4","BSc Psychology","Yes","Female","Non-UKRN",1,0,NA,NA,0,0,0,1,0,0,1,1,1
818,"UKRN08","Full-time","Yes","Placement Year","4","Psychology","No","Female ","UKRN",1,1,1,1,1,1,1,1,1,1,1,1,1
819,"UNI68","Full-time","No","Year 2","3","Psychology with criminology ","Yes","Female ","Non-UKRN",1,0,NA,NA,0,0,1,1,0,0,1,1,1
820,"UNI68","Full-time","No","Final Year","4","Psychology and criminology ","Yes","Female","Non-UKRN",1,1,1,0,0,0,1,1,1,1,1,1,1
821,"UNI68","Full-time","No","Year 1","3","Psychology BSc ","No","Male (ftm)","Non-UKRN",1,1,1,1,0,0,1,1,1,1,1,1,1
822,"UNI68","Full-time","No","Final Year","4","psychology with clinical approaches ","No","Male","Non-UKRN",1,0,NA,NA,0,0,1,1,0,0,1,1,1
823,"UNI68","Full-time","Yes","Year 2","3","psychology with criminology","Yes","Female","Non-UKRN",1,0,NA,NA,0,0,1,1,0,0,1,1,1
824,"UNI68","Full-time","No","Final Year","3","Psychology with Clinical Approaches","No","CisFemale","Non-UKRN",1,0,NA,NA,1,0,1,1,0,0,1,1,1
825,"UNI68","Full-time","No","Year 2","3","Bsc Psychology","Yes","Female","Non-UKRN",1,1,1,0,0,0,1,1,1,1,1,1,1
826,"UKRN08","Full-time","Yes","Year 2","3","Psychology","No","Female ","UKRN",1,1,1,1,0,0,1,1,1,1,1,1,1
827,"UKRN08","Full-time","Yes","Placement Year","3","Psychology ","Yes","Female ","UKRN",1,1,1,1,1,1,1,1,1,1,1,1,1
828,"UNI68","Full-time","Yes","Final Year","4","Psychology (with a professional placement year) ","Yes","Female ","Non-UKRN",1,1,1,1,0,0,1,1,1,1,1,1,1
829,"UNI68","Full-time","No","Year 2","3","Psychology","Yes","Female","Non-UKRN",1,1,0,1,0,0,0,1,1,1,1,1,1
830,"UNI68","Full-time","Yes","Placement Year","4","Psychology with Criminology (with professional placement year)","Yes","Female ","Non-UKRN",1,0,NA,NA,0,0,1,1,0,0,1,1,1
831,"UNI68","Full-time","No","Year 1","3","Psychology BSc","Yes","Female","Non-UKRN",1,1,1,1,0,0,1,1,1,1,1,1,1
832,"UNI68","Full-time","No","Final Year","4","Psychology","Yes","Female","Non-UKRN",1,1,0,0,0,0,0,1,1,1,1,1,1
833,"UNI68","Full-time","No","Year 2","3","BSc Psychology","No","Female","Non-UKRN",1,1,1,0,0,0,1,1,1,1,1,1,1
834,"UNI68","Full-time","No","Year 2","3","Psychology with clinical approaches","No","Female","Non-UKRN",1,0,NA,NA,0,0,1,1,0,0,1,1,1
835,"UNI68","Full-time","No","Year 2","3","Psychology","Yes","Female ","Non-UKRN",1,1,1,1,0,0,1,1,1,1,1,1,1
836,"UNI68","Full-time","No","Final Year","3","Psychology","Yes","Female","Non-UKRN",1,0,NA,NA,0,0,1,1,0,0,1,1,1
837,"UNI69","Full-time","No","Year 1","4","Psychology ","No","Female ","Non-UKRN",1,0,NA,NA,0,0,1,1,0,0,1,1,1
838,"UNI68","Full-time","Yes","Placement Year","4","Bsc Pcyhology with a placement year","Yes","female","Non-UKRN",1,1,0,1,1,0,1,1,1,1,1,1,1
839,"UNI68","Full-time","Yes","Final Year","4","Psychology with Neuroscience ","Yes","Female ","Non-UKRN",1,0,NA,NA,0,0,1,1,0,0,1,1,1
840,"UNI68","Full-time","Yes","Placement Year","4","Psychology BSc","Yes","Female","Non-UKRN",1,0,NA,NA,1,0,0,1,0,0,1,1,1
841,"UNI68","Full-time","No","Year 1","3","Psychology with criminology ","Yes","Female","Non-UKRN",1,1,1,1,0,0,1,1,1,1,1,1,1
842,"UNI68","Full-time","No","Final Year","4","Psychology (with foundation year)","Yes","Female","Non-UKRN",1,0,NA,NA,0,0,1,1,0,0,1,1,1
843,"UNI52","Full-time","Other (Please specify)","Year 1","3","BSc Psychology ","Yes","Female ","Non-UKRN",1,1,1,0,0,1,1,1,1,1,1,1,1
844,"UNI68","Full-time","No","Year 1","3","BSc Psychology with Criminology","Yes","Female","Non-UKRN",1,1,1,1,0,1,1,1,1,1,1,1,1
845,"UNI68","Full-time","No","Year 1","3","psychology bsc","Yes","female","Non-UKRN",1,1,1,0,0,0,1,1,1,1,1,1,1
846,"UNI68","Full-time","Other (Please specify)","Final Year","4","Psychology Bsc","Yes","male","Non-UKRN",1,1,1,1,0,0,1,1,1,1,1,1,1
847,"UNI68","Full-time","Yes","Year 1","4","Psychology","No","Female ","Non-UKRN",1,1,1,1,1,0,1,1,1,1,1,1,1
848,"UNI68","Full-time","Yes","Placement Year","4","Bsc Psychology ","Yes","Female ","Non-UKRN",1,0,NA,NA,1,0,1,1,0,0,1,1,1
849,"UNI68","Full-time","No","Year 1","3","psychology","No","male","Non-UKRN",1,1,1,0,0,0,1,1,1,1,1,1,1
850,"UNI68","Full-time","Other (Please specify)","Placement Year","4","Psychology with business and management (with a year abroad in year 3)","Yes","Female","Non-UKRN",1,1,0,0,0,0,1,1,1,1,1,1,1
851,"UNI68","Full-time","Yes","Year 1","4","Psychology ","No","Female ","Non-UKRN",1,1,1,1,1,0,1,1,1,1,1,1,1
852,"UNI68","Full-time","No","Year 1","3","BSc Psychology with Neuroscience","No","female","Non-UKRN",1,1,1,0,1,1,1,1,1,1,1,1,1
853,"UNI68","Full-time","No","Year 2","3","Bsc Psychology ","Yes","Male","Non-UKRN",1,1,1,0,0,0,1,1,1,1,1,1,1
854,"UNI68","Full-time","Yes","Placement Year","3","Psychology","Yes","Female","Non-UKRN",1,1,1,0,1,1,1,1,1,1,1,1,1
855,"UNI68","Full-time","No","Year 1","4","Psychology with clinical approaches ","Yes","Female","Non-UKRN",1,1,1,1,0,0,1,1,1,1,1,1,1
856,"UNI68","Full-time","No","Year 1","3","Psychology","No","female","Non-UKRN",1,1,1,1,0,0,1,1,1,1,1,1,1
857,"UNI01","Full-time","No","Year 2","3","Psychology with Criminology BSc (Hons)","Yes","Female ","Non-UKRN",1,0,NA,NA,0,0,1,1,0,0,1,1,1
859,"UNI68","Full-time","No","Final Year","3","Psychology","Yes","Female","Non-UKRN",1,1,1,0,0,0,1,1,1,1,1,1,1
860,"UNI52","Full-time","No","Year 1","3","Music and Psychology BA (hons)","No","female","Non-UKRN",1,1,1,0,1,1,1,1,1,1,1,1,1
861,"UNI69","Full-time","No","Final Year","4","Psychology ","No","Female ","Non-UKRN",1,1,NA,0,0,1,1,1,0,1,1,1,1
862,"UKRN08","Full-time","Yes","Year 2","3","Psychology ","Yes","Female","UKRN",1,1,1,1,1,1,1,1,1,1,1,1,1
863,"UKRN08","Full-time","No","Year 2","3","Psychology ","Yes","male","UKRN",1,1,NA,NA,NA,NA,NA,1,0,0,0,0,0
864,"UKRN08","Full-time","Yes","Year 1","4","Psychology Bsc","Yes","Female","UKRN",1,NA,NA,NA,NA,NA,NA,0,0,0,0,0,0
865,"UNI69","Full-time","No","Year 1","4","Foundation year psychology ","No","Female","Non-UKRN",1,NA,NA,NA,NA,NA,NA,0,0,0,0,0,0
866,"UNI52","Full-time","No","Final Year","3","Psychology Bsc","No","Female","Non-UKRN",1,NA,NA,NA,NA,NA,NA,0,0,0,0,0,0
867,"UNI52","Full-time","No","Year 1","3","Psychology ","Yes","Female","Non-UKRN",1,NA,NA,NA,NA,NA,NA,0,0,0,0,0,0
868,"UNI52","Full-time","No","Year 1","3","Psychology","Yes","Female","Non-UKRN",1,NA,NA,NA,NA,NA,NA,0,0,0,0,0,0
869,"UKRN08","Full-time","No","Final Year","3","Psychology","Yes","","UKRN",1,NA,NA,NA,NA,NA,NA,0,0,0,0,0,0
870,"UNI52","Full-time","No","Final Year","3","Psychology ","Yes","Female","Non-UKRN",1,NA,NA,NA,NA,NA,NA,0,0,0,0,0,0
871,"UNI52","Full-time","No","Year 2","3","Psychology ","Yes","female ","Non-UKRN",1,NA,NA,NA,NA,NA,NA,0,0,0,0,0,0
872,"UNI68","Full-time","No","Year 1","3","Psychology with Neuroscience","Yes","Male","Non-UKRN",1,1,1,1,1,0,1,1,1,1,1,1,1
873,"UNI68","Full-time","No","Year 1","3","Psychology ","Yes","Female","Non-UKRN",1,1,1,0,1,0,1,1,1,1,1,1,1
874,"UKRN08","Full-time","Yes","Placement Year","4","Psychology","Yes","Female","UKRN",1,NA,NA,NA,NA,NA,NA,0,0,0,0,0,0
875,"UNI69","Full-time","No","Year 1","3","Psychology ","Yes","Female ","Non-UKRN",1,1,NA,NA,NA,NA,NA,1,0,0,0,0,0
876,"UNI68","Full-time","No","Year 1","3","Psychology","Yes","Female","Non-UKRN",1,1,1,1,0,0,1,1,1,1,1,1,1
877,"UNI68","Full-time","No","Year 2","3","Psychology","No","Female","Non-UKRN",1,1,0,0,0,0,1,1,1,1,1,1,1
878,"UNI52","Full-time","No","Year 2","3","Psychology and Childhood and Youth (combined)","Yes","Female","Non-UKRN",1,NA,NA,NA,NA,NA,NA,0,0,0,0,0,0
879,"UKRN08","Full-time","No","Year 1","4","Psychology","No","female","UKRN",1,1,1,1,1,1,1,1,1,1,1,1,1
880,"UNI68","Full-time","Yes","Year 1","4","Psychology With A Professional Placement Year","Yes","Female","Non-UKRN",1,1,1,1,0,0,1,1,1,1,1,1,1
881,"UNI68","Full-time","No","Final Year","3","Psychology with Clinical Approaches","Yes","Female","Non-UKRN",1,0,NA,NA,0,0,1,1,0,0,1,1,1
882,"UNI52","Full-time","No","Year 1","3","Film and Visual Culture and Psychology","Yes","Female","Non-UKRN",1,1,1,1,1,1,1,1,1,1,1,1,1
883,"UNI52","Full-time","No","Year 2","3","Psychology","No","M","Non-UKRN",1,0,NA,NA,0,1,1,1,0,0,1,1,1
884,"UNI01","Full-time","No","Final Year","3","Psychology with Criminology","No","","Non-UKRN",1,0,NA,NA,0,1,1,1,0,0,1,1,1
885,"UNI69","Full-time","No","Year 1","3","BSc Psychology","No","","Non-UKRN",1,1,0,0,1,0,1,1,1,1,1,1,1
886,"UNI69","Full-time","No","Final Year","3","Psychology Honours","Yes","F","Non-UKRN",1,1,1,0,1,1,1,1,1,1,1,1,1
887,"UKRN08","Full-time","Other (Please specify)","Year 1","3","BsC Psychology","Yes","Female","UKRN",1,1,1,1,1,1,1,1,1,1,1,1,1
888,"UNI69","Full-time","No","Final Year","3","Psychology with Honours","Yes","Female ","Non-UKRN",1,NA,NA,NA,NA,NA,NA,0,0,0,0,0,0
889,"UKRN08","Full-time","Yes","Year 2","4","Foundation psychology with criminology ","No","F","UKRN",1,NA,NA,NA,NA,NA,NA,0,0,0,0,0,0
