"","ID","Uni","Full_Part","PTY","Current_Year","Course_Duration","Course_Name","Previous_Training","Gender","UKRN","timepoint","Awareness_Replication","Awareness_Materials","Awareness_Education","Awareness_Access","Awareness_Data","Awareness_Power","Awareness_Preregistration","Awareness_Preprint","Awareness_Score_Total","crisis_aware","crisis_learnt","crisis_explain","os_explain","os_learnt","Awareness_Completed"
"1",1,"UKRN02","Full-time","Other (Please specify)","Year 1","3","Psychology BSC","Yes","Female","UKRN",1,1,0,1,1,0,1,0,1,5,1,1,0,1,1,1
"2",2,"UKRN02","Full-time","Yes","Year 1","4","Psychology","No","Female","UKRN",1,0,0,1,1,0,0,1,1,4,1,1,1,0,1,1
"3",3,"UKRN02","Full-time","Yes","Placement Year","3","BSc Psychology","Yes","Female","UKRN",1,1,0,1,0,0,0,1,1,4,1,1,0,0,0,1
"4",4,"UKRN02","Full-time","Yes","Year 1","3","Psychology with Forensic Investigation ","Yes","Female ","UKRN",1,1,0,0,1,1,0,0,1,4,1,1,0,0,0,1
"5",5,"UKRN02","Full-time","Yes","Placement Year","3","Bsc Psychology","Yes","Female","UKRN",1,1,1,0,1,1,1,0,1,6,1,0,1,0,0,1
"6",6,"UKRN02","Full-time","No","Year 1","3","BSc Psychology","Yes","female","UKRN",1,1,0,1,1,1,1,1,1,7,1,1,1,1,1,1
"7",NA,NA,NA,NA,NA,NA,NA,NA,NA,NA,NA,NA,NA,NA,NA,NA,NA,NA,NA,NA,NA,NA,NA,NA,NA,NA
"8",8,"UKRN02","Full-time","Yes","Year 1","3","Psycholigy","No","female","UKRN",1,1,1,1,1,0,0,0,0,4,1,1,0,0,0,1
"9",9,"UKRN02","Full-time","Yes","Year 2","3","BSc Pyschology ","No","Female","UKRN",1,0,0,1,0,0,1,1,1,4,1,1,1,0,0,1
"10",10,"UKRN02","Full-time","Yes","Year 2","4","BSc (Hons) Psychology","No","Female ","UKRN",1,0,0,1,0,0,1,1,1,4,1,1,0,0,0,1
"11",11,"UKRN02","Full-time","Yes","Year 2","3","BsC Psychology ","No","Female ","UKRN",1,1,1,1,1,1,0,1,1,7,1,1,0,0,1,1
"12",NA,NA,NA,NA,NA,NA,NA,NA,NA,NA,NA,NA,NA,NA,NA,NA,NA,NA,NA,NA,NA,NA,NA,NA,NA,NA
"13",NA,NA,NA,NA,NA,NA,NA,NA,NA,NA,NA,NA,NA,NA,NA,NA,NA,NA,NA,NA,NA,NA,NA,NA,NA,NA
"14",14,"UKRN02","Full-time","Yes","Year 2","4","Psychology","Yes","Female ","UKRN",1,0,0,1,0,0,1,1,1,4,1,1,0,0,0,1
"15",15,"UKRN02","Full-time","Yes","Year 1","4","BPS Psychology ","Yes","Female ","UKRN",1,1,1,1,1,0,0,0,1,5,1,1,1,0,0,1
"16",16,"UKRN02","Full-time","Yes","Year 2","3","Psychology ","Yes","Female","UKRN",1,0,0,0,1,0,0,0,0,1,1,1,1,0,0,1
"17",17,"UKRN02","Full-time","Yes","Year 1","4","BSc Psychology","Yes","Female","UKRN",1,1,1,0,0,0,0,0,0,2,1,1,1,0,0,1
"18",18,"UKRN02","Full-time","Yes","Year 1","4","Psychology","Yes","Female","UKRN",1,1,0,0,0,0,1,1,1,4,1,1,0,0,0,1
"19",19,"UKRN02","Full-time","Yes","Year 1","3","BSc (Hons) Psychology","Yes","Female","UKRN",1,1,0,1,1,0,1,1,1,6,1,1,1,1,1,1
"20",20,"UKRN02","Full-time","Yes","Year 1","3","Psychology ","Yes","Male","UKRN",1,1,0,1,0,0,0,1,1,4,1,1,1,0,1,1
"21",NA,NA,NA,NA,NA,NA,NA,NA,NA,NA,NA,NA,NA,NA,NA,NA,NA,NA,NA,NA,NA,NA,NA,NA,NA,NA
"22",NA,NA,NA,NA,NA,NA,NA,NA,NA,NA,NA,NA,NA,NA,NA,NA,NA,NA,NA,NA,NA,NA,NA,NA,NA,NA
"23",23,"UKRN02","Full-time","Other (Please specify)","Year 1","3","Psychology","Yes","Female","UKRN",1,1,1,1,1,0,0,0,1,5,1,1,1,1,1,1
"24",24,"UNI02","Full-time","No","Year 2","3","BSc Psychology Hons","No","N/A","Non-UKRN",1,1,1,0,1,1,1,1,0,6,1,1,1,0,0,1
"25",25,"UNI02","Full-time","No","Year 2","3","Single honours Psychology ","Yes","Female","Non-UKRN",1,0,0,1,0,0,0,0,1,2,1,1,1,0,0,1
"26",27,"UNI02","Full-time","No","Final Year","3","Psychology ","No","Female ","Non-UKRN",1,1,1,1,1,1,1,1,1,8,1,0,0,0,0,1
"27",28,"UNI02","Full-time","No","Year 2","3","Psychology","Yes","Female ","Non-UKRN",1,1,1,1,1,1,1,1,1,8,1,1,1,0,1,1
"28",29,"UNI02","Full-time","No","Final Year","3","Psychology ","Yes","Female ","Non-UKRN",1,1,0,1,0,0,1,0,1,4,1,1,1,0,0,1
"29",30,"UNI02","Full-time","No","Final Year","3","Psychology ","Yes","Female ","Non-UKRN",1,1,1,1,0,0,1,0,1,5,1,0,0,1,0,1
"30",31,"UNI02","Full-time","No","Year 1","3","Psychology with counselling ","Yes","Female","Non-UKRN",1,1,1,1,0,0,1,1,1,6,1,0,0,0,1,1
"31",32,"UNI02","Full-time","No","Final Year","3","Bsc(hons) psychology ","Yes","Female ","Non-UKRN",1,1,1,1,1,1,1,1,1,8,1,1,0,0,0,1
"32",33,"UNI01","Full-time","No","Year 2","3","BSc (Hons) Psychology with Criminology","Yes","Female","Non-UKRN",1,0,0,1,1,1,0,0,1,4,1,0,0,0,0,1
"33",34,"UNI02","Full-time","No","Year 2","3","Psychology with clinical skills","No","Female","Non-UKRN",1,0,0,0,1,0,0,1,1,3,1,1,1,1,1,1
"34",35,"UNI01","Full-time","No","Final Year","3","Psychology with Criminology","No","Female","Non-UKRN",1,1,1,1,0,1,1,0,1,6,1,1,0,1,1,1
"35",36,"UNI02","Full-time","Yes","Year 2","3","Psychology","No","Female","Non-UKRN",1,0,0,1,0,0,0,0,1,2,1,1,0,0,0,1
"36",37,"UNI02","Full-time","No","Year 2","3","Bsc (Hons) Psychology","No","Female","Non-UKRN",1,0,0,1,0,0,0,0,0,1,1,1,0,0,0,1
"37",38,"UNI02","Full-time","Yes","Year 2","4","Forensic psychology ","No","Female ","Non-UKRN",1,1,0,1,0,1,1,1,1,6,1,1,0,1,1,1
"38",NA,NA,NA,NA,NA,NA,NA,NA,NA,NA,NA,NA,NA,NA,NA,NA,NA,NA,NA,NA,NA,NA,NA,NA,NA,NA
"39",40,"UNI01","Full-time","No","Year 1","3","Bsc Psychology (Hons)","Yes","Female","Non-UKRN",1,1,1,1,1,1,1,0,1,7,1,1,1,0,0,1
"40",41,"UNI02","Full-time","No","Year 2","3","Psychology with clinical skills","No","Female ","Non-UKRN",1,0,0,1,0,0,0,1,1,3,1,0,1,0,0,1
"41",NA,NA,NA,NA,NA,NA,NA,NA,NA,NA,NA,NA,NA,NA,NA,NA,NA,NA,NA,NA,NA,NA,NA,NA,NA,NA
"42",44,"UNI01","Full-time","No","Year 2","3","Psychology","No","Female","Non-UKRN",1,0,0,0,1,0,0,1,1,3,1,1,1,0,0,1
"43",NA,NA,NA,NA,NA,NA,NA,NA,NA,NA,NA,NA,NA,NA,NA,NA,NA,NA,NA,NA,NA,NA,NA,NA,NA,NA
"44",46,"UKRN07","Full-time","Yes","Final Year","4","Psychology with Professional Placement","Yes","Female","UKRN",1,1,1,1,1,0,1,1,1,7,1,1,1,1,0,1
"45",NA,NA,NA,NA,NA,NA,NA,NA,NA,NA,NA,NA,NA,NA,NA,NA,NA,NA,NA,NA,NA,NA,NA,NA,NA,NA
"46",48,"UKRN07","Full-time","No","Final Year","3","BSc Psychology","Yes","Female","UKRN",1,0,0,1,1,0,0,0,1,3,1,1,1,0,0,1
"47",49,"UKRN07","Full-time","Yes","Final Year","4","Psychology with Professional Placement","Yes","Male","UKRN",1,1,1,1,1,0,1,1,1,7,1,1,1,0,0,1
"48",NA,NA,NA,NA,NA,NA,NA,NA,NA,NA,NA,NA,NA,NA,NA,NA,NA,NA,NA,NA,NA,NA,NA,NA,NA,NA
"49",51,"UKRN07","Full-time","No","Final Year","3","Psychology with Neuroscience","Yes","Female","UKRN",1,1,0,1,1,0,0,1,1,5,1,1,1,1,1,1
"50",NA,NA,NA,NA,NA,NA,NA,NA,NA,NA,NA,NA,NA,NA,NA,NA,NA,NA,NA,NA,NA,NA,NA,NA,NA,NA
"51",NA,NA,NA,NA,NA,NA,NA,NA,NA,NA,NA,NA,NA,NA,NA,NA,NA,NA,NA,NA,NA,NA,NA,NA,NA,NA
"52",54,"UNI04","Full-time","Other (Please specify)","Final Year","4","Psychology (with a Year Abroad)","No","Female","Non-UKRN",1,0,1,0,1,1,0,1,1,5,1,1,0,0,0,1
"53",55,"UNI04","Full-time","No","Final Year","3","BSc Psychology","Yes","Female","Non-UKRN",1,0,0,1,0,0,0,0,1,2,1,1,1,0,0,1
"54",56,"UKRN07","Full-time","No","Final Year","3","BSc Psychology (Hons) ","Yes","Female ","UKRN",1,1,1,1,0,1,1,1,1,7,1,1,1,1,1,1
"55",57,"UNI04","Full-time","Yes","Year 2","4","BSc Psychology with Placement Year","No","Male","Non-UKRN",1,0,0,1,0,0,1,1,1,4,1,1,0,0,0,1
"56",58,"UKRN02","Full-time","Yes","Year 1","4","Psychology with counselling","Yes","Female","UKRN",1,0,1,0,0,0,1,1,0,3,1,0,1,0,1,1
"57",NA,NA,NA,NA,NA,NA,NA,NA,NA,NA,NA,NA,NA,NA,NA,NA,NA,NA,NA,NA,NA,NA,NA,NA,NA,NA
"58",60,"UNI11","Full-time","No","Final Year","3","Psychology and child development ","Yes","Female","Non-UKRN",1,0,1,0,0,0,0,0,0,1,1,1,0,0,0,1
"59",61,"UNI11","Full-time","No","Final Year","3","Bsc Psychology ","Yes","Female","Non-UKRN",1,1,1,0,1,1,1,0,1,6,1,1,1,0,0,1
"60",NA,NA,NA,NA,NA,NA,NA,NA,NA,NA,NA,NA,NA,NA,NA,NA,NA,NA,NA,NA,NA,NA,NA,NA,NA,NA
"61",NA,NA,NA,NA,NA,NA,NA,NA,NA,NA,NA,NA,NA,NA,NA,NA,NA,NA,NA,NA,NA,NA,NA,NA,NA,NA
"62",64,"UNI11","Full-time","No","Year 1","3","Bsc Psychology","Yes","Female","Non-UKRN",1,0,0,1,0,0,1,0,1,3,1,0,1,0,0,1
"63",65,"UNI11","Full-time","No","Year 1","3","Psychology with child development ","Yes","Female","Non-UKRN",1,0,0,1,0,0,1,0,1,3,1,1,0,0,0,1
"64",NA,NA,NA,NA,NA,NA,NA,NA,NA,NA,NA,NA,NA,NA,NA,NA,NA,NA,NA,NA,NA,NA,NA,NA,NA,NA
"65",NA,NA,NA,NA,NA,NA,NA,NA,NA,NA,NA,NA,NA,NA,NA,NA,NA,NA,NA,NA,NA,NA,NA,NA,NA,NA
"66",68,"UNI11","Full-time","No","Year 1","3","Psychology","Yes","Female","Non-UKRN",1,1,0,1,0,0,0,1,1,4,1,1,1,0,0,1
"67",NA,NA,NA,NA,NA,NA,NA,NA,NA,NA,NA,NA,NA,NA,NA,NA,NA,NA,NA,NA,NA,NA,NA,NA,NA,NA
"68",70,"UNI11","Full-time","No","Year 2","3","BSc Psychology ","Yes","Female","Non-UKRN",1,1,1,1,1,0,0,1,1,6,1,1,1,1,1,1
"69",NA,NA,NA,NA,NA,NA,NA,NA,NA,NA,NA,NA,NA,NA,NA,NA,NA,NA,NA,NA,NA,NA,NA,NA,NA,NA
"70",72,"UNI11","Full-time","No","Year 1","3","psychology ","Yes","female","Non-UKRN",1,1,1,0,1,1,0,1,1,6,1,1,1,0,0,1
"71",NA,NA,NA,NA,NA,NA,NA,NA,NA,NA,NA,NA,NA,NA,NA,NA,NA,NA,NA,NA,NA,NA,NA,NA,NA,NA
"72",74,"UNI11","Full-time","No","Year 1","3","Bsc Psychology","Yes","female","Non-UKRN",1,1,1,1,1,1,1,0,1,7,1,1,1,1,1,1
"73",75,"UNI11","Full-time","No","Year 1","3","Psychology BSc","Yes","Female","Non-UKRN",1,0,0,0,0,0,0,0,0,0,1,0,0,0,0,1
"74",76,"UNI11","Full-time","No","Year 1","3","Psychology","No","female","Non-UKRN",1,0,0,1,1,1,1,1,1,6,1,1,0,0,0,1
"75",NA,NA,NA,NA,NA,NA,NA,NA,NA,NA,NA,NA,NA,NA,NA,NA,NA,NA,NA,NA,NA,NA,NA,NA,NA,NA
"76",NA,NA,NA,NA,NA,NA,NA,NA,NA,NA,NA,NA,NA,NA,NA,NA,NA,NA,NA,NA,NA,NA,NA,NA,NA,NA
"77",79,"UKRN01","Full-time","Yes","Year 1","4","BSc Psychology","Yes","Female","UKRN",1,1,1,0,0,0,0,1,1,4,1,1,1,0,0,1
"78",80,"UKRN01","Full-time","Yes","Year 1","4","BSc Psychology ","Yes","Female","UKRN",1,0,0,1,1,1,1,0,1,5,1,0,0,0,0,1
"79",NA,NA,NA,NA,NA,NA,NA,NA,NA,NA,NA,NA,NA,NA,NA,NA,NA,NA,NA,NA,NA,NA,NA,NA,NA,NA
"80",NA,NA,NA,NA,NA,NA,NA,NA,NA,NA,NA,NA,NA,NA,NA,NA,NA,NA,NA,NA,NA,NA,NA,NA,NA,NA
"81",NA,NA,NA,NA,NA,NA,NA,NA,NA,NA,NA,NA,NA,NA,NA,NA,NA,NA,NA,NA,NA,NA,NA,NA,NA,NA
"82",84,"UKRN01","Full-time","Yes","Year 2","3","Psychology","Yes","Female","UKRN",1,1,1,0,1,1,0,1,0,5,1,1,0,0,1,1
"83",85,"UKRN01","Full-time","Yes","Year 2","4","Psychology ","Yes","Female","UKRN",1,1,1,0,0,0,0,1,1,4,1,1,1,0,0,1
"84",NA,NA,NA,NA,NA,NA,NA,NA,NA,NA,NA,NA,NA,NA,NA,NA,NA,NA,NA,NA,NA,NA,NA,NA,NA,NA
"85",87,"UKRN01","Full-time","Yes","Year 1","4","BSc psychology","Yes","Female","UKRN",1,1,1,1,1,1,1,0,0,6,1,0,0,0,0,1
"86",NA,NA,NA,NA,NA,NA,NA,NA,NA,NA,NA,NA,NA,NA,NA,NA,NA,NA,NA,NA,NA,NA,NA,NA,NA,NA
"87",NA,NA,NA,NA,NA,NA,NA,NA,NA,NA,NA,NA,NA,NA,NA,NA,NA,NA,NA,NA,NA,NA,NA,NA,NA,NA
"88",90,"UKRN01","Full-time","No","Year 1","3","Psychology Bsc","Yes","Female","UKRN",1,1,0,1,0,0,0,0,1,3,1,1,0,0,1,1
"89",NA,NA,NA,NA,NA,NA,NA,NA,NA,NA,NA,NA,NA,NA,NA,NA,NA,NA,NA,NA,NA,NA,NA,NA,NA,NA
"90",NA,NA,NA,NA,NA,NA,NA,NA,NA,NA,NA,NA,NA,NA,NA,NA,NA,NA,NA,NA,NA,NA,NA,NA,NA,NA
"91",93,"UKRN01","Full-time","Yes","Year 1","3","Psychology Bsc","Yes","Female","UKRN",1,0,0,1,0,0,0,1,1,3,1,0,1,0,0,1
"92",94,"UKRN01","Full-time","Yes","Placement Year","3","BSc Psychology","Yes","Female","UKRN",1,0,1,1,1,1,1,1,1,7,1,1,1,0,0,1
"93",95,"UKRN01","Full-time","Yes","Year 1","4","Psychology with placement year","Yes","Female","UKRN",1,1,1,1,1,1,1,1,1,8,1,1,0,0,0,1
"94",96,"UKRN01","Full-time","Yes","Year 1","4","BSc Psychology","Yes","Female","UKRN",1,1,1,1,1,1,1,1,0,7,1,1,0,0,0,1
"95",97,"UKRN01","Full-time","Yes","Placement Year","4","Psychology BsC","Yes","Female ","UKRN",1,1,1,1,0,0,1,0,1,5,1,1,1,0,0,1
"96",98,"UKRN01","Full-time","Yes","Placement Year","4","Psychology ","Yes","Female","UKRN",1,0,0,1,1,0,0,1,1,4,1,1,1,0,0,1
"97",99,"UKRN01","Full-time","Yes","Year 2","4","Psychology","Yes","Female","UKRN",1,1,1,1,0,0,1,0,1,5,1,0,1,0,0,1
"98",100,"UKRN01","Full-time","No","Year 2","3","Psychology","No","Male","UKRN",1,1,1,1,1,0,1,1,1,7,1,1,0,1,1,1
"99",101,"UKRN01","Full-time","No","Year 2","3","Psychology BSc","Yes","Male","UKRN",1,1,0,1,1,0,0,0,1,4,1,1,1,0,0,1
"100",NA,NA,NA,NA,NA,NA,NA,NA,NA,NA,NA,NA,NA,NA,NA,NA,NA,NA,NA,NA,NA,NA,NA,NA,NA,NA
"101",NA,NA,NA,NA,NA,NA,NA,NA,NA,NA,NA,NA,NA,NA,NA,NA,NA,NA,NA,NA,NA,NA,NA,NA,NA,NA
"102",104,"UKRN01","Full-time","Yes","Year 2","4","Psychology","Yes","Female","UKRN",1,1,1,0,1,1,0,0,1,5,1,1,0,0,0,1
"103",NA,NA,NA,NA,NA,NA,NA,NA,NA,NA,NA,NA,NA,NA,NA,NA,NA,NA,NA,NA,NA,NA,NA,NA,NA,NA
"104",NA,NA,NA,NA,NA,NA,NA,NA,NA,NA,NA,NA,NA,NA,NA,NA,NA,NA,NA,NA,NA,NA,NA,NA,NA,NA
"105",107,"UKRN01","Full-time","Yes","Placement Year","4","Psychology","Yes","Female","UKRN",1,1,1,1,1,0,1,1,1,7,1,1,1,1,1,1
"106",108,"UKRN01","Full-time","Yes","Year 1","4","Psychology","Yes","Female ","UKRN",1,1,0,1,0,0,0,0,1,3,1,1,1,0,0,1
"107",NA,NA,NA,NA,NA,NA,NA,NA,NA,NA,NA,NA,NA,NA,NA,NA,NA,NA,NA,NA,NA,NA,NA,NA,NA,NA
"108",110,"UKRN01","Full-time","Yes","Year 2","4","Psychology","Yes","Female","UKRN",1,1,1,1,1,1,1,1,1,8,1,1,1,0,0,1
"109",NA,NA,NA,NA,NA,NA,NA,NA,NA,NA,NA,NA,NA,NA,NA,NA,NA,NA,NA,NA,NA,NA,NA,NA,NA,NA
"110",112,"UKRN01","Full-time","Yes","Year 2","4","Psychology ","Yes","Female","UKRN",1,1,1,1,1,1,1,1,1,8,1,1,1,0,1,1
"111",NA,NA,NA,NA,NA,NA,NA,NA,NA,NA,NA,NA,NA,NA,NA,NA,NA,NA,NA,NA,NA,NA,NA,NA,NA,NA
"112",NA,NA,NA,NA,NA,NA,NA,NA,NA,NA,NA,NA,NA,NA,NA,NA,NA,NA,NA,NA,NA,NA,NA,NA,NA,NA
"113",115,"UKRN01","Full-time","No","Year 1","3","Psychology","No","Female","UKRN",1,1,1,1,0,0,1,1,1,6,1,0,1,0,0,1
"114",NA,NA,NA,NA,NA,NA,NA,NA,NA,NA,NA,NA,NA,NA,NA,NA,NA,NA,NA,NA,NA,NA,NA,NA,NA,NA
"115",NA,NA,NA,NA,NA,NA,NA,NA,NA,NA,NA,NA,NA,NA,NA,NA,NA,NA,NA,NA,NA,NA,NA,NA,NA,NA
"116",118,"UKRN01","Full-time","Yes","Year 1","4","Psychology","Yes","female","UKRN",1,1,1,1,1,1,1,1,1,8,1,0,1,0,0,1
"117",NA,NA,NA,NA,NA,NA,NA,NA,NA,NA,NA,NA,NA,NA,NA,NA,NA,NA,NA,NA,NA,NA,NA,NA,NA,NA
"118",NA,NA,NA,NA,NA,NA,NA,NA,NA,NA,NA,NA,NA,NA,NA,NA,NA,NA,NA,NA,NA,NA,NA,NA,NA,NA
"119",121,"UKRN01","Full-time","No","Year 2","3","Psychology","Yes","Female","UKRN",1,1,1,1,1,0,1,1,1,7,1,0,1,0,0,1
"120",122,"UKRN01","Full-time","Yes","Year 2","4","Psychology BSc","Yes","Female","UKRN",1,1,0,1,1,0,0,1,1,5,1,1,1,1,0,1
"121",123,"UKRN01","Full-time","Yes","Year 2","4","Psychology BSc","Yes","Female","UKRN",1,1,0,1,1,0,1,1,1,6,1,1,0,0,0,1
"122",124,"UKRN01","Full-time","Yes","Year 1","4","BSc Psychology","Yes","Female","UKRN",1,1,0,0,0,0,0,0,1,2,1,0,1,0,0,1
"123",125,"UKRN01","Full-time","Yes","Year 2","4","BSc Psychology","Yes","Female","UKRN",1,1,0,1,1,1,1,1,0,6,1,1,1,0,1,1
"124",NA,NA,NA,NA,NA,NA,NA,NA,NA,NA,NA,NA,NA,NA,NA,NA,NA,NA,NA,NA,NA,NA,NA,NA,NA,NA
"125",NA,NA,NA,NA,NA,NA,NA,NA,NA,NA,NA,NA,NA,NA,NA,NA,NA,NA,NA,NA,NA,NA,NA,NA,NA,NA
"126",NA,NA,NA,NA,NA,NA,NA,NA,NA,NA,NA,NA,NA,NA,NA,NA,NA,NA,NA,NA,NA,NA,NA,NA,NA,NA
"127",NA,NA,NA,NA,NA,NA,NA,NA,NA,NA,NA,NA,NA,NA,NA,NA,NA,NA,NA,NA,NA,NA,NA,NA,NA,NA
"128",NA,NA,NA,NA,NA,NA,NA,NA,NA,NA,NA,NA,NA,NA,NA,NA,NA,NA,NA,NA,NA,NA,NA,NA,NA,NA
"129",NA,NA,NA,NA,NA,NA,NA,NA,NA,NA,NA,NA,NA,NA,NA,NA,NA,NA,NA,NA,NA,NA,NA,NA,NA,NA
"130",132,"UKRN01","Full-time","Yes","Year 1","4","Psychology ","Yes","Female","UKRN",1,1,1,0,1,1,1,1,1,7,1,0,0,1,0,1
"131",133,"UKRN01","Full-time","No","Year 2","3","Psychology","Yes","female","UKRN",1,0,0,0,0,0,0,1,1,2,1,1,1,0,0,1
"132",NA,NA,NA,NA,NA,NA,NA,NA,NA,NA,NA,NA,NA,NA,NA,NA,NA,NA,NA,NA,NA,NA,NA,NA,NA,NA
"133",NA,NA,NA,NA,NA,NA,NA,NA,NA,NA,NA,NA,NA,NA,NA,NA,NA,NA,NA,NA,NA,NA,NA,NA,NA,NA
"134",NA,NA,NA,NA,NA,NA,NA,NA,NA,NA,NA,NA,NA,NA,NA,NA,NA,NA,NA,NA,NA,NA,NA,NA,NA,NA
"135",138,"UKRN01","Full-time","Yes","Year 2","4","Psychology Bsc","Yes","Female","UKRN",1,1,0,1,0,0,0,0,1,3,1,1,1,0,0,1
"136",NA,NA,NA,NA,NA,NA,NA,NA,NA,NA,NA,NA,NA,NA,NA,NA,NA,NA,NA,NA,NA,NA,NA,NA,NA,NA
"137",140,"UKRN01","Full-time","Yes","Year 2","4","Psychology","Yes","Female","UKRN",1,0,0,1,1,0,0,1,1,4,1,1,0,0,0,1
"138",NA,NA,NA,NA,NA,NA,NA,NA,NA,NA,NA,NA,NA,NA,NA,NA,NA,NA,NA,NA,NA,NA,NA,NA,NA,NA
"139",NA,NA,NA,NA,NA,NA,NA,NA,NA,NA,NA,NA,NA,NA,NA,NA,NA,NA,NA,NA,NA,NA,NA,NA,NA,NA
"140",NA,NA,NA,NA,NA,NA,NA,NA,NA,NA,NA,NA,NA,NA,NA,NA,NA,NA,NA,NA,NA,NA,NA,NA,NA,NA
"141",144,"UKRN01","Full-time","Yes","Year 1","4","Psychology Bsc ","Yes","Male ","UKRN",1,1,1,1,1,1,1,1,1,8,1,0,0,0,0,1
"142",NA,NA,NA,NA,NA,NA,NA,NA,NA,NA,NA,NA,NA,NA,NA,NA,NA,NA,NA,NA,NA,NA,NA,NA,NA,NA
"143",146,"UKRN01","Full-time","Yes","Year 1","4","BSc Psychology","Yes","Female","UKRN",1,1,1,1,0,0,1,0,1,5,1,0,0,0,0,1
"144",NA,NA,NA,NA,NA,NA,NA,NA,NA,NA,NA,NA,NA,NA,NA,NA,NA,NA,NA,NA,NA,NA,NA,NA,NA,NA
"145",148,"UKRN01","Full-time","Yes","Year 1","4","psychology bsc","Yes","female","UKRN",1,1,1,1,1,1,1,1,1,8,1,1,0,1,0,1
"146",149,"UKRN01","Full-time","Yes","Placement Year","4","BSc Psychology","No","Female ","UKRN",1,1,1,1,1,1,1,1,1,8,1,1,1,1,1,1
"147",NA,NA,NA,NA,NA,NA,NA,NA,NA,NA,NA,NA,NA,NA,NA,NA,NA,NA,NA,NA,NA,NA,NA,NA,NA,NA
"148",NA,NA,NA,NA,NA,NA,NA,NA,NA,NA,NA,NA,NA,NA,NA,NA,NA,NA,NA,NA,NA,NA,NA,NA,NA,NA
"149",152,"UKRN01","Full-time","Yes","Year 1","4","Psychology BSc","Yes","F","UKRN",1,1,1,1,1,1,1,0,1,7,1,0,1,1,0,1
"150",NA,NA,NA,NA,NA,NA,NA,NA,NA,NA,NA,NA,NA,NA,NA,NA,NA,NA,NA,NA,NA,NA,NA,NA,NA,NA
"151",154,"UKRN01","Full-time","Yes","Year 2","4","Psychology BSc","Yes","Female","UKRN",1,1,0,0,0,0,1,0,0,2,1,1,1,0,1,1
"152",155,"UKRN01","Full-time","Yes","Year 1","3","Bsc Psychology","No","Male","UKRN",1,1,1,0,1,1,0,0,0,4,1,1,1,0,0,1
"153",156,"UKRN01","Full-time","Yes","Year 1","4","Psychology ","Yes","Female","UKRN",1,1,1,0,1,1,0,0,0,4,1,0,0,0,0,1
"154",157,"UKRN01","Full-time","Yes","Year 1","4","BSc Psychology","Yes","Female","UKRN",1,0,0,1,1,0,1,1,1,5,1,0,0,0,0,1
"155",158,"UKRN01","Full-time","No","Year 1","3","Psychology","No","Female ","UKRN",1,1,1,0,1,1,0,1,1,6,1,1,0,1,0,1
"156",NA,NA,NA,NA,NA,NA,NA,NA,NA,NA,NA,NA,NA,NA,NA,NA,NA,NA,NA,NA,NA,NA,NA,NA,NA,NA
"157",160,"UKRN01","Full-time","Yes","Year 2","4","Psychology","Yes","female","UKRN",1,0,0,1,0,0,0,1,1,3,1,1,1,0,0,1
"158",161,"UKRN01","Full-time","Yes","Year 2","4","BSc Psychology","Yes","female","UKRN",1,0,0,1,1,1,1,1,1,6,1,0,1,0,0,1
"159",NA,NA,NA,NA,NA,NA,NA,NA,NA,NA,NA,NA,NA,NA,NA,NA,NA,NA,NA,NA,NA,NA,NA,NA,NA,NA
"160",163,"UKRN01","Full-time","Yes","Year 1","4","Psychology BSc","Yes","Female","UKRN",1,1,1,0,0,1,0,1,0,4,1,0,1,0,0,1
"161",164,"UKRN01","Full-time","Yes","Year 2","4","Psychology (BSc)","Yes","Female","UKRN",1,1,1,1,1,1,1,1,1,8,1,1,1,0,0,1
"162",165,"UKRN01","Full-time","Yes","Year 1","4","Psychology Bsc","Yes","Female","UKRN",1,1,0,0,1,1,0,0,1,4,1,1,1,0,0,1
"163",NA,NA,NA,NA,NA,NA,NA,NA,NA,NA,NA,NA,NA,NA,NA,NA,NA,NA,NA,NA,NA,NA,NA,NA,NA,NA
"164",NA,NA,NA,NA,NA,NA,NA,NA,NA,NA,NA,NA,NA,NA,NA,NA,NA,NA,NA,NA,NA,NA,NA,NA,NA,NA
"165",168,"UKRN01","Full-time","Yes","Year 1","3","Bsc Psychology","No","Female","UKRN",1,0,0,0,0,0,0,0,1,1,1,0,1,0,0,1
"166",NA,NA,NA,NA,NA,NA,NA,NA,NA,NA,NA,NA,NA,NA,NA,NA,NA,NA,NA,NA,NA,NA,NA,NA,NA,NA
"167",NA,NA,NA,NA,NA,NA,NA,NA,NA,NA,NA,NA,NA,NA,NA,NA,NA,NA,NA,NA,NA,NA,NA,NA,NA,NA
"168",171,"UKRN01","Full-time","Yes","Year 1","4","Psychology ","Yes","Female","UKRN",1,1,1,1,0,1,1,1,0,6,1,0,1,0,0,1
"169",172,"UKRN01","Full-time","Yes","Year 2","4","Psychology","Yes","female","UKRN",1,1,0,1,0,0,1,1,1,5,1,1,1,0,0,1
"170",NA,NA,NA,NA,NA,NA,NA,NA,NA,NA,NA,NA,NA,NA,NA,NA,NA,NA,NA,NA,NA,NA,NA,NA,NA,NA
"171",174,"UKRN01","Full-time","Yes","Year 2","4","Psychology","Yes","Male","UKRN",1,1,1,1,0,0,1,0,1,5,1,1,1,0,0,1
"172",175,"UKRN01","Full-time","Yes","Year 1","3","Psychology BSc","Yes","Female","UKRN",1,1,0,1,0,0,1,0,1,4,1,1,1,1,1,1
"173",176,"UKRN01","Full-time","Yes","Placement Year","4","psychology Bsc","Yes","female","UKRN",1,1,1,0,1,1,0,1,1,6,1,1,1,1,1,1
"174",177,"UKRN01","Full-time","Yes","Placement Year","4","Psychology","Yes","Male","UKRN",1,1,1,1,1,1,1,1,1,8,1,1,1,1,1,1
"175",178,"UKRN01","Full-time","Yes","Year 2","3","BSc Psychology","Yes","Female","UKRN",1,0,1,1,0,1,0,0,1,4,1,1,0,1,1,1
"176",179,"UKRN01","Full-time","Yes","Year 2","3","Psychology","No","Female","UKRN",1,0,0,0,0,0,0,0,0,0,1,1,1,1,0,1
"177",NA,NA,NA,NA,NA,NA,NA,NA,NA,NA,NA,NA,NA,NA,NA,NA,NA,NA,NA,NA,NA,NA,NA,NA,NA,NA
"178",181,"UKRN01","Full-time","No","Year 2","3","Psychology ","Yes","Female","UKRN",1,1,1,0,1,1,0,1,0,5,1,1,0,0,1,1
"179",182,"UKRN01","Full-time","Yes","Year 1","4","BSc Psychology","Yes","Female","UKRN",1,1,0,1,0,0,1,0,1,4,1,0,1,0,0,1
"180",183,"UKRN01","Full-time","Yes","Year 1","4","BCs psychology ","No","female","UKRN",1,0,0,0,1,1,0,0,0,2,1,0,0,1,0,1
"181",184,"UKRN01","Full-time","Yes","Year 2","4","Psychology","Yes","Female","UKRN",1,1,0,1,0,0,0,1,1,4,1,1,1,1,1,1
"182",185,"UKRN01","Full-time","Yes","Year 2","3","Psychology","Yes","female","UKRN",1,0,1,1,0,0,1,0,1,4,1,1,1,0,0,1
"183",186,"UKRN01","Full-time","Yes","Year 1","4","Psychology (BSc)","Yes","Male","UKRN",1,0,0,0,1,0,0,0,1,2,1,1,0,0,0,1
"184",187,"UKRN01","Full-time","Yes","Year 1","4","BSc Psychology","Yes","female","UKRN",1,1,1,1,1,0,1,1,1,7,1,0,1,0,0,1
"185",188,"UKRN01","Full-time","No","Year 1","3","BSc Psychology","Yes","Female","UKRN",1,0,0,1,0,0,1,0,0,2,1,0,0,0,0,1
"186",NA,NA,NA,NA,NA,NA,NA,NA,NA,NA,NA,NA,NA,NA,NA,NA,NA,NA,NA,NA,NA,NA,NA,NA,NA,NA
"187",NA,NA,NA,NA,NA,NA,NA,NA,NA,NA,NA,NA,NA,NA,NA,NA,NA,NA,NA,NA,NA,NA,NA,NA,NA,NA
"188",NA,NA,NA,NA,NA,NA,NA,NA,NA,NA,NA,NA,NA,NA,NA,NA,NA,NA,NA,NA,NA,NA,NA,NA,NA,NA
"189",192,"UKRN01","Full-time","Yes","Year 2","4","BSc Psychology","Yes","Female","UKRN",1,1,1,1,0,0,1,1,1,6,1,1,1,0,0,1
"190",193,"UKRN01","Full-time","Yes","Placement Year","4","Psychology BSc","No","female","UKRN",1,1,1,1,0,0,0,0,1,4,1,1,1,0,0,1
"191",NA,NA,NA,NA,NA,NA,NA,NA,NA,NA,NA,NA,NA,NA,NA,NA,NA,NA,NA,NA,NA,NA,NA,NA,NA,NA
"192",195,"UKRN01","Full-time","Yes","Year 2","4","Psychology","Yes","Female","UKRN",1,0,0,1,0,0,0,1,1,3,1,0,0,0,0,1
"193",196,"UKRN01","Full-time","Yes","Placement Year","4","BSc Psychology","Yes","Female","UKRN",1,1,0,1,1,1,0,1,1,6,1,1,1,0,0,1
"194",NA,NA,NA,NA,NA,NA,NA,NA,NA,NA,NA,NA,NA,NA,NA,NA,NA,NA,NA,NA,NA,NA,NA,NA,NA,NA
"195",NA,NA,NA,NA,NA,NA,NA,NA,NA,NA,NA,NA,NA,NA,NA,NA,NA,NA,NA,NA,NA,NA,NA,NA,NA,NA
"196",199,"UKRN01","Full-time","Yes","Year 1","4","Psychology BSc","Yes","female","UKRN",1,1,1,0,1,1,0,1,0,5,1,1,1,0,0,1
"197",NA,NA,NA,NA,NA,NA,NA,NA,NA,NA,NA,NA,NA,NA,NA,NA,NA,NA,NA,NA,NA,NA,NA,NA,NA,NA
"198",201,"UKRN01","Full-time","Yes","Year 2","4","Psychology BSc","Yes","Male","UKRN",1,0,1,0,1,1,1,0,0,4,1,1,1,1,1,1
"199",NA,NA,NA,NA,NA,NA,NA,NA,NA,NA,NA,NA,NA,NA,NA,NA,NA,NA,NA,NA,NA,NA,NA,NA,NA,NA
"200",203,"UKRN01","Full-time","No","Year 1","3","Psychology Bsc","Yes","Female","UKRN",1,1,1,1,0,0,1,0,1,5,1,1,0,0,0,1
"201",NA,NA,NA,NA,NA,NA,NA,NA,NA,NA,NA,NA,NA,NA,NA,NA,NA,NA,NA,NA,NA,NA,NA,NA,NA,NA
"202",205,"UKRN01","Full-time","Yes","Year 1","4","Psychology Bsc","Yes","Female ","UKRN",1,1,1,1,0,1,1,1,0,6,1,0,0,1,0,1
"203",NA,NA,NA,NA,NA,NA,NA,NA,NA,NA,NA,NA,NA,NA,NA,NA,NA,NA,NA,NA,NA,NA,NA,NA,NA,NA
"204",NA,NA,NA,NA,NA,NA,NA,NA,NA,NA,NA,NA,NA,NA,NA,NA,NA,NA,NA,NA,NA,NA,NA,NA,NA,NA
"205",208,"UKRN01","Full-time","Yes","Year 2","4","Psychology","Yes","Female","UKRN",1,0,0,1,1,0,1,1,0,4,1,1,1,0,0,1
"206",209,"UKRN01","Full-time","Yes","Year 2","4","BSc Psychology","Yes","Male","UKRN",1,1,1,1,1,0,1,1,1,7,1,1,1,0,0,1
"207",NA,NA,NA,NA,NA,NA,NA,NA,NA,NA,NA,NA,NA,NA,NA,NA,NA,NA,NA,NA,NA,NA,NA,NA,NA,NA
"208",211,"UKRN01","Full-time","Yes","Year 2","4","Psychology BSc","Yes","Female","UKRN",1,1,1,0,0,0,0,1,1,4,1,1,1,0,1,1
"209",NA,NA,NA,NA,NA,NA,NA,NA,NA,NA,NA,NA,NA,NA,NA,NA,NA,NA,NA,NA,NA,NA,NA,NA,NA,NA
"210",NA,NA,NA,NA,NA,NA,NA,NA,NA,NA,NA,NA,NA,NA,NA,NA,NA,NA,NA,NA,NA,NA,NA,NA,NA,NA
"211",NA,NA,NA,NA,NA,NA,NA,NA,NA,NA,NA,NA,NA,NA,NA,NA,NA,NA,NA,NA,NA,NA,NA,NA,NA,NA
"212",NA,NA,NA,NA,NA,NA,NA,NA,NA,NA,NA,NA,NA,NA,NA,NA,NA,NA,NA,NA,NA,NA,NA,NA,NA,NA
"213",NA,NA,NA,NA,NA,NA,NA,NA,NA,NA,NA,NA,NA,NA,NA,NA,NA,NA,NA,NA,NA,NA,NA,NA,NA,NA
"214",NA,NA,NA,NA,NA,NA,NA,NA,NA,NA,NA,NA,NA,NA,NA,NA,NA,NA,NA,NA,NA,NA,NA,NA,NA,NA
"215",218,"UKRN01","Full-time","Yes","Year 2","4","BSc Psychology","Yes","Female","UKRN",1,1,1,1,0,1,0,0,1,5,1,1,1,0,1,1
"216",219,"UKRN01","Full-time","Yes","Year 2","4","Psychology ","Yes","Female","UKRN",1,0,0,1,0,0,0,1,1,3,1,1,0,0,0,1
"217",220,"UKRN01","Full-time","Yes","Year 1","4","BSc Psychology ","Yes","Female","UKRN",1,1,1,1,1,1,1,0,0,6,1,0,0,0,0,1
"218",221,"UKRN01","Full-time","Yes","Year 1","4","Psychology","Yes","female","UKRN",1,0,0,0,0,0,0,0,0,0,1,1,1,0,0,1
"219",222,"UKRN01","Full-time","Yes","Placement Year","3","Psychology","Yes","Female","UKRN",1,0,0,1,0,0,0,1,1,3,1,1,1,0,0,1
"220",NA,NA,NA,NA,NA,NA,NA,NA,NA,NA,NA,NA,NA,NA,NA,NA,NA,NA,NA,NA,NA,NA,NA,NA,NA,NA
"221",NA,NA,NA,NA,NA,NA,NA,NA,NA,NA,NA,NA,NA,NA,NA,NA,NA,NA,NA,NA,NA,NA,NA,NA,NA,NA
"222",NA,NA,NA,NA,NA,NA,NA,NA,NA,NA,NA,NA,NA,NA,NA,NA,NA,NA,NA,NA,NA,NA,NA,NA,NA,NA
"223",NA,NA,NA,NA,NA,NA,NA,NA,NA,NA,NA,NA,NA,NA,NA,NA,NA,NA,NA,NA,NA,NA,NA,NA,NA,NA
"224",NA,NA,NA,NA,NA,NA,NA,NA,NA,NA,NA,NA,NA,NA,NA,NA,NA,NA,NA,NA,NA,NA,NA,NA,NA,NA
"225",NA,NA,NA,NA,NA,NA,NA,NA,NA,NA,NA,NA,NA,NA,NA,NA,NA,NA,NA,NA,NA,NA,NA,NA,NA,NA
"226",NA,NA,NA,NA,NA,NA,NA,NA,NA,NA,NA,NA,NA,NA,NA,NA,NA,NA,NA,NA,NA,NA,NA,NA,NA,NA
"227",230,"UKRN01","Full-time","Yes","Placement Year","4","BSc Psychology","Yes","Female","UKRN",1,0,0,0,0,0,0,0,0,0,1,1,1,0,0,1
"228",NA,NA,NA,NA,NA,NA,NA,NA,NA,NA,NA,NA,NA,NA,NA,NA,NA,NA,NA,NA,NA,NA,NA,NA,NA,NA
"229",NA,NA,NA,NA,NA,NA,NA,NA,NA,NA,NA,NA,NA,NA,NA,NA,NA,NA,NA,NA,NA,NA,NA,NA,NA,NA
"230",233,"UKRN01","Full-time","Yes","Year 2","4","Psychology","Yes","female","UKRN",1,1,1,0,1,1,0,0,0,4,1,1,1,0,0,1
"231",234,"UKRN01","Full-time","Yes","Year 1","4","BSc Psychology","Yes","Female","UKRN",1,0,0,1,0,0,1,0,1,3,1,1,0,0,0,1
"232",NA,NA,NA,NA,NA,NA,NA,NA,NA,NA,NA,NA,NA,NA,NA,NA,NA,NA,NA,NA,NA,NA,NA,NA,NA,NA
"233",236,"UKRN01","Full-time","Yes","Placement Year","4","Psychology","Yes","Female","UKRN",1,0,0,1,0,0,0,1,1,3,1,0,0,1,0,1
"234",NA,NA,NA,NA,NA,NA,NA,NA,NA,NA,NA,NA,NA,NA,NA,NA,NA,NA,NA,NA,NA,NA,NA,NA,NA,NA
"235",238,"UKRN01","Full-time","Yes","Year 2","4","Psychology ","No","Female","UKRN",1,1,0,1,1,1,0,1,1,6,1,1,1,1,1,1
"236",239,"UKRN01","Full-time","Yes","Year 2","4","Psychology","Yes","Male","UKRN",1,1,1,1,1,1,1,1,1,8,1,1,1,1,1,1
"237",NA,NA,NA,NA,NA,NA,NA,NA,NA,NA,NA,NA,NA,NA,NA,NA,NA,NA,NA,NA,NA,NA,NA,NA,NA,NA
"238",NA,NA,NA,NA,NA,NA,NA,NA,NA,NA,NA,NA,NA,NA,NA,NA,NA,NA,NA,NA,NA,NA,NA,NA,NA,NA
"239",242,"UKRN01","Full-time","Yes","Year 2","3","psychology Bsc","No","female","UKRN",1,0,0,0,1,1,1,1,0,4,1,0,0,0,0,1
"240",243,"UKRN01","Full-time","No","Year 1","3","Psychology BSc","No","Female","UKRN",1,1,1,1,1,0,1,0,1,6,1,0,1,0,0,1
"241",244,"UKRN01","Full-time","Yes","Placement Year","4","Psychology BSc","Yes","Female","UKRN",1,1,1,1,1,1,1,1,1,8,1,0,1,0,0,1
"242",NA,NA,NA,NA,NA,NA,NA,NA,NA,NA,NA,NA,NA,NA,NA,NA,NA,NA,NA,NA,NA,NA,NA,NA,NA,NA
"243",NA,NA,NA,NA,NA,NA,NA,NA,NA,NA,NA,NA,NA,NA,NA,NA,NA,NA,NA,NA,NA,NA,NA,NA,NA,NA
"244",247,"UKRN01","Full-time","Yes","Placement Year","4","Bsc Psychology","No","Male","UKRN",1,1,1,1,1,1,1,1,1,8,1,1,0,1,1,1
"245",NA,NA,NA,NA,NA,NA,NA,NA,NA,NA,NA,NA,NA,NA,NA,NA,NA,NA,NA,NA,NA,NA,NA,NA,NA,NA
"246",249,"UKRN01","Full-time","Yes","Year 1","4","BSc Psychology","Yes","Male","UKRN",1,0,0,0,0,0,0,0,1,1,1,0,1,0,0,1
"247",250,"UKRN01","Full-time","Yes","Year 1","4","Psychology","Yes","Female","UKRN",1,1,1,1,1,1,1,0,1,7,1,0,0,1,0,1
"248",251,"UKRN01","Full-time","Yes","Final Year","4","Psychology BSc","Yes","Female","UKRN",1,0,0,0,0,0,0,1,1,2,1,1,1,0,0,1
"249",NA,NA,NA,NA,NA,NA,NA,NA,NA,NA,NA,NA,NA,NA,NA,NA,NA,NA,NA,NA,NA,NA,NA,NA,NA,NA
"250",NA,NA,NA,NA,NA,NA,NA,NA,NA,NA,NA,NA,NA,NA,NA,NA,NA,NA,NA,NA,NA,NA,NA,NA,NA,NA
"251",NA,NA,NA,NA,NA,NA,NA,NA,NA,NA,NA,NA,NA,NA,NA,NA,NA,NA,NA,NA,NA,NA,NA,NA,NA,NA
"252",NA,NA,NA,NA,NA,NA,NA,NA,NA,NA,NA,NA,NA,NA,NA,NA,NA,NA,NA,NA,NA,NA,NA,NA,NA,NA
"253",NA,NA,NA,NA,NA,NA,NA,NA,NA,NA,NA,NA,NA,NA,NA,NA,NA,NA,NA,NA,NA,NA,NA,NA,NA,NA
"254",NA,NA,NA,NA,NA,NA,NA,NA,NA,NA,NA,NA,NA,NA,NA,NA,NA,NA,NA,NA,NA,NA,NA,NA,NA,NA
"255",258,"UKRN01","Full-time","No","Year 2","2","Psychology BSc","Yes","Female","UKRN",1,1,1,0,1,1,0,0,0,4,1,1,1,0,1,1
"256",259,"UKRN01","Full-time","Yes","Placement Year","4","Psychology","Yes","Female","UKRN",1,0,0,1,0,0,1,1,1,4,1,1,1,0,0,1
"257",260,"UKRN01","Full-time","Yes","Placement Year","4","Psychology BSc","Yes","Female","UKRN",1,0,0,1,0,0,1,0,1,3,1,1,1,0,0,1
"258",261,"UKRN01","Full-time","Yes","Year 1","4","Psychology","Yes","female","UKRN",1,1,1,1,0,1,1,1,1,7,1,0,0,0,0,1
"259",262,"UKRN01","Full-time","No","Year 2","3","psychology","Yes","female","UKRN",1,1,0,1,1,0,1,1,1,6,1,1,0,1,1,1
"260",NA,NA,NA,NA,NA,NA,NA,NA,NA,NA,NA,NA,NA,NA,NA,NA,NA,NA,NA,NA,NA,NA,NA,NA,NA,NA
"261",NA,NA,NA,NA,NA,NA,NA,NA,NA,NA,NA,NA,NA,NA,NA,NA,NA,NA,NA,NA,NA,NA,NA,NA,NA,NA
"262",NA,NA,NA,NA,NA,NA,NA,NA,NA,NA,NA,NA,NA,NA,NA,NA,NA,NA,NA,NA,NA,NA,NA,NA,NA,NA
"263",266,"UKRN01","Full-time","Yes","Placement Year","4","BSc Psychology with placement year","Yes","female","UKRN",1,1,1,1,1,0,1,1,1,7,1,1,0,0,0,1
"264",267,"UKRN01","Full-time","Yes","Year 1","4","Psychology","Yes","Female","UKRN",1,0,0,0,1,1,1,0,0,3,1,0,1,0,0,1
"265",268,"UKRN01","Full-time","Yes","Year 2","4","Bsc Psychology","Yes","female","UKRN",1,1,0,1,0,1,1,1,1,6,1,1,1,1,1,1
"266",NA,NA,NA,NA,NA,NA,NA,NA,NA,NA,NA,NA,NA,NA,NA,NA,NA,NA,NA,NA,NA,NA,NA,NA,NA,NA
"267",NA,NA,NA,NA,NA,NA,NA,NA,NA,NA,NA,NA,NA,NA,NA,NA,NA,NA,NA,NA,NA,NA,NA,NA,NA,NA
"268",NA,NA,NA,NA,NA,NA,NA,NA,NA,NA,NA,NA,NA,NA,NA,NA,NA,NA,NA,NA,NA,NA,NA,NA,NA,NA
"269",NA,NA,NA,NA,NA,NA,NA,NA,NA,NA,NA,NA,NA,NA,NA,NA,NA,NA,NA,NA,NA,NA,NA,NA,NA,NA
"270",NA,NA,NA,NA,NA,NA,NA,NA,NA,NA,NA,NA,NA,NA,NA,NA,NA,NA,NA,NA,NA,NA,NA,NA,NA,NA
"271",274,"UKRN01","Full-time","No","Year 2","3","Undergraduate Psychology","No","Female","UKRN",1,1,0,0,1,1,1,0,1,5,1,1,1,1,1,1
"272",NA,NA,NA,NA,NA,NA,NA,NA,NA,NA,NA,NA,NA,NA,NA,NA,NA,NA,NA,NA,NA,NA,NA,NA,NA,NA
"273",NA,NA,NA,NA,NA,NA,NA,NA,NA,NA,NA,NA,NA,NA,NA,NA,NA,NA,NA,NA,NA,NA,NA,NA,NA,NA
"274",NA,NA,NA,NA,NA,NA,NA,NA,NA,NA,NA,NA,NA,NA,NA,NA,NA,NA,NA,NA,NA,NA,NA,NA,NA,NA
"275",278,"UKRN01","Full-time","Yes","Year 1","4","Psychology","Yes","Female","UKRN",1,0,0,0,0,0,1,0,1,2,1,0,1,0,0,1
"276",NA,NA,NA,NA,NA,NA,NA,NA,NA,NA,NA,NA,NA,NA,NA,NA,NA,NA,NA,NA,NA,NA,NA,NA,NA,NA
"277",NA,NA,NA,NA,NA,NA,NA,NA,NA,NA,NA,NA,NA,NA,NA,NA,NA,NA,NA,NA,NA,NA,NA,NA,NA,NA
"278",NA,NA,NA,NA,NA,NA,NA,NA,NA,NA,NA,NA,NA,NA,NA,NA,NA,NA,NA,NA,NA,NA,NA,NA,NA,NA
"279",282,"UKRN06","Full-time","No","Year 2","3","BSc Psychology ","Yes","Female ","UKRN",1,0,0,0,1,1,0,0,0,2,1,1,1,1,1,1
"280",283,"UKRN06","Full-time","No","Year 1","3","Psychology","No","Female","UKRN",1,1,1,1,0,0,1,0,1,5,1,1,1,1,1,1
"281",284,"UKRN06","Full-time","No","Year 2","3","Psychology BSc","Yes","Female","UKRN",1,1,1,1,1,0,1,1,1,7,1,1,1,0,0,1
"282",285,"UKRN06","Full-time","Yes","Placement Year","3","BSc Experimental Psychology","Yes","f","UKRN",1,1,1,1,1,1,1,1,1,8,1,1,1,0,1,1
"283",286,"UKRN06","Full-time","No","Final Year","3","Experimental psychology","Yes","Male","UKRN",1,1,1,1,1,0,0,1,1,6,1,1,1,1,1,1
"284",287,"UKRN06","Full-time","No","Year 1","3","BSc Psychology","Yes","Female ","UKRN",1,0,0,0,0,0,0,0,1,1,1,0,0,0,0,1
"285",288,"UKRN06","Full-time","No","Year 2","3","BSc psychology ","Yes","Female ","UKRN",1,1,1,1,1,1,1,1,1,8,1,1,1,1,1,1
"286",289,"UKRN06","Full-time","No","Final Year","3","Psychological Science","Yes","Female","UKRN",1,1,0,1,1,0,0,1,1,5,1,1,1,0,0,1
"287",NA,NA,NA,NA,NA,NA,NA,NA,NA,NA,NA,NA,NA,NA,NA,NA,NA,NA,NA,NA,NA,NA,NA,NA,NA,NA
"288",291,"UKRN06","Full-time","No","Final Year","4","BSc psychology","No","Female","UKRN",1,1,1,1,1,0,0,1,1,6,1,1,1,1,0,1
"289",NA,NA,NA,NA,NA,NA,NA,NA,NA,NA,NA,NA,NA,NA,NA,NA,NA,NA,NA,NA,NA,NA,NA,NA,NA,NA
"290",293,"UKRN06","Full-time","No","Year 2","3","Psychology","Yes","Female","UKRN",1,1,1,1,1,0,1,1,1,7,1,1,0,1,1,1
"291",294,"UKRN06","Full-time","No","Year 2","4","Psychology with Innovation","Yes","Female","UKRN",1,1,1,1,1,0,1,1,1,7,1,1,1,1,1,1
"292",295,"UKRN06","Full-time","No","Year 1","3","Psychology","Yes","female","UKRN",1,1,0,1,1,0,1,0,1,5,1,0,0,0,1,1
"293",296,"UKRN06","Full-time","No","Final Year","3","Psychological Science","Yes","Male","UKRN",1,1,1,1,0,0,1,1,0,5,1,1,1,0,0,1
"294",NA,NA,NA,NA,NA,NA,NA,NA,NA,NA,NA,NA,NA,NA,NA,NA,NA,NA,NA,NA,NA,NA,NA,NA,NA,NA
"295",NA,NA,NA,NA,NA,NA,NA,NA,NA,NA,NA,NA,NA,NA,NA,NA,NA,NA,NA,NA,NA,NA,NA,NA,NA,NA
"296",299,"UKRN06","Full-time","No","Year 1","3","Psychology BsC","Yes","Male","UKRN",1,1,1,1,1,0,0,0,1,5,1,1,1,0,0,1
"297",300,"UKRN06","Full-time","No","Final Year","3","Psychology","Yes","Female","UKRN",1,1,1,1,1,1,0,1,1,7,1,1,1,1,1,1
"298",301,"UKRN06","Full-time","No","Year 1","3","Psychology (BSc)","No","Female","UKRN",1,1,1,0,1,1,0,1,1,6,1,1,1,0,0,1
"299",302,"UNI04","Full-time","No","Final Year","4","BSc Psychology with a year abroad","Yes","Female","Non-UKRN",1,1,1,1,1,0,1,0,1,6,1,1,1,0,0,1
"300",303,"UNI04","Full-time","No","Final Year","3","PSYCHOLOGY","Yes","FEMALE","Non-UKRN",1,0,0,0,1,1,0,0,0,2,1,0,0,0,0,1
"301",NA,NA,NA,NA,NA,NA,NA,NA,NA,NA,NA,NA,NA,NA,NA,NA,NA,NA,NA,NA,NA,NA,NA,NA,NA,NA
"302",305,"UNI04","Full-time","No","Final Year","3","Bsc Psychology","Yes","female ","Non-UKRN",1,1,0,1,1,0,0,1,1,5,1,1,1,0,0,1
"303",NA,NA,NA,NA,NA,NA,NA,NA,NA,NA,NA,NA,NA,NA,NA,NA,NA,NA,NA,NA,NA,NA,NA,NA,NA,NA
"304",NA,NA,NA,NA,NA,NA,NA,NA,NA,NA,NA,NA,NA,NA,NA,NA,NA,NA,NA,NA,NA,NA,NA,NA,NA,NA
"305",NA,NA,NA,NA,NA,NA,NA,NA,NA,NA,NA,NA,NA,NA,NA,NA,NA,NA,NA,NA,NA,NA,NA,NA,NA,NA
"306",NA,NA,NA,NA,NA,NA,NA,NA,NA,NA,NA,NA,NA,NA,NA,NA,NA,NA,NA,NA,NA,NA,NA,NA,NA,NA
"307",NA,NA,NA,NA,NA,NA,NA,NA,NA,NA,NA,NA,NA,NA,NA,NA,NA,NA,NA,NA,NA,NA,NA,NA,NA,NA
"308",NA,NA,NA,NA,NA,NA,NA,NA,NA,NA,NA,NA,NA,NA,NA,NA,NA,NA,NA,NA,NA,NA,NA,NA,NA,NA
"309",NA,NA,NA,NA,NA,NA,NA,NA,NA,NA,NA,NA,NA,NA,NA,NA,NA,NA,NA,NA,NA,NA,NA,NA,NA,NA
"310",NA,NA,NA,NA,NA,NA,NA,NA,NA,NA,NA,NA,NA,NA,NA,NA,NA,NA,NA,NA,NA,NA,NA,NA,NA,NA
"311",NA,NA,NA,NA,NA,NA,NA,NA,NA,NA,NA,NA,NA,NA,NA,NA,NA,NA,NA,NA,NA,NA,NA,NA,NA,NA
"312",315,"UNI07","Full-time","No","Year 2","3","Psychology ","No","Female","Non-UKRN",1,0,0,1,0,0,0,0,1,2,1,1,0,0,0,1
"313",NA,NA,NA,NA,NA,NA,NA,NA,NA,NA,NA,NA,NA,NA,NA,NA,NA,NA,NA,NA,NA,NA,NA,NA,NA,NA
"314",317,"UKRN08","Full-time","No","Final Year","3","Bsc Psychology","Yes","Female","UKRN",1,0,0,1,0,0,0,0,1,2,1,1,1,0,0,1
"315",318,"UKRN08","Full-time","No","Final Year","3","BSc Psychology ","Yes","Female","UKRN",1,0,1,0,0,1,0,0,1,3,1,1,1,1,0,1
"316",319,"UKRN08","Full-time","Yes","Year 2","3","Psychology ","Yes","Female ","UKRN",1,1,1,1,1,0,0,0,1,5,1,1,1,1,1,1
"317",320,"UKRN08","Full-time","No","Final Year","3","Psychology ","Yes","Female","UKRN",1,1,1,1,1,1,1,1,1,8,1,1,1,1,1,1
"318",NA,NA,NA,NA,NA,NA,NA,NA,NA,NA,NA,NA,NA,NA,NA,NA,NA,NA,NA,NA,NA,NA,NA,NA,NA,NA
"319",NA,NA,NA,NA,NA,NA,NA,NA,NA,NA,NA,NA,NA,NA,NA,NA,NA,NA,NA,NA,NA,NA,NA,NA,NA,NA
"320",323,"UKRN05","Full-time","Yes","Year 1","3","Psychology ","Yes","Female ","UKRN",1,0,0,1,0,0,0,0,1,2,1,0,0,0,0,1
"321",NA,NA,NA,NA,NA,NA,NA,NA,NA,NA,NA,NA,NA,NA,NA,NA,NA,NA,NA,NA,NA,NA,NA,NA,NA,NA
"322",NA,NA,NA,NA,NA,NA,NA,NA,NA,NA,NA,NA,NA,NA,NA,NA,NA,NA,NA,NA,NA,NA,NA,NA,NA,NA
"323",327,"UKRN05","Full-time","No","Year 1","3","psychology","No","female","UKRN",1,0,0,1,0,0,1,1,0,3,1,1,1,0,0,1
"324",328,"UKRN05","Full-time","No","Year 1","3","Psychology Bsc","No","female","UKRN",1,0,0,1,0,0,0,1,1,3,1,0,1,0,0,1
"325",NA,NA,NA,NA,NA,NA,NA,NA,NA,NA,NA,NA,NA,NA,NA,NA,NA,NA,NA,NA,NA,NA,NA,NA,NA,NA
"326",NA,NA,NA,NA,NA,NA,NA,NA,NA,NA,NA,NA,NA,NA,NA,NA,NA,NA,NA,NA,NA,NA,NA,NA,NA,NA
"327",331,"UKRN08","Full-time","Yes","Year 1","4","Psychology ","Yes","Female ","UKRN",1,1,1,1,1,0,1,0,1,6,1,1,1,1,1,1
"328",332,"UKRN06","Full-time","No","Year 2","3","Psychology BSc","Yes","Female","UKRN",1,0,0,0,1,0,0,0,0,1,1,1,0,1,1,1
"329",NA,NA,NA,NA,NA,NA,NA,NA,NA,NA,NA,NA,NA,NA,NA,NA,NA,NA,NA,NA,NA,NA,NA,NA,NA,NA
"330",NA,NA,NA,NA,NA,NA,NA,NA,NA,NA,NA,NA,NA,NA,NA,NA,NA,NA,NA,NA,NA,NA,NA,NA,NA,NA
"331",NA,NA,NA,NA,NA,NA,NA,NA,NA,NA,NA,NA,NA,NA,NA,NA,NA,NA,NA,NA,NA,NA,NA,NA,NA,NA
"332",NA,NA,NA,NA,NA,NA,NA,NA,NA,NA,NA,NA,NA,NA,NA,NA,NA,NA,NA,NA,NA,NA,NA,NA,NA,NA
"333",NA,NA,NA,NA,NA,NA,NA,NA,NA,NA,NA,NA,NA,NA,NA,NA,NA,NA,NA,NA,NA,NA,NA,NA,NA,NA
"334",NA,NA,NA,NA,NA,NA,NA,NA,NA,NA,NA,NA,NA,NA,NA,NA,NA,NA,NA,NA,NA,NA,NA,NA,NA,NA
"335",339,"UKRN01","Full-time","Yes","Year 1","3","Psychology","Yes","Male","UKRN",1,0,0,1,0,0,0,1,1,3,1,0,0,0,0,1
"336",NA,NA,NA,NA,NA,NA,NA,NA,NA,NA,NA,NA,NA,NA,NA,NA,NA,NA,NA,NA,NA,NA,NA,NA,NA,NA
"337",341,"UNI19","Full-time","No","Final Year","3","BSc Psychology ","Yes","Female","Non-UKRN",1,1,0,1,0,0,1,0,0,3,1,1,1,0,0,1
"338",NA,NA,NA,NA,NA,NA,NA,NA,NA,NA,NA,NA,NA,NA,NA,NA,NA,NA,NA,NA,NA,NA,NA,NA,NA,NA
"339",NA,NA,NA,NA,NA,NA,NA,NA,NA,NA,NA,NA,NA,NA,NA,NA,NA,NA,NA,NA,NA,NA,NA,NA,NA,NA
"340",344,"UNI19","Full-time","No","Year 2","3","Psychology","No","Male","Non-UKRN",1,1,1,1,1,1,1,1,1,8,1,1,1,0,0,1
"341",345,"UNI21","Full-time","Other (Please specify)","Year 2","3","BSc Psychology","No","Female","Non-UKRN",1,0,0,1,0,0,0,1,1,3,1,1,1,0,0,1
"342",346,"UNI21","Full-time","No","Final Year","3","BSc Psychology ","No","Female ","Non-UKRN",1,1,0,1,1,1,1,1,1,7,1,1,1,0,1,1
"343",347,"UNI21","Full-time","Other (Please specify)","Year 1","3","BSc Psychology ","No","Female","Non-UKRN",1,0,1,0,0,1,0,1,0,3,1,1,1,0,0,1
"344",NA,NA,NA,NA,NA,NA,NA,NA,NA,NA,NA,NA,NA,NA,NA,NA,NA,NA,NA,NA,NA,NA,NA,NA,NA,NA
"345",349,"UNI21","Full-time","Other (Please specify)","Year 2","3","Psychology ","No","Female ","Non-UKRN",1,0,0,0,0,0,0,0,1,1,1,1,0,0,0,1
"346",350,"UNI21","Full-time","Other (Please specify)","Placement Year","3","BSc psychology","Yes","Male","Non-UKRN",1,0,0,0,1,1,0,1,0,3,1,1,1,0,0,1
"347",NA,NA,NA,NA,NA,NA,NA,NA,NA,NA,NA,NA,NA,NA,NA,NA,NA,NA,NA,NA,NA,NA,NA,NA,NA,NA
"348",352,"UNI19","Full-time","No","Final Year","3","BSc Psychology","Yes","female","Non-UKRN",1,1,1,1,0,1,1,0,1,6,1,1,1,1,0,1
"349",NA,NA,NA,NA,NA,NA,NA,NA,NA,NA,NA,NA,NA,NA,NA,NA,NA,NA,NA,NA,NA,NA,NA,NA,NA,NA
"350",NA,NA,NA,NA,NA,NA,NA,NA,NA,NA,NA,NA,NA,NA,NA,NA,NA,NA,NA,NA,NA,NA,NA,NA,NA,NA
"351",355,"UNI21","Full-time","Other (Please specify)","Placement Year","3","BSc (Hons) Psychology","Yes","Female","Non-UKRN",1,1,1,1,0,1,1,1,1,7,1,0,1,1,1,1
"352",NA,NA,NA,NA,NA,NA,NA,NA,NA,NA,NA,NA,NA,NA,NA,NA,NA,NA,NA,NA,NA,NA,NA,NA,NA,NA
"353",NA,NA,NA,NA,NA,NA,NA,NA,NA,NA,NA,NA,NA,NA,NA,NA,NA,NA,NA,NA,NA,NA,NA,NA,NA,NA
"354",358,"UNI21","Full-time","No","Year 2","3","BSc Psychology ","No","Female","Non-UKRN",1,1,0,0,1,1,0,1,0,4,1,0,1,0,0,1
"355",359,"UNI21","Full-time","Other (Please specify)","Year 1","3","Psychology ","No","Female","Non-UKRN",1,0,0,0,0,0,0,0,0,0,1,0,1,1,1,1
"356",360,"UNI21","Full-time","Other (Please specify)","Year 1","3","Psychology ","No","Female ","Non-UKRN",1,1,1,0,1,1,0,0,0,4,1,1,1,0,0,1
"357",NA,NA,NA,NA,NA,NA,NA,NA,NA,NA,NA,NA,NA,NA,NA,NA,NA,NA,NA,NA,NA,NA,NA,NA,NA,NA
"358",NA,NA,NA,NA,NA,NA,NA,NA,NA,NA,NA,NA,NA,NA,NA,NA,NA,NA,NA,NA,NA,NA,NA,NA,NA,NA
"359",363,"UNI22","Full-time","No","Final Year","4","Psychology BSc","Yes","Male","Non-UKRN",1,0,0,1,0,0,1,0,1,3,1,1,0,1,1,1
"360",364,"UNI22","Full-time","No","Year 2","3","Psychology ","Yes","Male ","Non-UKRN",1,1,1,0,1,1,0,0,0,4,1,1,0,0,1,1
"361",365,"UNI21","Full-time","Yes","Year 1","3","Psychology ","No","Female","Non-UKRN",1,0,0,1,0,0,1,1,1,4,1,1,1,1,1,1
"362",NA,NA,NA,NA,NA,NA,NA,NA,NA,NA,NA,NA,NA,NA,NA,NA,NA,NA,NA,NA,NA,NA,NA,NA,NA,NA
"363",NA,NA,NA,NA,NA,NA,NA,NA,NA,NA,NA,NA,NA,NA,NA,NA,NA,NA,NA,NA,NA,NA,NA,NA,NA,NA
"364",NA,NA,NA,NA,NA,NA,NA,NA,NA,NA,NA,NA,NA,NA,NA,NA,NA,NA,NA,NA,NA,NA,NA,NA,NA,NA
"365",369,"UNI19","Full-time","No","Year 2","3","Psychology Bsc","Yes","Female","Non-UKRN",1,0,0,1,0,0,1,0,1,3,1,1,1,0,1,1
"366",370,"UNI21","Full-time","Yes","Year 2","4","Psychology","No","Female","Non-UKRN",1,0,0,0,0,0,0,0,1,1,1,1,1,0,0,1
"367",371,"UNI21","Full-time","Other (Please specify)","Placement Year","3","Psychology/ Psychology with year of professional placement ","No","male","Non-UKRN",1,0,0,0,0,0,0,0,0,0,1,1,1,1,0,1
"368",372,"UNI21","Full-time","No","Final Year","3","BScHons Psychology","No","Female","Non-UKRN",1,0,0,1,0,0,0,1,1,3,1,1,0,0,0,1
"369",373,"UNI22","Full-time","No","Year 2","3","\psychology with criminology","Yes","female","Non-UKRN",1,0,0,0,0,0,0,0,0,0,1,0,0,1,0,1
"370",NA,NA,NA,NA,NA,NA,NA,NA,NA,NA,NA,NA,NA,NA,NA,NA,NA,NA,NA,NA,NA,NA,NA,NA,NA,NA
"371",NA,NA,NA,NA,NA,NA,NA,NA,NA,NA,NA,NA,NA,NA,NA,NA,NA,NA,NA,NA,NA,NA,NA,NA,NA,NA
"372",NA,NA,NA,NA,NA,NA,NA,NA,NA,NA,NA,NA,NA,NA,NA,NA,NA,NA,NA,NA,NA,NA,NA,NA,NA,NA
"373",377,"UNI19","Full-time","No","Year 2","3","Psychology ","Yes","Female ","Non-UKRN",1,1,0,1,0,0,0,1,1,4,1,0,1,0,0,1
"374",378,"UNI19","Full-time","No","Final Year","3","BSc Psychology","Yes","Male","Non-UKRN",1,1,1,0,0,0,1,1,1,5,1,0,1,0,0,1
"375",379,"UNI22","Full-time","No","Year 2","3","psychology with developmental disorders","No","female","Non-UKRN",1,0,0,0,0,0,0,0,1,1,1,0,0,0,0,1
"376",NA,NA,NA,NA,NA,NA,NA,NA,NA,NA,NA,NA,NA,NA,NA,NA,NA,NA,NA,NA,NA,NA,NA,NA,NA,NA
"377",381,"UNI22","Full-time","No","Year 1","3","Psychology with behavioural analysis","Yes","Female","Non-UKRN",1,0,0,1,0,0,1,0,1,3,1,0,1,0,0,1
"378",NA,NA,NA,NA,NA,NA,NA,NA,NA,NA,NA,NA,NA,NA,NA,NA,NA,NA,NA,NA,NA,NA,NA,NA,NA,NA
"379",NA,NA,NA,NA,NA,NA,NA,NA,NA,NA,NA,NA,NA,NA,NA,NA,NA,NA,NA,NA,NA,NA,NA,NA,NA,NA
"380",384,"UNI24","Full-time","No","Final Year","3","Psychology","Yes","Female","Non-UKRN",1,0,1,1,0,0,1,1,1,5,1,1,0,0,0,1
"381",385,"UNI24","Full-time","No","Year 1","3","Psychology and criminology ","Yes","Female ","Non-UKRN",1,1,1,1,1,1,1,1,1,8,1,0,0,0,0,1
"382",NA,NA,NA,NA,NA,NA,NA,NA,NA,NA,NA,NA,NA,NA,NA,NA,NA,NA,NA,NA,NA,NA,NA,NA,NA,NA
"383",NA,NA,NA,NA,NA,NA,NA,NA,NA,NA,NA,NA,NA,NA,NA,NA,NA,NA,NA,NA,NA,NA,NA,NA,NA,NA
"384",NA,NA,NA,NA,NA,NA,NA,NA,NA,NA,NA,NA,NA,NA,NA,NA,NA,NA,NA,NA,NA,NA,NA,NA,NA,NA
"385",NA,NA,NA,NA,NA,NA,NA,NA,NA,NA,NA,NA,NA,NA,NA,NA,NA,NA,NA,NA,NA,NA,NA,NA,NA,NA
"386",NA,NA,NA,NA,NA,NA,NA,NA,NA,NA,NA,NA,NA,NA,NA,NA,NA,NA,NA,NA,NA,NA,NA,NA,NA,NA
"387",NA,NA,NA,NA,NA,NA,NA,NA,NA,NA,NA,NA,NA,NA,NA,NA,NA,NA,NA,NA,NA,NA,NA,NA,NA,NA
"388",NA,NA,NA,NA,NA,NA,NA,NA,NA,NA,NA,NA,NA,NA,NA,NA,NA,NA,NA,NA,NA,NA,NA,NA,NA,NA
"389",NA,NA,NA,NA,NA,NA,NA,NA,NA,NA,NA,NA,NA,NA,NA,NA,NA,NA,NA,NA,NA,NA,NA,NA,NA,NA
"390",NA,NA,NA,NA,NA,NA,NA,NA,NA,NA,NA,NA,NA,NA,NA,NA,NA,NA,NA,NA,NA,NA,NA,NA,NA,NA
"391",NA,NA,NA,NA,NA,NA,NA,NA,NA,NA,NA,NA,NA,NA,NA,NA,NA,NA,NA,NA,NA,NA,NA,NA,NA,NA
"392",NA,NA,NA,NA,NA,NA,NA,NA,NA,NA,NA,NA,NA,NA,NA,NA,NA,NA,NA,NA,NA,NA,NA,NA,NA,NA
"393",NA,NA,NA,NA,NA,NA,NA,NA,NA,NA,NA,NA,NA,NA,NA,NA,NA,NA,NA,NA,NA,NA,NA,NA,NA,NA
"394",NA,NA,NA,NA,NA,NA,NA,NA,NA,NA,NA,NA,NA,NA,NA,NA,NA,NA,NA,NA,NA,NA,NA,NA,NA,NA
"395",NA,NA,NA,NA,NA,NA,NA,NA,NA,NA,NA,NA,NA,NA,NA,NA,NA,NA,NA,NA,NA,NA,NA,NA,NA,NA
"396",NA,NA,NA,NA,NA,NA,NA,NA,NA,NA,NA,NA,NA,NA,NA,NA,NA,NA,NA,NA,NA,NA,NA,NA,NA,NA
"397",NA,NA,NA,NA,NA,NA,NA,NA,NA,NA,NA,NA,NA,NA,NA,NA,NA,NA,NA,NA,NA,NA,NA,NA,NA,NA
"398",402,"UKRN03","Full-time","No","Year 2","3","Criminology and Psychology","Yes","Female ","UKRN",1,0,0,1,0,0,0,0,1,2,1,1,1,0,0,1
"399",NA,NA,NA,NA,NA,NA,NA,NA,NA,NA,NA,NA,NA,NA,NA,NA,NA,NA,NA,NA,NA,NA,NA,NA,NA,NA
"400",NA,NA,NA,NA,NA,NA,NA,NA,NA,NA,NA,NA,NA,NA,NA,NA,NA,NA,NA,NA,NA,NA,NA,NA,NA,NA
"401",405,"UKRN03","Full-time","No","Final Year","3","BSc (hons) Psychology","No","Woman","UKRN",1,1,1,1,1,0,1,1,1,7,1,1,1,1,1,1
"402",NA,NA,NA,NA,NA,NA,NA,NA,NA,NA,NA,NA,NA,NA,NA,NA,NA,NA,NA,NA,NA,NA,NA,NA,NA,NA
"403",NA,NA,NA,NA,NA,NA,NA,NA,NA,NA,NA,NA,NA,NA,NA,NA,NA,NA,NA,NA,NA,NA,NA,NA,NA,NA
"404",408,"UKRN03","Full-time","Other (Please specify)","Year 1","4","Psychology and French Studies","Yes","Female ","UKRN",1,0,0,0,0,0,0,0,1,1,1,0,1,0,0,1
"405",409,"UKRN03","Full-time","No","Final Year","3","BSc Psychology","Yes","Female","UKRN",1,1,0,1,1,0,1,0,1,5,1,1,1,0,0,1
"406",410,"UNI21","Full-time","No","Final Year","3","BSc Psychology","Yes","Female","Non-UKRN",1,0,0,1,0,0,1,1,1,4,1,1,1,0,0,1
"407",411,"UKRN03","Full-time","No","Year 1","3","Psychology Bsc","Yes","Female","UKRN",1,1,1,1,0,1,1,1,1,7,1,1,1,0,0,1
"408",412,"UNI19","Full-time","No","Year 2","3","Psychology","No","female ","Non-UKRN",1,0,1,0,1,1,0,0,0,3,1,1,0,0,0,1
"409",413,"UNI22","Full-time","No","Year 2","3","Sports psychology bsc ","No","Female ","Non-UKRN",1,1,1,0,1,1,1,1,1,7,1,0,0,0,0,1
"410",NA,NA,NA,NA,NA,NA,NA,NA,NA,NA,NA,NA,NA,NA,NA,NA,NA,NA,NA,NA,NA,NA,NA,NA,NA,NA
"411",415,"UKRN03","Full-time","No","Year 1","3","BA (hons) Psychology","Yes","Female","UKRN",1,0,0,1,0,0,0,0,1,2,1,1,1,0,0,1
"412",NA,NA,NA,NA,NA,NA,NA,NA,NA,NA,NA,NA,NA,NA,NA,NA,NA,NA,NA,NA,NA,NA,NA,NA,NA,NA
"413",NA,NA,NA,NA,NA,NA,NA,NA,NA,NA,NA,NA,NA,NA,NA,NA,NA,NA,NA,NA,NA,NA,NA,NA,NA,NA
"414",418,"UNI25","Full-time","Other (Please specify)","Year 2","3","Psychology ","Yes","Female ","Non-UKRN",1,1,0,1,1,0,0,1,1,5,1,1,0,0,1,1
"415",NA,NA,NA,NA,NA,NA,NA,NA,NA,NA,NA,NA,NA,NA,NA,NA,NA,NA,NA,NA,NA,NA,NA,NA,NA,NA
"416",NA,NA,NA,NA,NA,NA,NA,NA,NA,NA,NA,NA,NA,NA,NA,NA,NA,NA,NA,NA,NA,NA,NA,NA,NA,NA
"417",NA,NA,NA,NA,NA,NA,NA,NA,NA,NA,NA,NA,NA,NA,NA,NA,NA,NA,NA,NA,NA,NA,NA,NA,NA,NA
"418",NA,NA,NA,NA,NA,NA,NA,NA,NA,NA,NA,NA,NA,NA,NA,NA,NA,NA,NA,NA,NA,NA,NA,NA,NA,NA
"419",423,"UNI25","Full-time","No","Year 2","3","Psychology","Yes","Female","Non-UKRN",1,1,0,1,1,0,0,1,1,5,1,1,1,0,1,1
"420",424,"UKRN03","Full-time","No","Final Year","3","Psychology ","Yes","Female","UKRN",1,1,0,1,1,0,1,1,1,6,1,1,1,0,1,1
"421",NA,NA,NA,NA,NA,NA,NA,NA,NA,NA,NA,NA,NA,NA,NA,NA,NA,NA,NA,NA,NA,NA,NA,NA,NA,NA
"422",426,"UKRN03","Full-time","No","Final Year","3","Psychology ","Yes","Female ","UKRN",1,1,1,0,1,1,0,1,0,5,1,1,1,0,0,1
"423",427,"UNI25","Full-time","No","Year 2","3","Psychology","Yes","Female","Non-UKRN",1,0,1,0,0,1,1,0,0,3,1,1,1,0,1,1
"424",428,"UNI22","Full-time","No","Year 2","3","Psychology with Counselling","No","Female","Non-UKRN",1,0,0,1,0,0,1,0,1,3,1,1,0,0,0,1
"425",429,"UKRN03","Full-time","No","Year 1","3","Bachelor of Science in Psychology and Linguistics ","No","Male","UKRN",1,1,0,1,1,0,0,1,1,5,1,0,0,0,0,1
"426",430,"UNI25","Full-time","No","Year 2","3","Psychology with Counselling","Yes","Female","Non-UKRN",1,1,1,0,0,1,0,0,0,3,1,1,0,1,1,1
"427",431,"UNI21","Full-time","Yes","Placement Year","3","BSC Psychology","Yes","female","Non-UKRN",1,0,0,1,0,0,0,0,0,1,1,1,1,0,0,1
"428",432,"UNI25","Full-time","No","Final Year","3","Psychology ","Yes","Female","Non-UKRN",1,1,1,0,0,1,0,1,1,5,1,1,1,0,0,1
"429",433,"UKRN03","Full-time","No","Final Year","3","BSc Psychology","Yes","Female","UKRN",1,0,0,1,0,0,0,1,1,3,1,1,1,0,0,1
"430",434,"UNI25","Full-time","No","Final Year","3","Psychology BSc","Yes","","Non-UKRN",1,0,0,1,0,0,0,1,1,3,1,0,1,0,0,1
"431",NA,NA,NA,NA,NA,NA,NA,NA,NA,NA,NA,NA,NA,NA,NA,NA,NA,NA,NA,NA,NA,NA,NA,NA,NA,NA
"432",436,"UKRN03","Full-time","No","Year 2","3","Psychology ","Yes","Female","UKRN",1,1,1,1,1,1,1,1,1,8,1,1,1,0,0,1
"433",NA,NA,NA,NA,NA,NA,NA,NA,NA,NA,NA,NA,NA,NA,NA,NA,NA,NA,NA,NA,NA,NA,NA,NA,NA,NA
"434",NA,NA,NA,NA,NA,NA,NA,NA,NA,NA,NA,NA,NA,NA,NA,NA,NA,NA,NA,NA,NA,NA,NA,NA,NA,NA
"435",NA,NA,NA,NA,NA,NA,NA,NA,NA,NA,NA,NA,NA,NA,NA,NA,NA,NA,NA,NA,NA,NA,NA,NA,NA,NA
"436",440,"UKRN03","Full-time","No","Final Year","3","Psychology ","Yes","Female ","UKRN",1,0,1,0,1,1,1,0,0,4,1,1,1,0,0,1
"437",NA,NA,NA,NA,NA,NA,NA,NA,NA,NA,NA,NA,NA,NA,NA,NA,NA,NA,NA,NA,NA,NA,NA,NA,NA,NA
"438",NA,NA,NA,NA,NA,NA,NA,NA,NA,NA,NA,NA,NA,NA,NA,NA,NA,NA,NA,NA,NA,NA,NA,NA,NA,NA
"439",443,"UKRN03","Full-time","No","Year 1","3","BCs Psychology","Yes","Female","UKRN",1,0,0,1,1,0,1,0,1,4,1,1,1,0,0,1
"440",444,"UNI21","Full-time","No","Final Year","3","Psychology","Yes","Female","Non-UKRN",1,1,1,1,0,0,1,0,1,5,1,0,0,0,0,1
"441",445,"UKRN03","Full-time","No","Year 2","3","Psychology ","Yes","Female ","UKRN",1,1,1,1,1,1,0,1,0,6,1,1,1,0,0,1
"442",NA,NA,NA,NA,NA,NA,NA,NA,NA,NA,NA,NA,NA,NA,NA,NA,NA,NA,NA,NA,NA,NA,NA,NA,NA,NA
"443",NA,NA,NA,NA,NA,NA,NA,NA,NA,NA,NA,NA,NA,NA,NA,NA,NA,NA,NA,NA,NA,NA,NA,NA,NA,NA
"444",NA,NA,NA,NA,NA,NA,NA,NA,NA,NA,NA,NA,NA,NA,NA,NA,NA,NA,NA,NA,NA,NA,NA,NA,NA,NA
"445",NA,NA,NA,NA,NA,NA,NA,NA,NA,NA,NA,NA,NA,NA,NA,NA,NA,NA,NA,NA,NA,NA,NA,NA,NA,NA
"446",NA,NA,NA,NA,NA,NA,NA,NA,NA,NA,NA,NA,NA,NA,NA,NA,NA,NA,NA,NA,NA,NA,NA,NA,NA,NA
"447",NA,NA,NA,NA,NA,NA,NA,NA,NA,NA,NA,NA,NA,NA,NA,NA,NA,NA,NA,NA,NA,NA,NA,NA,NA,NA
"448",452,"UKRN03","Full-time","No","Year 2","3","Psychology","Yes","Female","UKRN",1,1,1,1,1,1,1,1,1,8,1,0,1,1,1,1
"449",NA,NA,NA,NA,NA,NA,NA,NA,NA,NA,NA,NA,NA,NA,NA,NA,NA,NA,NA,NA,NA,NA,NA,NA,NA,NA
"450",454,"UNI21","Full-time","No","Year 1","3","Psychology","Yes","Female","Non-UKRN",1,0,0,1,0,0,1,1,1,4,1,1,0,0,0,1
"451",NA,NA,NA,NA,NA,NA,NA,NA,NA,NA,NA,NA,NA,NA,NA,NA,NA,NA,NA,NA,NA,NA,NA,NA,NA,NA
"452",NA,NA,NA,NA,NA,NA,NA,NA,NA,NA,NA,NA,NA,NA,NA,NA,NA,NA,NA,NA,NA,NA,NA,NA,NA,NA
"453",457,"UNI25","Full-time","No","Final Year","3","Psychology ","Yes","Female ","Non-UKRN",1,1,1,0,1,1,0,1,1,6,1,1,1,0,0,1
"454",458,"UKRN03","Full-time","No","Year 2","3","BSc (Hons) Psychology","Yes","Female","UKRN",1,1,1,1,1,1,1,1,1,8,1,1,1,1,1,1
"455",NA,NA,NA,NA,NA,NA,NA,NA,NA,NA,NA,NA,NA,NA,NA,NA,NA,NA,NA,NA,NA,NA,NA,NA,NA,NA
"456",NA,NA,NA,NA,NA,NA,NA,NA,NA,NA,NA,NA,NA,NA,NA,NA,NA,NA,NA,NA,NA,NA,NA,NA,NA,NA
"457",461,"UNI21","Full-time","Other (Please specify)","Placement Year","3","BSc Psychology","No","Female","Non-UKRN",1,1,1,1,0,1,1,0,1,6,1,1,0,0,0,1
"458",NA,NA,NA,NA,NA,NA,NA,NA,NA,NA,NA,NA,NA,NA,NA,NA,NA,NA,NA,NA,NA,NA,NA,NA,NA,NA
"459",463,"UNI21","Full-time","No","Year 1","3","BSc Psychology","Yes","Male","Non-UKRN",1,1,0,1,1,0,1,0,1,5,1,1,1,1,0,1
"460",464,"UKRN03","Full-time","No","Year 2","4","Psychology (Study Abroad) BSc","Yes","Female","UKRN",1,1,1,1,0,0,1,0,1,5,1,1,0,0,0,1
"461",NA,NA,NA,NA,NA,NA,NA,NA,NA,NA,NA,NA,NA,NA,NA,NA,NA,NA,NA,NA,NA,NA,NA,NA,NA,NA
"462",NA,NA,NA,NA,NA,NA,NA,NA,NA,NA,NA,NA,NA,NA,NA,NA,NA,NA,NA,NA,NA,NA,NA,NA,NA,NA
"463",NA,NA,NA,NA,NA,NA,NA,NA,NA,NA,NA,NA,NA,NA,NA,NA,NA,NA,NA,NA,NA,NA,NA,NA,NA,NA
"464",468,"UKRN03","Full-time","No","Final Year","3","Psychology ","Yes","Female","UKRN",1,0,1,0,0,1,1,0,1,4,1,1,1,0,0,1
"465",471,"UKRN06","Full-time","No","Year 2","3","psychology bsc","Yes","female","UKRN",1,1,1,0,1,0,0,1,1,5,1,1,1,1,1,1
"466",NA,NA,NA,NA,NA,NA,NA,NA,NA,NA,NA,NA,NA,NA,NA,NA,NA,NA,NA,NA,NA,NA,NA,NA,NA,NA
"467",473,"UNI21","Full-time","Other (Please specify)","Placement Year","3","Psychology BSc","No","Female ","Non-UKRN",1,1,1,0,1,1,1,0,1,6,1,1,1,0,0,1
"468",NA,NA,NA,NA,NA,NA,NA,NA,NA,NA,NA,NA,NA,NA,NA,NA,NA,NA,NA,NA,NA,NA,NA,NA,NA,NA
"469",NA,NA,NA,NA,NA,NA,NA,NA,NA,NA,NA,NA,NA,NA,NA,NA,NA,NA,NA,NA,NA,NA,NA,NA,NA,NA
"470",476,"UNI22","Full-time","No","Year 2","3","Psychology","No","Female","Non-UKRN",1,1,1,1,0,0,1,0,1,5,1,1,1,0,0,1
"471",478,"UKRN03","Full-time","No","Final Year","3","Psychology (BSc)","Yes","Male","UKRN",1,1,1,1,1,0,1,0,1,6,1,1,1,1,1,1
"472",479,"UKRN03","Full-time","Other (Please specify)","Year 1","4","Bsc Psychology with Study Abroad","Yes","Female","UKRN",1,1,0,0,0,0,0,0,1,2,1,0,0,0,0,1
"473",480,"UKRN03","Full-time","No","Year 1","4","Psychology ","Yes","Female","UKRN",1,1,1,1,0,0,1,1,1,6,1,0,1,1,1,1
"474",481,"UNI25","Full-time","No","Final Year","3","Psychology ","Yes","Female","Non-UKRN",1,0,0,1,0,0,0,0,0,1,1,0,0,0,0,1
"475",NA,NA,NA,NA,NA,NA,NA,NA,NA,NA,NA,NA,NA,NA,NA,NA,NA,NA,NA,NA,NA,NA,NA,NA,NA,NA
"476",NA,NA,NA,NA,NA,NA,NA,NA,NA,NA,NA,NA,NA,NA,NA,NA,NA,NA,NA,NA,NA,NA,NA,NA,NA,NA
"477",484,"UKRN01","Full-time","Yes","Year 2","4","Psychology (BSc Hons)","Yes","Female","UKRN",1,1,1,0,0,0,1,1,0,4,1,1,1,0,1,1
"478",NA,NA,NA,NA,NA,NA,NA,NA,NA,NA,NA,NA,NA,NA,NA,NA,NA,NA,NA,NA,NA,NA,NA,NA,NA,NA
"479",NA,NA,NA,NA,NA,NA,NA,NA,NA,NA,NA,NA,NA,NA,NA,NA,NA,NA,NA,NA,NA,NA,NA,NA,NA,NA
"480",487,"UNI24","Full-time","No","Year 2","3","Psychology","Yes","Man; Androgynous (feel free to put me in with either men or other)","Non-UKRN",1,0,1,1,1,0,1,1,1,6,1,0,0,1,0,1
"481",NA,NA,NA,NA,NA,NA,NA,NA,NA,NA,NA,NA,NA,NA,NA,NA,NA,NA,NA,NA,NA,NA,NA,NA,NA,NA
"482",NA,NA,NA,NA,NA,NA,NA,NA,NA,NA,NA,NA,NA,NA,NA,NA,NA,NA,NA,NA,NA,NA,NA,NA,NA,NA
"483",490,"UKRN03","Full-time","No","Year 1","","Psychology (Study abroad) Bsc (Hons)","Yes","Female","UKRN",1,0,0,0,0,1,0,0,1,2,1,1,1,0,1,1
"484",491,"UNI21","Full-time","Other (Please specify)","Year 2","3","BSc Psychology","No","Female","Non-UKRN",1,1,0,1,1,0,0,0,1,4,1,1,1,1,1,1
"485",492,"UNI24","Full-time","No","Year 2","3","Single honours psychology","No","Male","Non-UKRN",1,1,1,0,1,0,0,1,0,4,1,0,0,0,0,1
"486",493,"UNI21","Full-time","No","Year 1","3","Psychology","Yes","female","Non-UKRN",1,0,0,0,0,0,0,0,0,0,1,0,1,0,0,1
"487",NA,NA,NA,NA,NA,NA,NA,NA,NA,NA,NA,NA,NA,NA,NA,NA,NA,NA,NA,NA,NA,NA,NA,NA,NA,NA
"488",496,"UNI21","Full-time","Other (Please specify)","Placement Year","3","Psychology ","No","Female","Non-UKRN",1,1,1,1,0,0,1,0,1,5,1,0,0,0,0,1
"489",497,"UKRN03","Full-time","No","Year 2","3","Psychology BSc","Yes","Female","UKRN",1,1,1,1,1,0,0,0,1,5,1,1,0,0,0,1
"490",NA,NA,NA,NA,NA,NA,NA,NA,NA,NA,NA,NA,NA,NA,NA,NA,NA,NA,NA,NA,NA,NA,NA,NA,NA,NA
"491",NA,NA,NA,NA,NA,NA,NA,NA,NA,NA,NA,NA,NA,NA,NA,NA,NA,NA,NA,NA,NA,NA,NA,NA,NA,NA
"492",500,"UKRN05","Full-time","No","Year 2","3","Sociology with Social Psychology","Yes","Female","UKRN",1,1,1,1,1,1,1,1,1,8,1,1,0,1,1,1
"493",NA,NA,NA,NA,NA,NA,NA,NA,NA,NA,NA,NA,NA,NA,NA,NA,NA,NA,NA,NA,NA,NA,NA,NA,NA,NA
"494",NA,NA,NA,NA,NA,NA,NA,NA,NA,NA,NA,NA,NA,NA,NA,NA,NA,NA,NA,NA,NA,NA,NA,NA,NA,NA
"495",503,"UKRN03","Full-time","No","Year 1","3","BA Hons Psychology and Linguistics","Yes","Female","UKRN",1,0,0,1,0,1,1,0,1,4,1,1,0,0,0,1
"496",504,"UKRN03","Full-time","No","Year 1","3","Psychology BSc Hons","Yes","Female","UKRN",1,1,0,1,0,0,1,0,1,4,1,0,1,1,0,1
"497",505,"UKRN03","Full-time","No","Year 1","3","Psychology","No","Male","UKRN",1,1,1,1,1,0,1,0,1,6,1,1,1,0,0,1
"498",506,"UKRN03","Full-time","No","Final Year","4","Psychology MPsych","Yes","Male","UKRN",1,1,1,1,1,0,1,1,1,7,1,1,1,0,0,1
"499",507,"UKRN03","Full-time","No","Year 2","3","BSc Hons Psychology Full Time","Yes","Female","UKRN",1,1,1,1,1,0,1,1,1,7,1,1,1,1,1,1
"500",508,"UNI21","Full-time","Yes","Year 1","3","psychology","No","female","Non-UKRN",1,1,1,0,0,0,0,0,0,2,1,1,0,0,0,1
"501",NA,NA,NA,NA,NA,NA,NA,NA,NA,NA,NA,NA,NA,NA,NA,NA,NA,NA,NA,NA,NA,NA,NA,NA,NA,NA
"502",NA,NA,NA,NA,NA,NA,NA,NA,NA,NA,NA,NA,NA,NA,NA,NA,NA,NA,NA,NA,NA,NA,NA,NA,NA,NA
"503",511,"UNI25","Full-time","No","Final Year","3","Psychology BSc Hons","Yes","Female","Non-UKRN",1,0,0,1,0,1,1,1,1,5,1,1,0,0,0,1
"504",NA,NA,NA,NA,NA,NA,NA,NA,NA,NA,NA,NA,NA,NA,NA,NA,NA,NA,NA,NA,NA,NA,NA,NA,NA,NA
"505",513,"UNI21","Full-time","No","Year 1","3","BSc Psychology","Yes","Female","Non-UKRN",1,1,1,1,1,1,1,1,1,8,1,1,1,0,0,1
"506",NA,NA,NA,NA,NA,NA,NA,NA,NA,NA,NA,NA,NA,NA,NA,NA,NA,NA,NA,NA,NA,NA,NA,NA,NA,NA
"507",NA,NA,NA,NA,NA,NA,NA,NA,NA,NA,NA,NA,NA,NA,NA,NA,NA,NA,NA,NA,NA,NA,NA,NA,NA,NA
"508",516,"UNI50","Full-time","No","Final Year","3","BsC Psychology (Hons)","Yes","Female","Non-UKRN",1,0,0,0,0,0,0,0,0,0,1,0,0,0,0,1
"509",517,"UNI50","Full-time","No","Final Year","3","Psychology with forensic psychology ","Yes","Female","Non-UKRN",1,0,0,1,1,0,0,0,1,3,1,1,0,0,0,1
"510",NA,NA,NA,NA,NA,NA,NA,NA,NA,NA,NA,NA,NA,NA,NA,NA,NA,NA,NA,NA,NA,NA,NA,NA,NA,NA
"511",519,"UNI50","Full-time","No","Year 2","3","Psychology","Yes","Female","Non-UKRN",1,1,1,0,0,1,1,0,0,4,1,1,1,0,0,1
"512",520,"UNI50","Full-time","No","Final Year","3","Psychology","Yes","Female ","Non-UKRN",1,1,0,1,0,0,1,0,1,4,1,1,0,1,1,1
"513",521,"UNI50","Full-time","No","Final Year","3","Psychology BSc","Yes","Female","Non-UKRN",1,1,1,1,0,1,1,1,1,7,1,1,0,0,0,1
"514",522,"UNI50","Full-time","No","Final Year","3","Psychology with clinical","Yes","Male","Non-UKRN",1,1,1,1,0,0,1,0,1,5,1,1,1,0,1,1
"515",523,"UNI50","Full-time","No","Year 2","3","Psychology BSc","Yes","Female","Non-UKRN",1,0,0,1,0,1,1,1,1,5,1,0,0,0,0,1
"516",524,"UNI50","Full-time","No","Year 2","3","Psychology ","Yes","Female ","Non-UKRN",1,0,0,0,0,0,0,0,0,0,1,0,0,0,0,1
"517",525,"UNI50","Full-time","No","Final Year","3","BSc Psychology","Yes","Female","Non-UKRN",1,1,1,1,1,0,0,1,1,6,1,1,0,0,1,1
"518",526,"UNI50","Full-time","No","Year 2","3","Psychology ","Yes","Female","Non-UKRN",1,1,0,0,0,0,0,0,0,1,1,1,1,0,0,1
"519",527,"UNI50","Full-time","No","Year 2","3","Psychology","Yes","Female","Non-UKRN",1,1,0,1,0,0,1,1,1,5,1,1,0,1,0,1
"520",NA,NA,NA,NA,NA,NA,NA,NA,NA,NA,NA,NA,NA,NA,NA,NA,NA,NA,NA,NA,NA,NA,NA,NA,NA,NA
"521",529,"UNI50","Full-time","No","Final Year","3","Psychology with Forensic Psychology ","Yes","Female","Non-UKRN",1,1,0,1,1,0,0,1,1,5,1,1,0,1,1,1
"522",NA,NA,NA,NA,NA,NA,NA,NA,NA,NA,NA,NA,NA,NA,NA,NA,NA,NA,NA,NA,NA,NA,NA,NA,NA,NA
"523",NA,NA,NA,NA,NA,NA,NA,NA,NA,NA,NA,NA,NA,NA,NA,NA,NA,NA,NA,NA,NA,NA,NA,NA,NA,NA
"524",NA,NA,NA,NA,NA,NA,NA,NA,NA,NA,NA,NA,NA,NA,NA,NA,NA,NA,NA,NA,NA,NA,NA,NA,NA,NA
"525",533,"UNI50","Full-time","No","Year 2","3","Psychology ","Yes","Female ","Non-UKRN",1,0,0,1,0,1,0,1,1,4,1,1,0,0,0,1
"526",534,"UNI50","Full-time","No","Final Year","3","BSc Hons Psychology","Yes","Female","Non-UKRN",1,1,0,0,0,1,0,0,0,2,1,1,1,1,0,1
"527",NA,NA,NA,NA,NA,NA,NA,NA,NA,NA,NA,NA,NA,NA,NA,NA,NA,NA,NA,NA,NA,NA,NA,NA,NA,NA
"528",536,"UNI50","Full-time","No","Year 2","3","Psychology ","Yes","Female","Non-UKRN",1,1,1,1,0,0,1,0,1,5,1,1,0,0,0,1
"529",NA,NA,NA,NA,NA,NA,NA,NA,NA,NA,NA,NA,NA,NA,NA,NA,NA,NA,NA,NA,NA,NA,NA,NA,NA,NA
"530",NA,NA,NA,NA,NA,NA,NA,NA,NA,NA,NA,NA,NA,NA,NA,NA,NA,NA,NA,NA,NA,NA,NA,NA,NA,NA
"531",NA,NA,NA,NA,NA,NA,NA,NA,NA,NA,NA,NA,NA,NA,NA,NA,NA,NA,NA,NA,NA,NA,NA,NA,NA,NA
"532",540,"UNI50","Full-time","No","Year 2","3","Psychology ","Yes","Female ","Non-UKRN",1,1,0,1,0,0,0,0,1,3,1,1,0,0,0,1
"533",541,"UNI50","Full-time","No","Final Year","3","BSc (Hons) Psychology","Yes","Female ","Non-UKRN",1,1,1,0,0,0,0,1,1,4,1,1,1,1,1,1
"534",NA,NA,NA,NA,NA,NA,NA,NA,NA,NA,NA,NA,NA,NA,NA,NA,NA,NA,NA,NA,NA,NA,NA,NA,NA,NA
"535",543,"UNI50","Full-time","No","Year 2","3","Psychology ","Yes","Female","Non-UKRN",1,0,0,1,0,1,1,0,1,4,1,0,0,0,0,1
"536",544,"UKRN03","Full-time","No","Year 1","3","Psychology and Linguistics","Yes","Female","UKRN",1,1,1,1,1,0,1,1,1,7,1,1,1,1,0,1
"537",545,"UNI50","Full-time","No","Year 2","3","Psychology BSc","Yes","Female","Non-UKRN",1,0,1,1,0,0,0,0,1,3,1,0,1,0,0,1
"538",546,"UNI50","Full-time","No","Final Year","3","Psychology ","Yes","Female","Non-UKRN",1,1,1,1,1,1,1,1,1,8,1,0,1,1,1,1
"539",547,"UKRN05","Full-time","No","Year 1","3","Psychology (BSc)","Yes","Female","UKRN",1,0,0,1,1,0,0,0,1,3,1,1,1,0,0,1
"540",548,"UKRN03","Full-time","No","Year 1","3","BA Hons Psychology and Management ","Yes","Female","UKRN",1,1,1,1,0,1,1,0,1,6,1,0,0,1,0,1
"541",549,"UNI50","Full-time","No","Year 2","3","BSc Psychology ","Yes","Female","Non-UKRN",1,1,1,1,1,1,1,1,1,8,1,1,1,1,1,1
"542",550,"UNI50","Full-time","Yes","Year 2","3","Psychology","Yes","Female ","Non-UKRN",1,0,0,1,0,0,1,1,1,4,1,1,1,0,0,1
"543",551,"UNI50","Full-time","No","Year 2","3","Psychology BSc","Yes","Male","Non-UKRN",1,1,1,1,1,1,1,1,1,8,1,1,0,1,0,1
"544",552,"UNI50","Full-time","Yes","Placement Year","4","Psychology with Clinical Psychology with Study Abroad","No","male","Non-UKRN",1,1,1,1,1,0,1,1,1,7,1,1,0,1,1,1
"545",554,"UNI21","Full-time","No","Final Year","3","Psychology ","No","Female ","Non-UKRN",1,1,1,1,0,0,1,0,1,5,1,1,1,0,0,1
"546",NA,NA,NA,NA,NA,NA,NA,NA,NA,NA,NA,NA,NA,NA,NA,NA,NA,NA,NA,NA,NA,NA,NA,NA,NA,NA
"547",556,"UNI21","Full-time","No","Year 1","3","psychology","No","female","Non-UKRN",1,1,0,1,0,1,0,0,1,4,1,1,0,0,0,1
"548",NA,NA,NA,NA,NA,NA,NA,NA,NA,NA,NA,NA,NA,NA,NA,NA,NA,NA,NA,NA,NA,NA,NA,NA,NA,NA
"549",NA,NA,NA,NA,NA,NA,NA,NA,NA,NA,NA,NA,NA,NA,NA,NA,NA,NA,NA,NA,NA,NA,NA,NA,NA,NA
"550",559,"UNI50","Full-time","No","Final Year","3","BSc Psychology ","Yes","Female","Non-UKRN",1,0,0,1,1,1,1,0,1,5,1,1,0,0,0,1
"551",560,"UNI24","Full-time","No","Year 2","3","BSc Psychology","No","Female","Non-UKRN",1,1,1,1,1,1,1,1,1,8,1,1,0,0,0,1
"552",561,"UNI50","Full-time","No","Year 2","3","Psychology","Yes","Female ","Non-UKRN",1,1,1,1,0,0,0,0,1,4,1,1,1,0,0,1
"553",562,"UNI50","Full-time","No","Final Year","3","Psychology","Yes","Female","Non-UKRN",1,1,1,0,1,1,1,1,1,7,1,1,1,0,0,1
"554",563,"UNI50","Full-time","No","Year 2","3","Psychology ","Yes","Female","Non-UKRN",1,1,1,1,1,1,1,1,1,8,1,1,0,0,0,1
"555",564,"UNI21","Full-time","Other (Please specify)","Year 1","3","Psychology ","Yes","Female ","Non-UKRN",1,0,0,1,0,0,1,0,1,3,1,1,0,0,0,1
"556",NA,NA,NA,NA,NA,NA,NA,NA,NA,NA,NA,NA,NA,NA,NA,NA,NA,NA,NA,NA,NA,NA,NA,NA,NA,NA
"557",566,"UNI50","Full-time","No","Final Year","3","psychology ","Yes","Female","Non-UKRN",1,0,0,0,0,0,0,1,1,2,1,0,1,0,0,1
"558",NA,NA,NA,NA,NA,NA,NA,NA,NA,NA,NA,NA,NA,NA,NA,NA,NA,NA,NA,NA,NA,NA,NA,NA,NA,NA
"559",NA,NA,NA,NA,NA,NA,NA,NA,NA,NA,NA,NA,NA,NA,NA,NA,NA,NA,NA,NA,NA,NA,NA,NA,NA,NA
"560",NA,NA,NA,NA,NA,NA,NA,NA,NA,NA,NA,NA,NA,NA,NA,NA,NA,NA,NA,NA,NA,NA,NA,NA,NA,NA
"561",570,"UNI21","Full-time","No","Year 2","3","Psychology","No","Female","Non-UKRN",1,0,0,0,0,0,0,1,1,2,1,1,1,0,0,1
"562",571,"UKRN03","Full-time","No","Final Year","3","BSc Psychology","Yes","Female","UKRN",1,1,0,1,1,0,0,1,1,5,1,1,0,1,1,1
"563",NA,NA,NA,NA,NA,NA,NA,NA,NA,NA,NA,NA,NA,NA,NA,NA,NA,NA,NA,NA,NA,NA,NA,NA,NA,NA
"564",NA,NA,NA,NA,NA,NA,NA,NA,NA,NA,NA,NA,NA,NA,NA,NA,NA,NA,NA,NA,NA,NA,NA,NA,NA,NA
"565",NA,NA,NA,NA,NA,NA,NA,NA,NA,NA,NA,NA,NA,NA,NA,NA,NA,NA,NA,NA,NA,NA,NA,NA,NA,NA
"566",575,"UNI50","Full-time","No","Year 1","3","Bsc psychology","Yes","Female ","Non-UKRN",1,0,0,1,0,0,0,0,1,2,1,0,0,0,0,1
"567",NA,NA,NA,NA,NA,NA,NA,NA,NA,NA,NA,NA,NA,NA,NA,NA,NA,NA,NA,NA,NA,NA,NA,NA,NA,NA
"568",578,"UKRN03","Full-time","No","Year 2","4","MPsych Psychology ","Yes","Female ","UKRN",1,1,1,1,1,1,1,1,1,8,1,1,1,0,1,1
"569",579,"UNI25","Full-time","Other (Please specify)","Year 1","3","Psychology","No","Female","Non-UKRN",1,1,1,1,1,1,1,1,1,8,1,1,0,1,0,1
"570",NA,NA,NA,NA,NA,NA,NA,NA,NA,NA,NA,NA,NA,NA,NA,NA,NA,NA,NA,NA,NA,NA,NA,NA,NA,NA
"571",NA,NA,NA,NA,NA,NA,NA,NA,NA,NA,NA,NA,NA,NA,NA,NA,NA,NA,NA,NA,NA,NA,NA,NA,NA,NA
"572",NA,NA,NA,NA,NA,NA,NA,NA,NA,NA,NA,NA,NA,NA,NA,NA,NA,NA,NA,NA,NA,NA,NA,NA,NA,NA
"573",NA,NA,NA,NA,NA,NA,NA,NA,NA,NA,NA,NA,NA,NA,NA,NA,NA,NA,NA,NA,NA,NA,NA,NA,NA,NA
"574",NA,NA,NA,NA,NA,NA,NA,NA,NA,NA,NA,NA,NA,NA,NA,NA,NA,NA,NA,NA,NA,NA,NA,NA,NA,NA
"575",NA,NA,NA,NA,NA,NA,NA,NA,NA,NA,NA,NA,NA,NA,NA,NA,NA,NA,NA,NA,NA,NA,NA,NA,NA,NA
"576",NA,NA,NA,NA,NA,NA,NA,NA,NA,NA,NA,NA,NA,NA,NA,NA,NA,NA,NA,NA,NA,NA,NA,NA,NA,NA
"577",NA,NA,NA,NA,NA,NA,NA,NA,NA,NA,NA,NA,NA,NA,NA,NA,NA,NA,NA,NA,NA,NA,NA,NA,NA,NA
"578",NA,NA,NA,NA,NA,NA,NA,NA,NA,NA,NA,NA,NA,NA,NA,NA,NA,NA,NA,NA,NA,NA,NA,NA,NA,NA
"579",NA,NA,NA,NA,NA,NA,NA,NA,NA,NA,NA,NA,NA,NA,NA,NA,NA,NA,NA,NA,NA,NA,NA,NA,NA,NA
"580",NA,NA,NA,NA,NA,NA,NA,NA,NA,NA,NA,NA,NA,NA,NA,NA,NA,NA,NA,NA,NA,NA,NA,NA,NA,NA
"581",NA,NA,NA,NA,NA,NA,NA,NA,NA,NA,NA,NA,NA,NA,NA,NA,NA,NA,NA,NA,NA,NA,NA,NA,NA,NA
"582",NA,NA,NA,NA,NA,NA,NA,NA,NA,NA,NA,NA,NA,NA,NA,NA,NA,NA,NA,NA,NA,NA,NA,NA,NA,NA
"583",598,"UNI50","Full-time","Other (Please specify)","Placement Year","4","Psychology BSc","Yes","Female","Non-UKRN",1,0,0,1,0,0,1,0,1,3,1,1,1,0,0,1
"584",NA,NA,NA,NA,NA,NA,NA,NA,NA,NA,NA,NA,NA,NA,NA,NA,NA,NA,NA,NA,NA,NA,NA,NA,NA,NA
"585",600,"UNI50","Full-time","No","Final Year","3","Psychology with Forensic Psychology","Yes","Female","Non-UKRN",1,1,1,0,1,1,0,1,1,6,1,1,0,1,0,1
"586",NA,NA,NA,NA,NA,NA,NA,NA,NA,NA,NA,NA,NA,NA,NA,NA,NA,NA,NA,NA,NA,NA,NA,NA,NA,NA
"587",NA,NA,NA,NA,NA,NA,NA,NA,NA,NA,NA,NA,NA,NA,NA,NA,NA,NA,NA,NA,NA,NA,NA,NA,NA,NA
"588",603,"UNI50","Full-time","No","Year 1","3","Psychology BSc (Hons)","Yes","female","Non-UKRN",1,0,1,0,0,0,0,0,0,1,1,0,0,0,0,1
"589",604,"UNI50","Full-time","No","Year 2","3","Psychology with forensics psychology ","Yes","Female ","Non-UKRN",1,0,0,1,0,1,1,1,1,5,1,1,0,0,0,1
"590",605,"UNI50","Full-time","No","Final Year","3","Psychology","Yes","Female","Non-UKRN",1,0,0,0,0,0,0,1,1,2,1,1,1,0,0,1
"591",606,"UNI50","Full-time","No","Year 1","3","Psychology ","No","Female","Non-UKRN",1,0,0,0,1,1,0,1,0,3,1,0,1,1,0,1
"592",607,"UNI50","Full-time","No","Final Year","3","BSc Psychology (Hons)","No","Nonbinary","Non-UKRN",1,0,0,1,1,1,0,1,1,5,1,1,0,0,0,1
"593",NA,NA,NA,NA,NA,NA,NA,NA,NA,NA,NA,NA,NA,NA,NA,NA,NA,NA,NA,NA,NA,NA,NA,NA,NA,NA
"594",NA,NA,NA,NA,NA,NA,NA,NA,NA,NA,NA,NA,NA,NA,NA,NA,NA,NA,NA,NA,NA,NA,NA,NA,NA,NA
"595",610,"UNI50","Full-time","No","Year 2","3","Psychology ","Yes","Male","Non-UKRN",1,1,1,0,0,1,0,1,1,5,1,1,1,1,0,1
"596",611,"UNI50","Full-time","No","Year 2","3","Psychology with clinical psychology","Yes","","Non-UKRN",1,1,1,0,1,1,0,1,0,5,1,0,0,1,0,1
"597",NA,NA,NA,NA,NA,NA,NA,NA,NA,NA,NA,NA,NA,NA,NA,NA,NA,NA,NA,NA,NA,NA,NA,NA,NA,NA
"598",614,"UNI50","Full-time","No","Final Year","3","BSc Psychology with Forensic Psychology","Yes","Female","Non-UKRN",1,0,0,1,1,0,1,0,1,4,1,1,0,1,0,1
"599",NA,NA,NA,NA,NA,NA,NA,NA,NA,NA,NA,NA,NA,NA,NA,NA,NA,NA,NA,NA,NA,NA,NA,NA,NA,NA
"600",NA,NA,NA,NA,NA,NA,NA,NA,NA,NA,NA,NA,NA,NA,NA,NA,NA,NA,NA,NA,NA,NA,NA,NA,NA,NA
"601",NA,NA,NA,NA,NA,NA,NA,NA,NA,NA,NA,NA,NA,NA,NA,NA,NA,NA,NA,NA,NA,NA,NA,NA,NA,NA
"602",NA,NA,NA,NA,NA,NA,NA,NA,NA,NA,NA,NA,NA,NA,NA,NA,NA,NA,NA,NA,NA,NA,NA,NA,NA,NA
"603",NA,NA,NA,NA,NA,NA,NA,NA,NA,NA,NA,NA,NA,NA,NA,NA,NA,NA,NA,NA,NA,NA,NA,NA,NA,NA
"604",NA,NA,NA,NA,NA,NA,NA,NA,NA,NA,NA,NA,NA,NA,NA,NA,NA,NA,NA,NA,NA,NA,NA,NA,NA,NA
"605",NA,NA,NA,NA,NA,NA,NA,NA,NA,NA,NA,NA,NA,NA,NA,NA,NA,NA,NA,NA,NA,NA,NA,NA,NA,NA
"606",NA,NA,NA,NA,NA,NA,NA,NA,NA,NA,NA,NA,NA,NA,NA,NA,NA,NA,NA,NA,NA,NA,NA,NA,NA,NA
"607",NA,NA,NA,NA,NA,NA,NA,NA,NA,NA,NA,NA,NA,NA,NA,NA,NA,NA,NA,NA,NA,NA,NA,NA,NA,NA
"608",624,"UNI50","Full-time","No","Year 2","3","BSc Psychology","Yes","Female","Non-UKRN",1,1,1,1,0,0,1,0,1,5,1,1,1,0,0,1
"609",NA,NA,NA,NA,NA,NA,NA,NA,NA,NA,NA,NA,NA,NA,NA,NA,NA,NA,NA,NA,NA,NA,NA,NA,NA,NA
"610",NA,NA,NA,NA,NA,NA,NA,NA,NA,NA,NA,NA,NA,NA,NA,NA,NA,NA,NA,NA,NA,NA,NA,NA,NA,NA
"611",NA,NA,NA,NA,NA,NA,NA,NA,NA,NA,NA,NA,NA,NA,NA,NA,NA,NA,NA,NA,NA,NA,NA,NA,NA,NA
"612",628,"UNI50","Full-time","No","Final Year","3","BSc (Hons) Psychology","Yes","Female","Non-UKRN",1,1,1,1,1,1,1,1,1,8,1,1,1,1,1,1
"613",NA,NA,NA,NA,NA,NA,NA,NA,NA,NA,NA,NA,NA,NA,NA,NA,NA,NA,NA,NA,NA,NA,NA,NA,NA,NA
"614",630,"UKRN04","Full-time","No","Final Year","3","Psychology ","Yes","Female ","UKRN",1,1,1,1,0,0,1,0,1,5,1,1,1,0,0,1
"615",631,"UKRN04","Full-time","No","Year 2","3","Psychology","Yes","Male","UKRN",1,0,0,0,0,0,0,0,0,0,1,1,0,1,1,1
"616",NA,NA,NA,NA,NA,NA,NA,NA,NA,NA,NA,NA,NA,NA,NA,NA,NA,NA,NA,NA,NA,NA,NA,NA,NA,NA
"617",633,"UKRN03","Full-time","No","Year 1","3","Psychology and Linguistics","Yes","Female","UKRN",1,1,0,1,0,0,0,0,1,3,1,1,1,0,0,1
"618",634,"UKRN04","Full-time","No","Year 2","3","Psychology","Yes","Female","UKRN",1,1,1,0,1,1,1,1,1,7,1,1,1,1,1,1
"619",NA,NA,NA,NA,NA,NA,NA,NA,NA,NA,NA,NA,NA,NA,NA,NA,NA,NA,NA,NA,NA,NA,NA,NA,NA,NA
"620",NA,NA,NA,NA,NA,NA,NA,NA,NA,NA,NA,NA,NA,NA,NA,NA,NA,NA,NA,NA,NA,NA,NA,NA,NA,NA
"621",NA,NA,NA,NA,NA,NA,NA,NA,NA,NA,NA,NA,NA,NA,NA,NA,NA,NA,NA,NA,NA,NA,NA,NA,NA,NA
"622",NA,NA,NA,NA,NA,NA,NA,NA,NA,NA,NA,NA,NA,NA,NA,NA,NA,NA,NA,NA,NA,NA,NA,NA,NA,NA
"623",NA,NA,NA,NA,NA,NA,NA,NA,NA,NA,NA,NA,NA,NA,NA,NA,NA,NA,NA,NA,NA,NA,NA,NA,NA,NA
"624",NA,NA,NA,NA,NA,NA,NA,NA,NA,NA,NA,NA,NA,NA,NA,NA,NA,NA,NA,NA,NA,NA,NA,NA,NA,NA
"625",641,"UKRN07","Full-time","Yes","Final Year","4","BSc Psychology","Yes","Female","UKRN",1,1,0,1,1,0,0,1,1,5,1,1,1,0,0,1
"626",NA,NA,NA,NA,NA,NA,NA,NA,NA,NA,NA,NA,NA,NA,NA,NA,NA,NA,NA,NA,NA,NA,NA,NA,NA,NA
"627",NA,NA,NA,NA,NA,NA,NA,NA,NA,NA,NA,NA,NA,NA,NA,NA,NA,NA,NA,NA,NA,NA,NA,NA,NA,NA
"628",NA,NA,NA,NA,NA,NA,NA,NA,NA,NA,NA,NA,NA,NA,NA,NA,NA,NA,NA,NA,NA,NA,NA,NA,NA,NA
"629",NA,NA,NA,NA,NA,NA,NA,NA,NA,NA,NA,NA,NA,NA,NA,NA,NA,NA,NA,NA,NA,NA,NA,NA,NA,NA
"630",647,"UNI21","Full-time","No","Year 1","1","Clinical health psychology ","No","Female ","Non-UKRN",1,1,1,0,1,0,0,1,0,4,1,0,0,0,0,1
"631",648,"UKRN02","Full-time","Yes","Year 1","4","BSc (Hons) Psychology","Yes","Female","UKRN",1,1,1,1,0,1,1,1,1,7,1,0,0,0,0,1
"632",NA,NA,NA,NA,NA,NA,NA,NA,NA,NA,NA,NA,NA,NA,NA,NA,NA,NA,NA,NA,NA,NA,NA,NA,NA,NA
"633",NA,NA,NA,NA,NA,NA,NA,NA,NA,NA,NA,NA,NA,NA,NA,NA,NA,NA,NA,NA,NA,NA,NA,NA,NA,NA
"634",651,"UKRN07","Full-time","Yes","Placement Year","3","BSc Psychology","Yes","Female","UKRN",1,0,0,1,0,0,1,1,1,4,1,1,1,0,0,1
"635",652,"UNI19","Full-time","No","Year 1","3","Psyhcology","Yes","Female","Non-UKRN",1,1,1,1,1,0,1,0,1,6,1,0,0,0,0,1
"636",653,"UKRN04","Full-time","No","Year 1","3","Psychology","Yes","Female","UKRN",1,1,1,1,1,1,1,1,1,8,1,0,0,0,0,1
"637",NA,NA,NA,NA,NA,NA,NA,NA,NA,NA,NA,NA,NA,NA,NA,NA,NA,NA,NA,NA,NA,NA,NA,NA,NA,NA
"638",655,"UKRN04","Full-time","No","Final Year","4","Bsc psychology with year abroad","Yes","Femal","UKRN",1,0,1,1,0,0,0,0,1,3,1,0,1,0,0,1
"639",656,"UKRN04","Full-time","No","Year 1","3","education and psychology","Yes","female","UKRN",1,1,0,1,1,0,1,0,1,5,1,1,1,0,0,1
"640",657,"UKRN04","Full-time","No","Final Year","3","Psychology","Yes","Female","UKRN",1,1,1,1,1,1,1,1,1,8,1,1,0,1,1,1
"641",658,"UKRN04","Full-time","No","Year 1","3","Psychology BSc","Yes","Female","UKRN",1,1,1,1,1,1,1,0,1,7,1,1,0,1,1,1
"642",NA,NA,NA,NA,NA,NA,NA,NA,NA,NA,NA,NA,NA,NA,NA,NA,NA,NA,NA,NA,NA,NA,NA,NA,NA,NA
"643",660,"UKRN04","Full-time","No","Year 1","4","Psychology","Yes","Female","UKRN",1,1,1,1,1,1,1,1,1,8,1,1,1,1,1,1
"644",NA,NA,NA,NA,NA,NA,NA,NA,NA,NA,NA,NA,NA,NA,NA,NA,NA,NA,NA,NA,NA,NA,NA,NA,NA,NA
"645",662,"UNI22","Full-time","No","Year 2","3","Psychology ","Yes","Male","Non-UKRN",1,0,0,0,0,0,0,0,0,0,1,1,1,1,1,1
"646",663,"UKRN04","Full-time","No","Final Year","3","Criminology & Psychology","Yes","female","UKRN",1,1,1,1,1,0,1,1,1,7,1,1,0,0,0,1
"647",NA,NA,NA,NA,NA,NA,NA,NA,NA,NA,NA,NA,NA,NA,NA,NA,NA,NA,NA,NA,NA,NA,NA,NA,NA,NA
"648",NA,NA,NA,NA,NA,NA,NA,NA,NA,NA,NA,NA,NA,NA,NA,NA,NA,NA,NA,NA,NA,NA,NA,NA,NA,NA
"649",666,"UKRN04","Full-time","No","Final Year","3","Psychology","Yes","Female ","UKRN",1,0,1,0,0,0,0,0,0,1,1,0,1,1,1,1
"650",NA,NA,NA,NA,NA,NA,NA,NA,NA,NA,NA,NA,NA,NA,NA,NA,NA,NA,NA,NA,NA,NA,NA,NA,NA,NA
"651",668,"UKRN04","Full-time","No","Final Year","3","Psychology, BSc (Hons)","No","Female ","UKRN",1,1,1,1,1,1,1,1,1,8,1,1,1,0,0,1
"652",NA,NA,NA,NA,NA,NA,NA,NA,NA,NA,NA,NA,NA,NA,NA,NA,NA,NA,NA,NA,NA,NA,NA,NA,NA,NA
"653",670,"UKRN04","Full-time","No","Year 1","3","BSc (Hons) Psychology","No","Female","UKRN",1,1,1,1,1,0,1,1,1,7,1,1,1,1,1,1
"654",NA,NA,NA,NA,NA,NA,NA,NA,NA,NA,NA,NA,NA,NA,NA,NA,NA,NA,NA,NA,NA,NA,NA,NA,NA,NA
"655",672,"UKRN04","Full-time","No","Final Year","3","Psychology ","Yes","Male","UKRN",1,0,0,0,0,0,0,0,0,0,1,0,0,0,0,1
"656",673,"UKRN04","Full-time","Yes","Year 1","3","Psychology","Yes","female","UKRN",1,1,1,1,0,1,0,0,1,5,1,1,1,1,1,1
"657",674,"UKRN04","Full-time","No","Final Year","3","Criminology with Psychology","Yes","Female","UKRN",1,1,1,0,0,0,0,1,1,4,1,0,0,0,0,1
"658",675,"UKRN07","Full-time","No","Final Year","4","Art and Psychology","No","Female","UKRN",1,0,0,1,1,0,0,1,1,4,1,0,0,0,0,1
"659",676,"UKRN04","Full-time","No","Year 1","3","Psychology Bsc","Yes","Female ","UKRN",1,1,1,0,1,1,0,1,0,5,1,1,1,0,0,1
"660",677,"UKRN07","Full-time","No","Year 1","3","BSc Psychology","Yes","Woman","UKRN",1,1,1,1,1,1,1,0,1,7,1,0,1,1,0,1
"661",695,"UKRN04","Full-time","Other (Please specify)","Year 1","3","Psychology","No","female","UKRN",1,1,1,1,1,1,0,1,1,7,1,1,1,0,1,1
"662",699,"UNI19","Full-time","No","Year 1","3","BSc Psychology ","Yes","Female","Non-UKRN",1,0,0,1,0,0,0,0,1,2,1,1,1,0,0,1
"663",NA,NA,NA,NA,NA,NA,NA,NA,NA,NA,NA,NA,NA,NA,NA,NA,NA,NA,NA,NA,NA,NA,NA,NA,NA,NA
"664",701,"UKRN04","Full-time","No","Final Year","3","BSc Psychology","Yes","Male","UKRN",1,0,0,1,0,1,1,0,1,4,1,1,1,1,1,1
"665",702,"UKRN04","Full-time","No","Year 1","3","Psychology","No","Female ","UKRN",1,1,1,1,0,0,1,1,1,6,1,1,0,1,1,1
"666",NA,NA,NA,NA,NA,NA,NA,NA,NA,NA,NA,NA,NA,NA,NA,NA,NA,NA,NA,NA,NA,NA,NA,NA,NA,NA
"667",704,"UNI21","Full-time","No","Year 2","3","Psychology ","Yes","Female","Non-UKRN",1,0,1,0,0,0,1,0,1,3,1,1,0,0,0,1
"668",NA,NA,NA,NA,NA,NA,NA,NA,NA,NA,NA,NA,NA,NA,NA,NA,NA,NA,NA,NA,NA,NA,NA,NA,NA,NA
"669",707,"UNI20","Full-time","No","Final Year","3","BSc Psychology Hons","Yes","male","Non-UKRN",1,1,1,1,1,1,0,1,1,7,1,1,1,1,0,1
"670",NA,NA,NA,NA,NA,NA,NA,NA,NA,NA,NA,NA,NA,NA,NA,NA,NA,NA,NA,NA,NA,NA,NA,NA,NA,NA
"671",NA,NA,NA,NA,NA,NA,NA,NA,NA,NA,NA,NA,NA,NA,NA,NA,NA,NA,NA,NA,NA,NA,NA,NA,NA,NA
"672",710,"UKRN08","Full-time","No","Final Year","3","Psychology with criminology ","No","Male","UKRN",1,1,0,1,1,0,0,1,1,5,1,1,1,1,1,1
"673",711,"UKRN08","Full-time","No","Final Year","3","Psychology ","Yes","Female","UKRN",1,1,1,1,1,0,0,1,1,6,1,1,1,1,1,1
"674",712,"UKRN08","Full-time","No","Final Year","3","BSc (Hong) Psychology","Yes","Female","UKRN",1,1,1,1,1,0,0,0,1,5,1,1,1,1,1,1
"675",714,"UKRN08","Full-time","No","Year 1","3","Psychology ","Yes","Female","UKRN",1,1,1,1,1,1,1,1,1,8,1,1,1,0,1,1
"676",715,"UKRN08","Full-time","Yes","Year 2","3","Psychology","Yes","Male","UKRN",1,1,1,0,1,0,1,0,1,5,1,1,1,1,1,1
"677",716,"UKRN08","Full-time","Yes","Placement Year","4","BSc Psychology ","Yes","female ","UKRN",1,0,0,1,1,0,1,1,1,5,1,1,1,1,1,1
"678",NA,NA,NA,NA,NA,NA,NA,NA,NA,NA,NA,NA,NA,NA,NA,NA,NA,NA,NA,NA,NA,NA,NA,NA,NA,NA
"679",718,"UKRN08","Full-time","Yes","Year 2","3","Psychology ","Yes","F","UKRN",1,1,0,0,1,1,0,0,0,3,1,1,1,0,1,1
"680",719,"UKRN08","Full-time","No","Year 1","3","Psychology","Yes","Female","UKRN",1,1,1,1,1,0,1,0,1,6,1,1,0,0,0,1
"681",720,"UKRN08","Full-time","No","Year 2","3","Bsc (hons) Psychology with Criminology ","Yes","Female","UKRN",1,1,1,1,1,1,1,1,1,8,1,1,1,1,1,1
"682",722,"UKRN08","Full-time","No","Final Year","3","Psychology with Criminology ","Yes","Female ","UKRN",1,0,0,1,0,0,0,1,0,2,1,1,0,0,0,1
"683",723,"UKRN08","Full-time","No","Year 2","3","Psychology BSc","Yes","Female","UKRN",1,1,0,1,1,0,1,0,1,5,1,1,1,0,1,1
"684",724,"UKRN08","Full-time","No","Final Year","3","BSc Psychology (Hons)","No","Female","UKRN",1,1,1,1,1,1,1,1,1,8,1,1,1,1,1,1
"685",NA,NA,NA,NA,NA,NA,NA,NA,NA,NA,NA,NA,NA,NA,NA,NA,NA,NA,NA,NA,NA,NA,NA,NA,NA,NA
"686",726,"UKRN08","Full-time","No","Year 2","3","BSc Hons Psychology ","Yes","Female","UKRN",1,1,1,1,1,1,1,1,1,8,1,0,0,1,0,1
"687",727,"UKRN08","Full-time","Yes","Year 2","3","Psychology BSc","Yes","Female","UKRN",1,0,0,0,0,0,1,0,0,1,1,1,0,1,1,1
"688",728,"UKRN08","Full-time","No","Year 1","4","Psychology with Criminology (BSc) ","Yes","Female","UKRN",1,1,1,1,1,1,1,1,1,8,1,1,1,1,1,1
"689",729,"UKRN08","Full-time","No","Year 1","3","Psychology ","No","Female ","UKRN",1,1,1,1,1,0,0,0,0,4,1,1,1,1,1,1
"690",730,"UKRN08","Full-time","No","Final Year","3","BSc psychology ","Yes","Female","UKRN",1,1,1,1,1,1,1,1,1,8,1,1,1,1,1,1
"691",731,"UKRN08","Full-time","No","Final Year","3","BSc Hons Psychology","Yes","Female","UKRN",1,1,1,1,1,1,1,1,1,8,1,1,1,0,1,1
"692",732,"UKRN08","Full-time","Yes","Placement Year","4","Psychology","Yes","Female","UKRN",1,1,1,1,0,1,1,0,1,6,1,1,1,1,0,1
"693",733,"UKRN08","Full-time","Yes","Year 2","3","Psychology ","Yes","Male ","UKRN",1,1,1,1,1,1,1,1,0,7,1,1,1,0,0,1
"694",734,"UKRN08","Full-time","No","Final Year","3","Psychology with criminology ","Yes","Fenale","UKRN",1,1,1,0,1,1,1,1,0,6,1,1,0,0,1,1
"695",735,"UKRN08","Full-time","No","Year 1","3","Psychology with Criminology ","No","Female ","UKRN",1,1,0,1,1,0,1,0,1,5,1,1,1,1,1,1
"696",736,"UKRN08","Full-time","No","Year 1","3","Psychology ","No","Female","UKRN",1,0,0,0,1,0,1,0,0,2,1,1,1,0,0,1
"697",NA,NA,NA,NA,NA,NA,NA,NA,NA,NA,NA,NA,NA,NA,NA,NA,NA,NA,NA,NA,NA,NA,NA,NA,NA,NA
"698",740,"UKRN08","Full-time","Yes","Year 1","4","Psychology ","Yes","Male","UKRN",1,0,0,0,1,0,0,1,0,2,1,1,1,0,0,1
"699",742,"UNI01","Full-time","No","Year 2","3","psychology","Yes","female","Non-UKRN",1,0,1,1,0,1,0,0,1,4,1,1,0,0,0,1
"700",743,"UKRN08","Full-time","No","Final Year","3","Psychology","Yes","Female ","UKRN",1,1,1,1,1,0,1,1,1,7,1,1,1,0,1,1
"701",744,"UKRN08","Full-time","No","Final Year","3","Psychology ","Yes","Female ","UKRN",1,1,1,0,1,1,0,1,1,6,1,0,0,0,1,1
"702",NA,NA,NA,NA,NA,NA,NA,NA,NA,NA,NA,NA,NA,NA,NA,NA,NA,NA,NA,NA,NA,NA,NA,NA,NA,NA
"703",NA,NA,NA,NA,NA,NA,NA,NA,NA,NA,NA,NA,NA,NA,NA,NA,NA,NA,NA,NA,NA,NA,NA,NA,NA,NA
"704",NA,NA,NA,NA,NA,NA,NA,NA,NA,NA,NA,NA,NA,NA,NA,NA,NA,NA,NA,NA,NA,NA,NA,NA,NA,NA
"705",749,"UNI52","Full-time","No","Year 2","3","BSc Psychology ","Yes","Female ","Non-UKRN",1,0,0,1,1,0,1,0,1,4,1,0,1,1,1,1
"706",750,"UNI52","Full-time","No","Year 1","3","Psychology","Yes","Female","Non-UKRN",1,1,1,1,1,1,1,0,1,7,1,1,1,1,1,1
"707",NA,NA,NA,NA,NA,NA,NA,NA,NA,NA,NA,NA,NA,NA,NA,NA,NA,NA,NA,NA,NA,NA,NA,NA,NA,NA
"708",752,"UNI52","Full-time","No","Year 1","3","Psychology","Yes","Male","Non-UKRN",1,1,1,1,0,0,1,0,1,5,1,0,0,0,0,1
"709",NA,NA,NA,NA,NA,NA,NA,NA,NA,NA,NA,NA,NA,NA,NA,NA,NA,NA,NA,NA,NA,NA,NA,NA,NA,NA
"710",NA,NA,NA,NA,NA,NA,NA,NA,NA,NA,NA,NA,NA,NA,NA,NA,NA,NA,NA,NA,NA,NA,NA,NA,NA,NA
"711",755,"UNI52","Full-time","No","Year 2","3","Psychology ","No","Female ","Non-UKRN",1,1,1,1,1,1,1,1,1,8,1,1,0,0,0,1
"712",756,"UNI52","Full-time","No","Year 1","3","Psychology ","No","Female ","Non-UKRN",1,1,1,0,1,1,1,1,0,6,1,1,1,0,0,1
"713",NA,NA,NA,NA,NA,NA,NA,NA,NA,NA,NA,NA,NA,NA,NA,NA,NA,NA,NA,NA,NA,NA,NA,NA,NA,NA
"714",NA,NA,NA,NA,NA,NA,NA,NA,NA,NA,NA,NA,NA,NA,NA,NA,NA,NA,NA,NA,NA,NA,NA,NA,NA,NA
"715",759,"UKRN08","Full-time","Yes","Year 2","3","Psychology with Criminology","Yes","Female","UKRN",1,0,0,0,0,1,0,0,0,1,1,0,1,0,0,1
"716",NA,NA,NA,NA,NA,NA,NA,NA,NA,NA,NA,NA,NA,NA,NA,NA,NA,NA,NA,NA,NA,NA,NA,NA,NA,NA
"717",761,"UKRN08","Full-time","No","Year 1","3","Psychology ","Yes","Female","UKRN",1,1,1,1,1,1,1,0,1,7,1,1,0,0,0,1
"718",762,"UNI52","Full-time","No","Year 2","3","Psychology","No","Female","Non-UKRN",1,1,0,1,1,1,1,0,1,6,1,1,1,0,0,1
"719",NA,NA,NA,NA,NA,NA,NA,NA,NA,NA,NA,NA,NA,NA,NA,NA,NA,NA,NA,NA,NA,NA,NA,NA,NA,NA
"720",NA,NA,NA,NA,NA,NA,NA,NA,NA,NA,NA,NA,NA,NA,NA,NA,NA,NA,NA,NA,NA,NA,NA,NA,NA,NA
"721",NA,NA,NA,NA,NA,NA,NA,NA,NA,NA,NA,NA,NA,NA,NA,NA,NA,NA,NA,NA,NA,NA,NA,NA,NA,NA
"722",766,"UNI52","Full-time","No","Final Year","3","Psychology ","No","Female","Non-UKRN",1,1,1,1,0,1,1,1,1,7,1,0,0,1,0,1
"723",767,"UNI52","Full-time","No","Year 1","3","Psychology Hons BSC","No","Female ","Non-UKRN",1,1,1,1,0,0,1,0,1,5,1,0,0,0,0,1
"724",768,"UNI52","Full-time","No","Year 1","3","Psychology with English Language","Yes","Female","Non-UKRN",1,0,0,1,1,0,1,1,1,5,1,1,0,0,0,1
"725",NA,NA,NA,NA,NA,NA,NA,NA,NA,NA,NA,NA,NA,NA,NA,NA,NA,NA,NA,NA,NA,NA,NA,NA,NA,NA
"726",NA,NA,NA,NA,NA,NA,NA,NA,NA,NA,NA,NA,NA,NA,NA,NA,NA,NA,NA,NA,NA,NA,NA,NA,NA,NA
"727",771,"UKRN08","Full-time","Yes","Placement Year","4","BSc Psychology","Yes","male","UKRN",1,1,1,1,0,0,1,0,1,5,1,1,1,0,0,1
"728",772,"UNI52","Full-time","Other (Please specify)","Year 1","3","Bachelor Of Arts With Honours (Combined) - Accounting & Finance And Psychology","No","Female","Non-UKRN",1,0,1,1,0,1,1,0,1,5,1,1,0,0,0,1
"729",773,"UNI52","Full-time","No","Year 2","3","Psychology","Yes","Female","Non-UKRN",1,0,0,1,0,0,1,1,1,4,1,0,0,1,0,1
"730",NA,NA,NA,NA,NA,NA,NA,NA,NA,NA,NA,NA,NA,NA,NA,NA,NA,NA,NA,NA,NA,NA,NA,NA,NA,NA
"731",775,"UNI52","Full-time","No","Year 2","3","Psychology and Criminology","Yes","Non-Binary","Non-UKRN",1,1,0,0,0,1,1,1,0,4,1,0,0,0,0,1
"732",776,"UNI52","Full-time","No","Final Year","3","Biology and Psychology","Yes","Female","Non-UKRN",1,0,0,1,0,0,1,0,1,3,1,0,0,0,0,1
"733",777,"UKRN08","Full-time","No","Year 2","3","Psychology (BSc)","Yes","Female","UKRN",1,1,1,1,1,0,1,1,1,7,1,1,1,0,0,1
"734",778,"UKRN08","Full-time","Yes","Year 2","3","Psychology","No","Female","UKRN",1,1,0,1,1,0,1,1,1,6,1,1,0,1,1,1
"735",779,"UNI52","Full-time","No","Final Year","3","Psychology ","No","Male","Non-UKRN",1,0,0,1,0,0,0,0,1,2,1,1,0,0,0,1
"736",780,"UKRN08","Full-time","No","Year 1","3","BSC (Hons) Psychology","Yes","Female ","UKRN",1,0,0,1,1,0,0,1,1,4,1,1,1,0,1,1
"737",NA,NA,NA,NA,NA,NA,NA,NA,NA,NA,NA,NA,NA,NA,NA,NA,NA,NA,NA,NA,NA,NA,NA,NA,NA,NA
"738",782,"UNI52","Full-time","No","Year 2","3","Bachelor Of Arts With Honours (Combined) - Criminology And Psychology","Yes","female","Non-UKRN",1,1,1,1,0,0,1,0,1,5,1,0,0,0,0,1
"739",784,"UKRN08","Full-time","No","Year 2","3","Psychology with Sociology ","No","Female ","UKRN",1,1,0,1,1,0,0,1,1,5,1,1,1,0,1,1
"740",NA,NA,NA,NA,NA,NA,NA,NA,NA,NA,NA,NA,NA,NA,NA,NA,NA,NA,NA,NA,NA,NA,NA,NA,NA,NA
"741",786,"UNI52","Full-time","No","Year 1","3","Psychology ","Yes","Female ","Non-UKRN",1,0,1,1,0,0,1,0,1,4,1,1,1,0,0,1
"742",787,"UNI52","Full-time","No","Year 1","3","Sports Psychology","Yes","Male","Non-UKRN",1,1,1,0,1,1,1,1,1,7,1,1,0,0,0,1
"743",NA,NA,NA,NA,NA,NA,NA,NA,NA,NA,NA,NA,NA,NA,NA,NA,NA,NA,NA,NA,NA,NA,NA,NA,NA,NA
"744",789,"UNI52","Full-time","No","Year 1","3","Bachelor Of Arts With Honours (Combined) - Psychology And Special Educational Needs","No","Female","Non-UKRN",1,1,0,1,0,0,0,1,1,4,1,1,1,1,1,1
"745",790,"UNI01","Full-time","No","Year 2","3","psychology","Yes","female ","Non-UKRN",1,0,0,1,1,0,0,0,1,3,1,1,0,0,0,1
"746",791,"UKRN08","Full-time","No","Year 2","3","Psychology with Criminology ","Yes","Female","UKRN",1,0,1,1,0,1,0,0,0,3,1,1,0,0,0,1
"747",NA,NA,NA,NA,NA,NA,NA,NA,NA,NA,NA,NA,NA,NA,NA,NA,NA,NA,NA,NA,NA,NA,NA,NA,NA,NA
"748",NA,NA,NA,NA,NA,NA,NA,NA,NA,NA,NA,NA,NA,NA,NA,NA,NA,NA,NA,NA,NA,NA,NA,NA,NA,NA
"749",795,"UNI52","Full-time","No","Year 1","3","BSc Psychology ","No","Female","Non-UKRN",1,1,1,0,1,1,1,1,1,7,1,0,0,0,0,1
"750",NA,NA,NA,NA,NA,NA,NA,NA,NA,NA,NA,NA,NA,NA,NA,NA,NA,NA,NA,NA,NA,NA,NA,NA,NA,NA
"751",797,"UNI01","Full-time","No","Final Year","3","Psychology Bsc Single Hons","No","Female","Non-UKRN",1,1,1,0,1,1,0,1,0,5,1,1,1,1,1,1
"752",798,"UNI52","Full-time","No","Final Year","3","Psychology","No","Female","Non-UKRN",1,1,1,0,1,1,0,1,0,5,1,0,0,1,1,1
"753",799,"UKRN08","Full-time","Yes","Year 2","3","Psychology BSc (Hons)","Yes","Female","UKRN",1,1,0,0,1,1,1,1,0,5,1,1,0,1,1,1
"754",800,"UKRN08","Full-time","Yes","Year 2","4","Psychology with Criminology","No","Female","UKRN",1,0,0,0,1,1,1,1,0,4,1,1,0,0,0,1
"755",801,"UNI52","Full-time","No","Year 2","3","BSc Psychology","No","Female","Non-UKRN",1,1,1,0,0,1,0,1,0,4,1,1,0,0,0,1
"756",802,"UNI68","Full-time","Yes","Placement Year","4","Psychology with a professional placement year ","Yes","Female ","Non-UKRN",1,1,1,0,1,1,0,1,1,6,1,1,0,0,0,1
"757",803,"UNI68","Full-time","No","Year 1","3","Psychology with Business Management","Yes","Female","Non-UKRN",1,1,1,0,0,0,1,0,0,3,1,1,1,0,0,1
"758",804,"UNI68","Full-time","No","Year 2","3","Psychology","Yes","Female","Non-UKRN",1,0,0,0,0,0,0,1,0,1,1,1,0,0,0,1
"759",805,"UNI68","Full-time","No","Year 2","3","Psychology with Clinical Approaches ","Yes","Female","Non-UKRN",1,1,1,1,0,0,1,0,1,5,1,1,1,1,1,1
"760",806,"UNI68","Full-time","Yes","Year 2","4","Psychology BSc","Yes","Female","Non-UKRN",1,1,1,1,1,1,1,0,1,7,1,0,1,1,0,1
"761",807,"UNI68","Full-time","Yes","Final Year","4","Psychology with a Professional Placement","Yes","female","Non-UKRN",1,1,1,1,1,1,1,1,1,8,1,1,1,1,1,1
"762",NA,NA,NA,NA,NA,NA,NA,NA,NA,NA,NA,NA,NA,NA,NA,NA,NA,NA,NA,NA,NA,NA,NA,NA,NA,NA
"763",809,"UNI68","Full-time","Yes","Year 1","3","Psychology with Neuroscience","Yes","Female","Non-UKRN",1,1,1,1,1,0,0,0,1,5,1,1,1,0,0,1
"764",NA,NA,NA,NA,NA,NA,NA,NA,NA,NA,NA,NA,NA,NA,NA,NA,NA,NA,NA,NA,NA,NA,NA,NA,NA,NA
"765",NA,NA,NA,NA,NA,NA,NA,NA,NA,NA,NA,NA,NA,NA,NA,NA,NA,NA,NA,NA,NA,NA,NA,NA,NA,NA
"766",NA,NA,NA,NA,NA,NA,NA,NA,NA,NA,NA,NA,NA,NA,NA,NA,NA,NA,NA,NA,NA,NA,NA,NA,NA,NA
"767",NA,NA,NA,NA,NA,NA,NA,NA,NA,NA,NA,NA,NA,NA,NA,NA,NA,NA,NA,NA,NA,NA,NA,NA,NA,NA
"768",NA,NA,NA,NA,NA,NA,NA,NA,NA,NA,NA,NA,NA,NA,NA,NA,NA,NA,NA,NA,NA,NA,NA,NA,NA,NA
"769",NA,NA,NA,NA,NA,NA,NA,NA,NA,NA,NA,NA,NA,NA,NA,NA,NA,NA,NA,NA,NA,NA,NA,NA,NA,NA
"770",NA,NA,NA,NA,NA,NA,NA,NA,NA,NA,NA,NA,NA,NA,NA,NA,NA,NA,NA,NA,NA,NA,NA,NA,NA,NA
"771",NA,NA,NA,NA,NA,NA,NA,NA,NA,NA,NA,NA,NA,NA,NA,NA,NA,NA,NA,NA,NA,NA,NA,NA,NA,NA
"772",818,"UKRN08","Full-time","Yes","Placement Year","4","Psychology","No","Female ","UKRN",1,1,1,1,1,0,0,1,1,6,1,1,1,1,1,1
"773",NA,NA,NA,NA,NA,NA,NA,NA,NA,NA,NA,NA,NA,NA,NA,NA,NA,NA,NA,NA,NA,NA,NA,NA,NA,NA
"774",820,"UNI68","Full-time","No","Final Year","4","Psychology and criminology ","Yes","Female","Non-UKRN",1,1,1,1,1,0,1,1,1,7,1,1,0,0,0,1
"775",821,"UNI68","Full-time","No","Year 1","3","Psychology BSc ","No","Male (ftm)","Non-UKRN",1,1,1,1,1,0,0,0,1,5,1,1,1,0,0,1
"776",NA,NA,NA,NA,NA,NA,NA,NA,NA,NA,NA,NA,NA,NA,NA,NA,NA,NA,NA,NA,NA,NA,NA,NA,NA,NA
"777",NA,NA,NA,NA,NA,NA,NA,NA,NA,NA,NA,NA,NA,NA,NA,NA,NA,NA,NA,NA,NA,NA,NA,NA,NA,NA
"778",NA,NA,NA,NA,NA,NA,NA,NA,NA,NA,NA,NA,NA,NA,NA,NA,NA,NA,NA,NA,NA,NA,NA,NA,NA,NA
"779",825,"UNI68","Full-time","No","Year 2","3","Bsc Psychology","Yes","Female","Non-UKRN",1,1,1,1,1,1,1,1,1,8,1,1,0,0,0,1
"780",826,"UKRN08","Full-time","Yes","Year 2","3","Psychology","No","Female ","UKRN",1,1,0,1,1,0,0,0,1,4,1,1,1,0,0,1
"781",827,"UKRN08","Full-time","Yes","Placement Year","3","Psychology ","Yes","Female ","UKRN",1,0,0,0,0,0,0,0,0,0,1,1,1,1,1,1
"782",828,"UNI68","Full-time","Yes","Final Year","4","Psychology (with a professional placement year) ","Yes","Female ","Non-UKRN",1,0,1,1,1,0,1,0,1,5,1,1,1,0,0,1
"783",829,"UNI68","Full-time","No","Year 2","3","Psychology","Yes","Female","Non-UKRN",1,0,0,1,0,1,0,0,1,3,1,0,1,0,0,1
"784",NA,NA,NA,NA,NA,NA,NA,NA,NA,NA,NA,NA,NA,NA,NA,NA,NA,NA,NA,NA,NA,NA,NA,NA,NA,NA
"785",831,"UNI68","Full-time","No","Year 1","3","Psychology BSc","Yes","Female","Non-UKRN",1,1,1,1,0,0,1,0,0,4,1,1,1,0,0,1
"786",832,"UNI68","Full-time","No","Final Year","4","Psychology","Yes","Female","Non-UKRN",1,0,0,1,0,0,0,0,1,2,1,0,0,0,0,1
"787",833,"UNI68","Full-time","No","Year 2","3","BSc Psychology","No","Female","Non-UKRN",1,1,1,1,0,1,1,0,1,6,1,1,0,0,0,1
"788",NA,NA,NA,NA,NA,NA,NA,NA,NA,NA,NA,NA,NA,NA,NA,NA,NA,NA,NA,NA,NA,NA,NA,NA,NA,NA
"789",835,"UNI68","Full-time","No","Year 2","3","Psychology","Yes","Female ","Non-UKRN",1,0,0,1,0,0,0,0,1,2,1,1,1,0,0,1
"790",NA,NA,NA,NA,NA,NA,NA,NA,NA,NA,NA,NA,NA,NA,NA,NA,NA,NA,NA,NA,NA,NA,NA,NA,NA,NA
"791",NA,NA,NA,NA,NA,NA,NA,NA,NA,NA,NA,NA,NA,NA,NA,NA,NA,NA,NA,NA,NA,NA,NA,NA,NA,NA
"792",838,"UNI68","Full-time","Yes","Placement Year","4","Bsc Pcyhology with a placement year","Yes","female","Non-UKRN",1,0,1,0,0,0,0,1,1,3,1,0,1,1,0,1
"793",NA,NA,NA,NA,NA,NA,NA,NA,NA,NA,NA,NA,NA,NA,NA,NA,NA,NA,NA,NA,NA,NA,NA,NA,NA,NA
"794",NA,NA,NA,NA,NA,NA,NA,NA,NA,NA,NA,NA,NA,NA,NA,NA,NA,NA,NA,NA,NA,NA,NA,NA,NA,NA
"795",841,"UNI68","Full-time","No","Year 1","3","Psychology with criminology ","Yes","Female","Non-UKRN",1,1,1,1,1,1,1,1,1,8,1,1,1,0,0,1
"796",NA,NA,NA,NA,NA,NA,NA,NA,NA,NA,NA,NA,NA,NA,NA,NA,NA,NA,NA,NA,NA,NA,NA,NA,NA,NA
"797",843,"UNI52","Full-time","Other (Please specify)","Year 1","3","BSc Psychology ","Yes","Female ","Non-UKRN",1,0,0,1,0,0,1,0,1,3,1,1,0,0,1,1
"798",844,"UNI68","Full-time","No","Year 1","3","BSc Psychology with Criminology","Yes","Female","Non-UKRN",1,1,1,1,1,0,0,1,1,6,1,1,1,0,1,1
"799",845,"UNI68","Full-time","No","Year 1","3","psychology bsc","Yes","female","Non-UKRN",1,0,0,0,1,0,1,0,1,3,1,1,0,0,0,1
"800",846,"UNI68","Full-time","Other (Please specify)","Final Year","4","Psychology Bsc","Yes","male","Non-UKRN",1,1,0,0,0,0,0,0,0,1,1,1,1,0,0,1
"801",847,"UNI68","Full-time","Yes","Year 1","4","Psychology","No","Female ","Non-UKRN",1,1,1,1,1,1,1,0,1,7,1,1,1,1,0,1
"802",NA,NA,NA,NA,NA,NA,NA,NA,NA,NA,NA,NA,NA,NA,NA,NA,NA,NA,NA,NA,NA,NA,NA,NA,NA,NA
"803",849,"UNI68","Full-time","No","Year 1","3","psychology","No","male","Non-UKRN",1,1,1,1,1,1,1,0,1,7,1,1,0,0,0,1
"804",850,"UNI68","Full-time","Other (Please specify)","Placement Year","4","Psychology with business and management (with a year abroad in year 3)","Yes","Female","Non-UKRN",1,0,0,1,0,0,0,0,1,2,1,0,0,0,0,1
"805",851,"UNI68","Full-time","Yes","Year 1","4","Psychology ","No","Female ","Non-UKRN",1,1,0,0,1,1,0,1,0,4,1,1,1,1,0,1
"806",852,"UNI68","Full-time","No","Year 1","3","BSc Psychology with Neuroscience","No","female","Non-UKRN",1,1,1,0,1,1,0,0,0,4,1,1,0,1,1,1
"807",853,"UNI68","Full-time","No","Year 2","3","Bsc Psychology ","Yes","Male","Non-UKRN",1,0,0,0,0,1,0,1,0,2,1,1,0,0,0,1
"808",854,"UNI68","Full-time","Yes","Placement Year","3","Psychology","Yes","Female","Non-UKRN",1,1,1,1,1,0,0,0,1,5,1,1,0,1,1,1
"809",855,"UNI68","Full-time","No","Year 1","4","Psychology with clinical approaches ","Yes","Female","Non-UKRN",1,1,0,0,1,1,0,1,1,5,1,1,1,0,0,1
"810",856,"UNI68","Full-time","No","Year 1","3","Psychology","No","female","Non-UKRN",1,1,0,0,1,1,1,1,1,6,1,1,1,0,0,1
"811",NA,NA,NA,NA,NA,NA,NA,NA,NA,NA,NA,NA,NA,NA,NA,NA,NA,NA,NA,NA,NA,NA,NA,NA,NA,NA
"812",859,"UNI68","Full-time","No","Final Year","3","Psychology","Yes","Female","Non-UKRN",1,0,0,0,0,0,0,1,0,1,1,1,0,0,0,1
"813",860,"UNI52","Full-time","No","Year 1","3","Music and Psychology BA (hons)","No","female","Non-UKRN",1,1,1,0,0,0,0,0,0,2,1,1,0,1,1,1
"814",861,"UNI69","Full-time","No","Final Year","4","Psychology ","No","Female ","Non-UKRN",1,0,0,1,0,0,1,1,1,4,1,NA,0,0,1,1
"815",862,"UKRN08","Full-time","Yes","Year 2","3","Psychology ","Yes","Female","UKRN",1,1,1,0,0,0,0,0,0,2,1,1,1,1,1,1
"816",NA,NA,NA,NA,NA,NA,NA,NA,NA,NA,NA,NA,NA,NA,NA,NA,NA,NA,NA,NA,NA,NA,NA,NA,NA,NA
"817",NA,NA,NA,NA,NA,NA,NA,NA,NA,NA,NA,NA,NA,NA,NA,NA,NA,NA,NA,NA,NA,NA,NA,NA,NA,NA
"818",NA,NA,NA,NA,NA,NA,NA,NA,NA,NA,NA,NA,NA,NA,NA,NA,NA,NA,NA,NA,NA,NA,NA,NA,NA,NA
"819",NA,NA,NA,NA,NA,NA,NA,NA,NA,NA,NA,NA,NA,NA,NA,NA,NA,NA,NA,NA,NA,NA,NA,NA,NA,NA
"820",NA,NA,NA,NA,NA,NA,NA,NA,NA,NA,NA,NA,NA,NA,NA,NA,NA,NA,NA,NA,NA,NA,NA,NA,NA,NA
"821",NA,NA,NA,NA,NA,NA,NA,NA,NA,NA,NA,NA,NA,NA,NA,NA,NA,NA,NA,NA,NA,NA,NA,NA,NA,NA
"822",NA,NA,NA,NA,NA,NA,NA,NA,NA,NA,NA,NA,NA,NA,NA,NA,NA,NA,NA,NA,NA,NA,NA,NA,NA,NA
"823",NA,NA,NA,NA,NA,NA,NA,NA,NA,NA,NA,NA,NA,NA,NA,NA,NA,NA,NA,NA,NA,NA,NA,NA,NA,NA
"824",NA,NA,NA,NA,NA,NA,NA,NA,NA,NA,NA,NA,NA,NA,NA,NA,NA,NA,NA,NA,NA,NA,NA,NA,NA,NA
"825",872,"UNI68","Full-time","No","Year 1","3","Psychology with Neuroscience","Yes","Male","Non-UKRN",1,1,1,1,1,1,1,0,1,7,1,1,1,1,0,1
"826",873,"UNI68","Full-time","No","Year 1","3","Psychology ","Yes","Female","Non-UKRN",1,0,1,0,1,1,0,1,0,4,1,1,0,1,0,1
"827",NA,NA,NA,NA,NA,NA,NA,NA,NA,NA,NA,NA,NA,NA,NA,NA,NA,NA,NA,NA,NA,NA,NA,NA,NA,NA
"828",NA,NA,NA,NA,NA,NA,NA,NA,NA,NA,NA,NA,NA,NA,NA,NA,NA,NA,NA,NA,NA,NA,NA,NA,NA,NA
"829",876,"UNI68","Full-time","No","Year 1","3","Psychology","Yes","Female","Non-UKRN",1,0,0,1,1,0,0,0,1,3,1,1,1,0,0,1
"830",877,"UNI68","Full-time","No","Year 2","3","Psychology","No","Female","Non-UKRN",1,0,0,0,1,1,0,1,0,3,1,0,0,0,0,1
"831",NA,NA,NA,NA,NA,NA,NA,NA,NA,NA,NA,NA,NA,NA,NA,NA,NA,NA,NA,NA,NA,NA,NA,NA,NA,NA
"832",879,"UKRN08","Full-time","No","Year 1","4","Psychology","No","female","UKRN",1,0,0,0,1,0,0,0,1,2,1,1,1,1,1,1
"833",880,"UNI68","Full-time","Yes","Year 1","4","Psychology With A Professional Placement Year","Yes","Female","Non-UKRN",1,1,0,1,1,0,1,0,1,5,1,1,1,0,0,1
"834",NA,NA,NA,NA,NA,NA,NA,NA,NA,NA,NA,NA,NA,NA,NA,NA,NA,NA,NA,NA,NA,NA,NA,NA,NA,NA
"835",882,"UNI52","Full-time","No","Year 1","3","Film and Visual Culture and Psychology","Yes","Female","Non-UKRN",1,1,1,0,0,0,0,0,1,3,1,1,1,1,1,1
"836",NA,NA,NA,NA,NA,NA,NA,NA,NA,NA,NA,NA,NA,NA,NA,NA,NA,NA,NA,NA,NA,NA,NA,NA,NA,NA
"837",NA,NA,NA,NA,NA,NA,NA,NA,NA,NA,NA,NA,NA,NA,NA,NA,NA,NA,NA,NA,NA,NA,NA,NA,NA,NA
"838",885,"UNI69","Full-time","No","Year 1","3","BSc Psychology","No","","Non-UKRN",1,0,0,1,0,0,1,0,1,3,1,0,0,1,0,1
"839",886,"UNI69","Full-time","No","Final Year","3","Psychology Honours","Yes","F","Non-UKRN",1,0,0,0,1,0,0,0,0,1,1,1,0,1,1,1
"840",887,"UKRN08","Full-time","Other (Please specify)","Year 1","3","BsC Psychology","Yes","Female","UKRN",1,0,0,0,0,1,0,1,0,2,1,1,1,1,1,1
"841",NA,NA,NA,NA,NA,NA,NA,NA,NA,NA,NA,NA,NA,NA,NA,NA,NA,NA,NA,NA,NA,NA,NA,NA,NA,NA
"842",NA,NA,NA,NA,NA,NA,NA,NA,NA,NA,NA,NA,NA,NA,NA,NA,NA,NA,NA,NA,NA,NA,NA,NA,NA,NA
