"","ID","Uni","Full_Part","PTY","Current_Year","Course_Duration","Course_Name","Previous_Training","Gender","UKRN","timepoint","Knowledge_Replication","Knowledge_Materials","Knowledge_Education","Knowledge_Access","Knowledge_Data","Knowledge_Power","Knowledge_Preregistration","Knowledge_Preprint","Knowledge_Score_Total","Knowledge_Score_Mean","crisis_aware","crisis_learnt","crisis_explain","os_explain","os_learnt","Knowledge_Completed"
"1",1,"UKRN02","Full-time","Other (Please specify)","Year 1","3","Psychology BSC","Yes","Female","UKRN",1,4,3,3,2,2,2,3,2,21,21,1,1,0,1,1,1
"2",2,"UKRN02","Full-time","Yes","Year 1","4","Psychology","No","Female","UKRN",1,4,4,2,3,1,2,4,3,23,23,1,1,1,0,1,1
"3",3,"UKRN02","Full-time","Yes","Placement Year","3","BSc Psychology","Yes","Female","UKRN",1,1,3,0,0,0,0,3,3,10,10,1,1,0,0,0,1
"4",4,"UKRN02","Full-time","Yes","Year 1","3","Psychology with Forensic Investigation ","Yes","Female ","UKRN",1,4,2,1,0,0,3,3,3,16,16,1,1,0,0,0,1
"5",5,"UKRN02","Full-time","Yes","Placement Year","3","Bsc Psychology","Yes","Female","UKRN",1,4,3,3,3,1,3,3,2,22,22,1,0,1,0,0,1
"6",6,"UKRN02","Full-time","No","Year 1","3","BSc Psychology","Yes","female","UKRN",1,3,3,1,1,1,2,3,3,17,17,1,1,1,1,1,1
"7",NA,NA,NA,NA,NA,NA,NA,NA,NA,NA,NA,NA,NA,NA,NA,NA,NA,NA,NA,NA,NA,NA,NA,NA,NA,NA,NA
"8",8,"UKRN02","Full-time","Yes","Year 1","3","Psycholigy","No","female","UKRN",1,3,3,1,1,1,3,3,3,18,18,1,1,0,0,0,1
"9",9,"UKRN02","Full-time","Yes","Year 2","3","BSc Pyschology ","No","Female","UKRN",1,1,1,1,0,3,3,4,3,16,16,1,1,1,0,0,1
"10",10,"UKRN02","Full-time","Yes","Year 2","4","BSc (Hons) Psychology","No","Female ","UKRN",1,3,3,1,0,1,3,3,3,17,17,1,1,0,0,0,1
"11",11,"UKRN02","Full-time","Yes","Year 2","3","BsC Psychology ","No","Female ","UKRN",1,1,1,1,0,0,3,3,4,13,13,1,1,0,0,1,1
"12",NA,NA,NA,NA,NA,NA,NA,NA,NA,NA,NA,NA,NA,NA,NA,NA,NA,NA,NA,NA,NA,NA,NA,NA,NA,NA,NA
"13",NA,NA,NA,NA,NA,NA,NA,NA,NA,NA,NA,NA,NA,NA,NA,NA,NA,NA,NA,NA,NA,NA,NA,NA,NA,NA,NA
"14",14,"UKRN02","Full-time","Yes","Year 2","4","Psychology","Yes","Female ","UKRN",1,4,3,3,2,0,3,3,1,19,19,1,1,0,0,0,1
"15",15,"UKRN02","Full-time","Yes","Year 1","4","BPS Psychology ","Yes","Female ","UKRN",1,3,3,2,1,1,3,2,3,18,18,1,1,1,0,0,1
"16",16,"UKRN02","Full-time","Yes","Year 2","3","Psychology ","Yes","Female","UKRN",1,4,4,4,3,1,3,2,4,25,25,1,1,1,0,0,1
"17",17,"UKRN02","Full-time","Yes","Year 1","4","BSc Psychology","Yes","Female","UKRN",1,3,2,2,1,2,2,2,4,18,18,1,1,1,0,0,1
"18",18,"UKRN02","Full-time","Yes","Year 1","4","Psychology","Yes","Female","UKRN",1,4,3,3,1,0,0,4,4,19,19,1,1,0,0,0,1
"19",19,"UKRN02","Full-time","Yes","Year 1","3","BSc (Hons) Psychology","Yes","Female","UKRN",1,3,3,4,1,1,3,3,3,21,21,1,1,1,1,1,1
"20",20,"UKRN02","Full-time","Yes","Year 1","3","Psychology ","Yes","Male","UKRN",1,4,3,3,1,0,3,3,3,20,20,1,1,1,0,1,1
"21",NA,NA,NA,NA,NA,NA,NA,NA,NA,NA,NA,NA,NA,NA,NA,NA,NA,NA,NA,NA,NA,NA,NA,NA,NA,NA,NA
"22",NA,NA,NA,NA,NA,NA,NA,NA,NA,NA,NA,NA,NA,NA,NA,NA,NA,NA,NA,NA,NA,NA,NA,NA,NA,NA,NA
"23",23,"UKRN02","Full-time","Other (Please specify)","Year 1","3","Psychology","Yes","Female","UKRN",1,4,3,3,3,1,2,2,2,20,20,1,1,1,1,1,1
"24",24,"UNI02","Full-time","No","Year 2","3","BSc Psychology Hons","No","N/A","Non-UKRN",1,4,4,4,2,1,1,4,3,23,23,1,1,1,0,0,1
"25",25,"UNI02","Full-time","No","Year 2","3","Single honours Psychology ","Yes","Female","Non-UKRN",1,1,3,3,3,1,3,3,3,20,20,1,1,1,0,0,1
"26",27,"UNI02","Full-time","No","Final Year","3","Psychology ","No","Female ","Non-UKRN",1,3,2,3,1,1,2,2,3,17,17,1,0,0,0,0,1
"27",28,"UNI02","Full-time","No","Year 2","3","Psychology","Yes","Female ","Non-UKRN",1,4,3,3,0,1,3,3,2,19,19,1,1,1,0,1,1
"28",29,"UNI02","Full-time","No","Final Year","3","Psychology ","Yes","Female ","Non-UKRN",1,4,4,4,4,0,3,2,4,25,25,1,1,1,0,0,1
"29",30,"UNI02","Full-time","No","Final Year","3","Psychology ","Yes","Female ","Non-UKRN",1,3,1,3,1,3,3,3,3,20,20,1,0,0,1,0,1
"30",31,"UNI02","Full-time","No","Year 1","3","Psychology with counselling ","Yes","Female","Non-UKRN",1,1,3,3,1,0,2,3,3,16,16,1,0,0,0,1,1
"31",32,"UNI02","Full-time","No","Final Year","3","Bsc(hons) psychology ","Yes","Female ","Non-UKRN",1,4,4,3,3,1,3,2,3,23,23,1,1,0,0,0,1
"32",33,"UNI01","Full-time","No","Year 2","3","BSc (Hons) Psychology with Criminology","Yes","Female","Non-UKRN",1,3,3,3,1,1,3,2,2,18,18,1,0,0,0,0,1
"33",34,"UNI02","Full-time","No","Year 2","3","Psychology with clinical skills","No","Female","Non-UKRN",1,3,3,4,4,2,3,4,4,27,27,1,1,1,1,1,1
"34",35,"UNI01","Full-time","No","Final Year","3","Psychology with Criminology","No","Female","Non-UKRN",1,3,3,4,1,1,3,3,4,22,22,1,1,0,1,1,1
"35",36,"UNI02","Full-time","Yes","Year 2","3","Psychology","No","Female","Non-UKRN",1,3,3,4,1,0,0,4,0,15,15,1,1,0,0,0,1
"36",37,"UNI02","Full-time","No","Year 2","3","Bsc (Hons) Psychology","No","Female","Non-UKRN",1,2,1,1,1,1,1,3,3,13,13,1,1,0,0,0,1
"37",38,"UNI02","Full-time","Yes","Year 2","4","Forensic psychology ","No","Female ","Non-UKRN",1,3,2,3,1,2,1,3,1,16,16,1,1,0,1,1,1
"38",NA,NA,NA,NA,NA,NA,NA,NA,NA,NA,NA,NA,NA,NA,NA,NA,NA,NA,NA,NA,NA,NA,NA,NA,NA,NA,NA
"39",40,"UNI01","Full-time","No","Year 1","3","Bsc Psychology (Hons)","Yes","Female","Non-UKRN",1,3,1,1,1,0,3,3,1,13,13,1,1,1,0,0,1
"40",41,"UNI02","Full-time","No","Year 2","3","Psychology with clinical skills","No","Female ","Non-UKRN",1,3,3,3,1,0,1,3,2,16,16,1,0,1,0,0,1
"41",NA,NA,NA,NA,NA,NA,NA,NA,NA,NA,NA,NA,NA,NA,NA,NA,NA,NA,NA,NA,NA,NA,NA,NA,NA,NA,NA
"42",44,"UNI01","Full-time","No","Year 2","3","Psychology","No","Female","Non-UKRN",1,4,3,3,2,2,0,3,3,20,20,1,1,1,0,0,1
"43",NA,NA,NA,NA,NA,NA,NA,NA,NA,NA,NA,NA,NA,NA,NA,NA,NA,NA,NA,NA,NA,NA,NA,NA,NA,NA,NA
"44",46,"UKRN07","Full-time","Yes","Final Year","4","Psychology with Professional Placement","Yes","Female","UKRN",1,4,3,3,3,3,3,4,3,26,26,1,1,1,1,0,1
"45",48,"UKRN07","Full-time","No","Final Year","3","BSc Psychology","Yes","Female","UKRN",1,4,4,3,1,1,2,3,3,21,21,1,1,1,0,0,1
"46",49,"UKRN07","Full-time","Yes","Final Year","4","Psychology with Professional Placement","Yes","Male","UKRN",1,4,4,4,1,3,4,3,4,27,27,1,1,1,0,0,1
"47",NA,NA,NA,NA,NA,NA,NA,NA,NA,NA,NA,NA,NA,NA,NA,NA,NA,NA,NA,NA,NA,NA,NA,NA,NA,NA,NA
"48",51,"UKRN07","Full-time","No","Final Year","3","Psychology with Neuroscience","Yes","Female","UKRN",1,3,3,4,3,3,3,3,3,25,25,1,1,1,1,1,1
"49",NA,NA,NA,NA,NA,NA,NA,NA,NA,NA,NA,NA,NA,NA,NA,NA,NA,NA,NA,NA,NA,NA,NA,NA,NA,NA,NA
"50",54,"UNI04","Full-time","Other (Please specify)","Final Year","4","Psychology (with a Year Abroad)","No","Female","Non-UKRN",1,3,3,4,3,1,1,3,3,21,21,1,1,0,0,0,1
"51",55,"UNI04","Full-time","No","Final Year","3","BSc Psychology","Yes","Female","Non-UKRN",1,3,1,3,1,1,1,2,3,15,15,1,1,1,0,0,1
"52",56,"UKRN07","Full-time","No","Final Year","3","BSc Psychology (Hons) ","Yes","Female ","UKRN",1,3,2,3,3,1,1,3,3,19,19,1,1,1,1,1,1
"53",57,"UNI04","Full-time","Yes","Year 2","4","BSc Psychology with Placement Year","No","Male","Non-UKRN",1,4,3,2,3,3,3,3,3,24,24,1,1,0,0,0,1
"54",58,"UKRN02","Full-time","Yes","Year 1","4","Psychology with counselling","Yes","Female","UKRN",1,3,1,1,0,0,1,3,2,11,11,1,0,1,0,1,1
"55",NA,NA,NA,NA,NA,NA,NA,NA,NA,NA,NA,NA,NA,NA,NA,NA,NA,NA,NA,NA,NA,NA,NA,NA,NA,NA,NA
"56",60,"UNI11","Full-time","No","Final Year","3","Psychology and child development ","Yes","Female","Non-UKRN",1,4,4,4,1,1,1,3,3,21,21,1,1,0,0,0,1
"57",61,"UNI11","Full-time","No","Final Year","3","Bsc Psychology ","Yes","Female","Non-UKRN",1,3,3,3,1,1,3,3,1,18,18,1,1,1,0,0,1
"58",NA,NA,NA,NA,NA,NA,NA,NA,NA,NA,NA,NA,NA,NA,NA,NA,NA,NA,NA,NA,NA,NA,NA,NA,NA,NA,NA
"59",NA,NA,NA,NA,NA,NA,NA,NA,NA,NA,NA,NA,NA,NA,NA,NA,NA,NA,NA,NA,NA,NA,NA,NA,NA,NA,NA
"60",64,"UNI11","Full-time","No","Year 1","3","Bsc Psychology","Yes","Female","Non-UKRN",1,3,2,3,1,3,3,3,2,20,20,1,0,1,0,0,1
"61",65,"UNI11","Full-time","No","Year 1","3","Psychology with child development ","Yes","Female","Non-UKRN",1,3,3,2,0,1,2,1,2,14,14,1,1,0,0,0,1
"62",NA,NA,NA,NA,NA,NA,NA,NA,NA,NA,NA,NA,NA,NA,NA,NA,NA,NA,NA,NA,NA,NA,NA,NA,NA,NA,NA
"63",NA,NA,NA,NA,NA,NA,NA,NA,NA,NA,NA,NA,NA,NA,NA,NA,NA,NA,NA,NA,NA,NA,NA,NA,NA,NA,NA
"64",68,"UNI11","Full-time","No","Year 1","3","Psychology","Yes","Female","Non-UKRN",1,3,3,4,1,0,3,3,4,21,21,1,1,1,0,0,1
"65",NA,NA,NA,NA,NA,NA,NA,NA,NA,NA,NA,NA,NA,NA,NA,NA,NA,NA,NA,NA,NA,NA,NA,NA,NA,NA,NA
"66",70,"UNI11","Full-time","No","Year 2","3","BSc Psychology ","Yes","Female","Non-UKRN",1,4,4,4,4,3,4,3,3,29,29,1,1,1,1,1,1
"67",NA,NA,NA,NA,NA,NA,NA,NA,NA,NA,NA,NA,NA,NA,NA,NA,NA,NA,NA,NA,NA,NA,NA,NA,NA,NA,NA
"68",72,"UNI11","Full-time","No","Year 1","3","psychology ","Yes","female","Non-UKRN",1,3,3,3,2,0,0,3,3,17,17,1,1,1,0,0,1
"69",NA,NA,NA,NA,NA,NA,NA,NA,NA,NA,NA,NA,NA,NA,NA,NA,NA,NA,NA,NA,NA,NA,NA,NA,NA,NA,NA
"70",74,"UNI11","Full-time","No","Year 1","3","Bsc Psychology","Yes","female","Non-UKRN",1,3,1,1,1,1,1,3,3,14,14,1,1,1,1,1,1
"71",75,"UNI11","Full-time","No","Year 1","3","Psychology BSc","Yes","Female","Non-UKRN",1,4,4,3,3,1,3,3,4,25,25,1,0,0,0,0,1
"72",76,"UNI11","Full-time","No","Year 1","3","Psychology","No","female","Non-UKRN",1,3,3,3,3,1,1,3,1,18,18,1,1,0,0,0,1
"73",NA,NA,NA,NA,NA,NA,NA,NA,NA,NA,NA,NA,NA,NA,NA,NA,NA,NA,NA,NA,NA,NA,NA,NA,NA,NA,NA
"74",79,"UKRN01","Full-time","Yes","Year 1","4","BSc Psychology","Yes","Female","UKRN",1,1,1,1,1,1,1,3,2,11,11,1,1,1,0,0,1
"75",80,"UKRN01","Full-time","Yes","Year 1","4","BSc Psychology ","Yes","Female","UKRN",1,3,2,3,1,1,3,2,3,18,18,1,0,0,0,0,1
"76",NA,NA,NA,NA,NA,NA,NA,NA,NA,NA,NA,NA,NA,NA,NA,NA,NA,NA,NA,NA,NA,NA,NA,NA,NA,NA,NA
"77",NA,NA,NA,NA,NA,NA,NA,NA,NA,NA,NA,NA,NA,NA,NA,NA,NA,NA,NA,NA,NA,NA,NA,NA,NA,NA,NA
"78",NA,NA,NA,NA,NA,NA,NA,NA,NA,NA,NA,NA,NA,NA,NA,NA,NA,NA,NA,NA,NA,NA,NA,NA,NA,NA,NA
"79",84,"UKRN01","Full-time","Yes","Year 2","3","Psychology","Yes","Female","UKRN",1,3,2,3,2,1,3,3,3,20,20,1,1,0,0,1,1
"80",85,"UKRN01","Full-time","Yes","Year 2","4","Psychology ","Yes","Female","UKRN",1,3,3,3,4,1,3,4,4,25,25,1,1,1,0,0,1
"81",NA,NA,NA,NA,NA,NA,NA,NA,NA,NA,NA,NA,NA,NA,NA,NA,NA,NA,NA,NA,NA,NA,NA,NA,NA,NA,NA
"82",87,"UKRN01","Full-time","Yes","Year 1","4","BSc psychology","Yes","Female","UKRN",1,2,1,1,1,0,2,4,2,13,13,1,0,0,0,0,1
"83",NA,NA,NA,NA,NA,NA,NA,NA,NA,NA,NA,NA,NA,NA,NA,NA,NA,NA,NA,NA,NA,NA,NA,NA,NA,NA,NA
"84",NA,NA,NA,NA,NA,NA,NA,NA,NA,NA,NA,NA,NA,NA,NA,NA,NA,NA,NA,NA,NA,NA,NA,NA,NA,NA,NA
"85",90,"UKRN01","Full-time","No","Year 1","3","Psychology Bsc","Yes","Female","UKRN",1,1,4,3,0,0,1,3,3,15,15,1,1,0,0,1,1
"86",NA,NA,NA,NA,NA,NA,NA,NA,NA,NA,NA,NA,NA,NA,NA,NA,NA,NA,NA,NA,NA,NA,NA,NA,NA,NA,NA
"87",NA,NA,NA,NA,NA,NA,NA,NA,NA,NA,NA,NA,NA,NA,NA,NA,NA,NA,NA,NA,NA,NA,NA,NA,NA,NA,NA
"88",93,"UKRN01","Full-time","Yes","Year 1","3","Psychology Bsc","Yes","Female","UKRN",1,3,3,3,1,0,0,2,2,14,14,1,0,1,0,0,1
"89",94,"UKRN01","Full-time","Yes","Placement Year","3","BSc Psychology","Yes","Female","UKRN",1,3,3,2,2,1,3,1,2,17,17,1,1,1,0,0,1
"90",95,"UKRN01","Full-time","Yes","Year 1","4","Psychology with placement year","Yes","Female","UKRN",1,4,3,2,1,1,0,3,1,15,15,1,1,0,0,0,1
"91",96,"UKRN01","Full-time","Yes","Year 1","4","BSc Psychology","Yes","Female","UKRN",1,4,3,1,1,1,1,3,3,17,17,1,1,0,0,0,1
"92",97,"UKRN01","Full-time","Yes","Placement Year","4","Psychology BsC","Yes","Female ","UKRN",1,3,1,4,1,2,3,1,3,18,18,1,1,1,0,0,1
"93",98,"UKRN01","Full-time","Yes","Placement Year","4","Psychology ","Yes","Female","UKRN",1,3,2,4,1,0,2,4,2,18,18,1,1,1,0,0,1
"94",99,"UKRN01","Full-time","Yes","Year 2","4","Psychology","Yes","Female","UKRN",1,3,3,3,2,1,2,3,3,20,20,1,0,1,0,0,1
"95",100,"UKRN01","Full-time","No","Year 2","3","Psychology","No","Male","UKRN",1,4,3,3,3,0,3,3,3,22,22,1,1,0,1,1,1
"96",101,"UKRN01","Full-time","No","Year 2","3","Psychology BSc","Yes","Male","UKRN",1,3,3,1,0,0,3,4,3,17,17,1,1,1,0,0,1
"97",NA,NA,NA,NA,NA,NA,NA,NA,NA,NA,NA,NA,NA,NA,NA,NA,NA,NA,NA,NA,NA,NA,NA,NA,NA,NA,NA
"98",NA,NA,NA,NA,NA,NA,NA,NA,NA,NA,NA,NA,NA,NA,NA,NA,NA,NA,NA,NA,NA,NA,NA,NA,NA,NA,NA
"99",104,"UKRN01","Full-time","Yes","Year 2","4","Psychology","Yes","Female","UKRN",1,3,2,3,1,1,2,3,3,18,18,1,1,0,0,0,1
"100",NA,NA,NA,NA,NA,NA,NA,NA,NA,NA,NA,NA,NA,NA,NA,NA,NA,NA,NA,NA,NA,NA,NA,NA,NA,NA,NA
"101",NA,NA,NA,NA,NA,NA,NA,NA,NA,NA,NA,NA,NA,NA,NA,NA,NA,NA,NA,NA,NA,NA,NA,NA,NA,NA,NA
"102",107,"UKRN01","Full-time","Yes","Placement Year","4","Psychology","Yes","Female","UKRN",1,3,3,4,3,2,2,3,3,23,23,1,1,1,1,1,1
"103",108,"UKRN01","Full-time","Yes","Year 1","4","Psychology","Yes","Female ","UKRN",1,4,4,3,1,1,3,1,3,20,20,1,1,1,0,0,1
"104",NA,NA,NA,NA,NA,NA,NA,NA,NA,NA,NA,NA,NA,NA,NA,NA,NA,NA,NA,NA,NA,NA,NA,NA,NA,NA,NA
"105",110,"UKRN01","Full-time","Yes","Year 2","4","Psychology","Yes","Female","UKRN",1,3,2,2,1,1,2,4,3,18,18,1,1,1,0,0,1
"106",NA,NA,NA,NA,NA,NA,NA,NA,NA,NA,NA,NA,NA,NA,NA,NA,NA,NA,NA,NA,NA,NA,NA,NA,NA,NA,NA
"107",112,"UKRN01","Full-time","Yes","Year 2","4","Psychology ","Yes","Female","UKRN",1,1,3,3,3,1,0,4,3,18,18,1,1,1,0,1,1
"108",NA,NA,NA,NA,NA,NA,NA,NA,NA,NA,NA,NA,NA,NA,NA,NA,NA,NA,NA,NA,NA,NA,NA,NA,NA,NA,NA
"109",NA,NA,NA,NA,NA,NA,NA,NA,NA,NA,NA,NA,NA,NA,NA,NA,NA,NA,NA,NA,NA,NA,NA,NA,NA,NA,NA
"110",115,"UKRN01","Full-time","No","Year 1","3","Psychology","No","Female","UKRN",1,3,3,3,1,2,3,1,3,19,19,1,0,1,0,0,1
"111",NA,NA,NA,NA,NA,NA,NA,NA,NA,NA,NA,NA,NA,NA,NA,NA,NA,NA,NA,NA,NA,NA,NA,NA,NA,NA,NA
"112",NA,NA,NA,NA,NA,NA,NA,NA,NA,NA,NA,NA,NA,NA,NA,NA,NA,NA,NA,NA,NA,NA,NA,NA,NA,NA,NA
"113",118,"UKRN01","Full-time","Yes","Year 1","4","Psychology","Yes","female","UKRN",1,4,3,4,1,3,4,3,3,25,25,1,0,1,0,0,1
"114",NA,NA,NA,NA,NA,NA,NA,NA,NA,NA,NA,NA,NA,NA,NA,NA,NA,NA,NA,NA,NA,NA,NA,NA,NA,NA,NA
"115",NA,NA,NA,NA,NA,NA,NA,NA,NA,NA,NA,NA,NA,NA,NA,NA,NA,NA,NA,NA,NA,NA,NA,NA,NA,NA,NA
"116",121,"UKRN01","Full-time","No","Year 2","3","Psychology","Yes","Female","UKRN",1,1,1,2,1,1,3,2,2,13,13,1,0,1,0,0,1
"117",122,"UKRN01","Full-time","Yes","Year 2","4","Psychology BSc","Yes","Female","UKRN",1,4,3,3,4,3,4,3,3,27,27,1,1,1,1,0,1
"118",123,"UKRN01","Full-time","Yes","Year 2","4","Psychology BSc","Yes","Female","UKRN",1,3,4,4,1,0,3,4,4,23,23,1,1,0,0,0,1
"119",124,"UKRN01","Full-time","Yes","Year 1","4","BSc Psychology","Yes","Female","UKRN",1,3,3,3,1,2,2,2,3,19,19,1,0,1,0,0,1
"120",125,"UKRN01","Full-time","Yes","Year 2","4","BSc Psychology","Yes","Female","UKRN",1,4,3,4,3,1,2,3,3,23,23,1,1,1,0,1,1
"121",NA,NA,NA,NA,NA,NA,NA,NA,NA,NA,NA,NA,NA,NA,NA,NA,NA,NA,NA,NA,NA,NA,NA,NA,NA,NA,NA
"122",NA,NA,NA,NA,NA,NA,NA,NA,NA,NA,NA,NA,NA,NA,NA,NA,NA,NA,NA,NA,NA,NA,NA,NA,NA,NA,NA
"123",NA,NA,NA,NA,NA,NA,NA,NA,NA,NA,NA,NA,NA,NA,NA,NA,NA,NA,NA,NA,NA,NA,NA,NA,NA,NA,NA
"124",NA,NA,NA,NA,NA,NA,NA,NA,NA,NA,NA,NA,NA,NA,NA,NA,NA,NA,NA,NA,NA,NA,NA,NA,NA,NA,NA
"125",NA,NA,NA,NA,NA,NA,NA,NA,NA,NA,NA,NA,NA,NA,NA,NA,NA,NA,NA,NA,NA,NA,NA,NA,NA,NA,NA
"126",NA,NA,NA,NA,NA,NA,NA,NA,NA,NA,NA,NA,NA,NA,NA,NA,NA,NA,NA,NA,NA,NA,NA,NA,NA,NA,NA
"127",132,"UKRN01","Full-time","Yes","Year 1","4","Psychology ","Yes","Female","UKRN",1,3,1,2,1,1,3,3,3,17,17,1,0,0,1,0,1
"128",133,"UKRN01","Full-time","No","Year 2","3","Psychology","Yes","female","UKRN",1,3,1,3,1,1,1,2,2,14,14,1,1,1,0,0,1
"129",NA,NA,NA,NA,NA,NA,NA,NA,NA,NA,NA,NA,NA,NA,NA,NA,NA,NA,NA,NA,NA,NA,NA,NA,NA,NA,NA
"130",NA,NA,NA,NA,NA,NA,NA,NA,NA,NA,NA,NA,NA,NA,NA,NA,NA,NA,NA,NA,NA,NA,NA,NA,NA,NA,NA
"131",NA,NA,NA,NA,NA,NA,NA,NA,NA,NA,NA,NA,NA,NA,NA,NA,NA,NA,NA,NA,NA,NA,NA,NA,NA,NA,NA
"132",138,"UKRN01","Full-time","Yes","Year 2","4","Psychology Bsc","Yes","Female","UKRN",1,3,2,2,3,1,3,4,4,22,22,1,1,1,0,0,1
"133",NA,NA,NA,NA,NA,NA,NA,NA,NA,NA,NA,NA,NA,NA,NA,NA,NA,NA,NA,NA,NA,NA,NA,NA,NA,NA,NA
"134",140,"UKRN01","Full-time","Yes","Year 2","4","Psychology","Yes","Female","UKRN",1,3,3,2,1,1,1,3,3,17,17,1,1,0,0,0,1
"135",NA,NA,NA,NA,NA,NA,NA,NA,NA,NA,NA,NA,NA,NA,NA,NA,NA,NA,NA,NA,NA,NA,NA,NA,NA,NA,NA
"136",NA,NA,NA,NA,NA,NA,NA,NA,NA,NA,NA,NA,NA,NA,NA,NA,NA,NA,NA,NA,NA,NA,NA,NA,NA,NA,NA
"137",NA,NA,NA,NA,NA,NA,NA,NA,NA,NA,NA,NA,NA,NA,NA,NA,NA,NA,NA,NA,NA,NA,NA,NA,NA,NA,NA
"138",144,"UKRN01","Full-time","Yes","Year 1","4","Psychology Bsc ","Yes","Male ","UKRN",1,4,4,4,3,2,4,1,4,26,26,1,0,0,0,0,1
"139",NA,NA,NA,NA,NA,NA,NA,NA,NA,NA,NA,NA,NA,NA,NA,NA,NA,NA,NA,NA,NA,NA,NA,NA,NA,NA,NA
"140",146,"UKRN01","Full-time","Yes","Year 1","4","BSc Psychology","Yes","Female","UKRN",1,4,4,3,0,0,1,2,3,17,17,1,0,0,0,0,1
"141",NA,NA,NA,NA,NA,NA,NA,NA,NA,NA,NA,NA,NA,NA,NA,NA,NA,NA,NA,NA,NA,NA,NA,NA,NA,NA,NA
"142",148,"UKRN01","Full-time","Yes","Year 1","4","psychology bsc","Yes","female","UKRN",1,4,2,4,1,1,3,3,2,20,20,1,1,0,1,0,1
"143",149,"UKRN01","Full-time","Yes","Placement Year","4","BSc Psychology","No","Female ","UKRN",1,4,3,3,4,3,1,4,2,24,24,1,1,1,1,1,1
"144",NA,NA,NA,NA,NA,NA,NA,NA,NA,NA,NA,NA,NA,NA,NA,NA,NA,NA,NA,NA,NA,NA,NA,NA,NA,NA,NA
"145",NA,NA,NA,NA,NA,NA,NA,NA,NA,NA,NA,NA,NA,NA,NA,NA,NA,NA,NA,NA,NA,NA,NA,NA,NA,NA,NA
"146",152,"UKRN01","Full-time","Yes","Year 1","4","Psychology BSc","Yes","F","UKRN",1,4,4,4,2,1,3,3,3,24,24,1,0,1,1,0,1
"147",NA,NA,NA,NA,NA,NA,NA,NA,NA,NA,NA,NA,NA,NA,NA,NA,NA,NA,NA,NA,NA,NA,NA,NA,NA,NA,NA
"148",154,"UKRN01","Full-time","Yes","Year 2","4","Psychology BSc","Yes","Female","UKRN",1,3,3,2,2,1,3,3,2,19,19,1,1,1,0,1,1
"149",155,"UKRN01","Full-time","Yes","Year 1","3","Bsc Psychology","No","Male","UKRN",1,4,3,3,1,2,3,3,4,23,23,1,1,1,0,0,1
"150",156,"UKRN01","Full-time","Yes","Year 1","4","Psychology ","Yes","Female","UKRN",1,4,3,3,3,1,0,1,3,18,18,1,0,0,0,0,1
"151",157,"UKRN01","Full-time","Yes","Year 1","4","BSc Psychology","Yes","Female","UKRN",1,4,3,2,1,0,2,4,4,20,20,1,0,0,0,0,1
"152",158,"UKRN01","Full-time","No","Year 1","3","Psychology","No","Female ","UKRN",1,4,3,3,1,1,2,2,3,19,19,1,1,0,1,0,1
"153",NA,NA,NA,NA,NA,NA,NA,NA,NA,NA,NA,NA,NA,NA,NA,NA,NA,NA,NA,NA,NA,NA,NA,NA,NA,NA,NA
"154",160,"UKRN01","Full-time","Yes","Year 2","4","Psychology","Yes","female","UKRN",1,1,3,4,3,2,3,3,2,21,21,1,1,1,0,0,1
"155",161,"UKRN01","Full-time","Yes","Year 2","4","BSc Psychology","Yes","female","UKRN",1,1,4,3,1,1,1,4,4,19,19,1,0,1,0,0,1
"156",NA,NA,NA,NA,NA,NA,NA,NA,NA,NA,NA,NA,NA,NA,NA,NA,NA,NA,NA,NA,NA,NA,NA,NA,NA,NA,NA
"157",163,"UKRN01","Full-time","Yes","Year 1","4","Psychology BSc","Yes","Female","UKRN",1,3,3,1,1,1,3,3,3,18,18,1,0,1,0,0,1
"158",164,"UKRN01","Full-time","Yes","Year 2","4","Psychology (BSc)","Yes","Female","UKRN",1,3,1,2,2,2,2,3,2,17,17,1,1,1,0,0,1
"159",165,"UKRN01","Full-time","Yes","Year 1","4","Psychology Bsc","Yes","Female","UKRN",1,4,4,3,0,2,3,4,3,23,23,1,1,1,0,0,1
"160",NA,NA,NA,NA,NA,NA,NA,NA,NA,NA,NA,NA,NA,NA,NA,NA,NA,NA,NA,NA,NA,NA,NA,NA,NA,NA,NA
"161",NA,NA,NA,NA,NA,NA,NA,NA,NA,NA,NA,NA,NA,NA,NA,NA,NA,NA,NA,NA,NA,NA,NA,NA,NA,NA,NA
"162",168,"UKRN01","Full-time","Yes","Year 1","3","Bsc Psychology","No","Female","UKRN",1,2,3,2,1,2,1,3,3,17,17,1,0,1,0,0,1
"163",NA,NA,NA,NA,NA,NA,NA,NA,NA,NA,NA,NA,NA,NA,NA,NA,NA,NA,NA,NA,NA,NA,NA,NA,NA,NA,NA
"164",NA,NA,NA,NA,NA,NA,NA,NA,NA,NA,NA,NA,NA,NA,NA,NA,NA,NA,NA,NA,NA,NA,NA,NA,NA,NA,NA
"165",171,"UKRN01","Full-time","Yes","Year 1","4","Psychology ","Yes","Female","UKRN",1,3,3,3,1,1,1,3,3,18,18,1,0,1,0,0,1
"166",172,"UKRN01","Full-time","Yes","Year 2","4","Psychology","Yes","female","UKRN",1,4,4,4,2,1,3,3,3,24,24,1,1,1,0,0,1
"167",NA,NA,NA,NA,NA,NA,NA,NA,NA,NA,NA,NA,NA,NA,NA,NA,NA,NA,NA,NA,NA,NA,NA,NA,NA,NA,NA
"168",174,"UKRN01","Full-time","Yes","Year 2","4","Psychology","Yes","Male","UKRN",1,3,1,3,1,1,3,3,1,16,16,1,1,1,0,0,1
"169",175,"UKRN01","Full-time","Yes","Year 1","3","Psychology BSc","Yes","Female","UKRN",1,3,3,1,0,0,3,2,2,14,14,1,1,1,1,1,1
"170",176,"UKRN01","Full-time","Yes","Placement Year","4","psychology Bsc","Yes","female","UKRN",1,4,4,4,4,2,2,4,2,26,26,1,1,1,1,1,1
"171",177,"UKRN01","Full-time","Yes","Placement Year","4","Psychology","Yes","Male","UKRN",1,1,1,3,1,0,3,2,4,15,15,1,1,1,1,1,1
"172",178,"UKRN01","Full-time","Yes","Year 2","3","BSc Psychology","Yes","Female","UKRN",1,4,4,4,1,0,2,4,2,21,21,1,1,0,1,1,1
"173",179,"UKRN01","Full-time","Yes","Year 2","3","Psychology","No","Female","UKRN",1,0,3,0,2,1,3,3,2,14,14,1,1,1,1,0,1
"174",NA,NA,NA,NA,NA,NA,NA,NA,NA,NA,NA,NA,NA,NA,NA,NA,NA,NA,NA,NA,NA,NA,NA,NA,NA,NA,NA
"175",181,"UKRN01","Full-time","No","Year 2","3","Psychology ","Yes","Female","UKRN",1,3,3,3,2,1,1,3,3,19,19,1,1,0,0,1,1
"176",182,"UKRN01","Full-time","Yes","Year 1","4","BSc Psychology","Yes","Female","UKRN",1,1,2,0,0,0,1,3,2,9,9,1,0,1,0,0,1
"177",183,"UKRN01","Full-time","Yes","Year 1","4","BCs psychology ","No","female","UKRN",1,4,1,3,0,1,3,1,1,14,14,1,0,0,1,0,1
"178",184,"UKRN01","Full-time","Yes","Year 2","4","Psychology","Yes","Female","UKRN",1,3,3,4,2,1,2,2,3,20,20,1,1,1,1,1,1
"179",185,"UKRN01","Full-time","Yes","Year 2","3","Psychology","Yes","female","UKRN",1,3,3,3,1,1,3,3,3,20,20,1,1,1,0,0,1
"180",186,"UKRN01","Full-time","Yes","Year 1","4","Psychology (BSc)","Yes","Male","UKRN",1,4,4,3,2,0,1,3,4,21,21,1,1,0,0,0,1
"181",187,"UKRN01","Full-time","Yes","Year 1","4","BSc Psychology","Yes","female","UKRN",1,3,1,3,0,1,3,3,3,17,17,1,0,1,0,0,1
"182",188,"UKRN01","Full-time","No","Year 1","3","BSc Psychology","Yes","Female","UKRN",1,4,3,4,1,2,1,2,2,19,19,1,0,0,0,0,1
"183",NA,NA,NA,NA,NA,NA,NA,NA,NA,NA,NA,NA,NA,NA,NA,NA,NA,NA,NA,NA,NA,NA,NA,NA,NA,NA,NA
"184",NA,NA,NA,NA,NA,NA,NA,NA,NA,NA,NA,NA,NA,NA,NA,NA,NA,NA,NA,NA,NA,NA,NA,NA,NA,NA,NA
"185",NA,NA,NA,NA,NA,NA,NA,NA,NA,NA,NA,NA,NA,NA,NA,NA,NA,NA,NA,NA,NA,NA,NA,NA,NA,NA,NA
"186",192,"UKRN01","Full-time","Yes","Year 2","4","BSc Psychology","Yes","Female","UKRN",1,4,3,4,2,1,2,3,3,22,22,1,1,1,0,0,1
"187",193,"UKRN01","Full-time","Yes","Placement Year","4","Psychology BSc","No","female","UKRN",1,3,3,3,1,1,1,3,3,18,18,1,1,1,0,0,1
"188",NA,NA,NA,NA,NA,NA,NA,NA,NA,NA,NA,NA,NA,NA,NA,NA,NA,NA,NA,NA,NA,NA,NA,NA,NA,NA,NA
"189",195,"UKRN01","Full-time","Yes","Year 2","4","Psychology","Yes","Female","UKRN",1,3,3,3,3,2,2,3,3,22,22,1,0,0,0,0,1
"190",196,"UKRN01","Full-time","Yes","Placement Year","4","BSc Psychology","Yes","Female","UKRN",1,4,3,3,1,1,1,3,3,19,19,1,1,1,0,0,1
"191",NA,NA,NA,NA,NA,NA,NA,NA,NA,NA,NA,NA,NA,NA,NA,NA,NA,NA,NA,NA,NA,NA,NA,NA,NA,NA,NA
"192",NA,NA,NA,NA,NA,NA,NA,NA,NA,NA,NA,NA,NA,NA,NA,NA,NA,NA,NA,NA,NA,NA,NA,NA,NA,NA,NA
"193",199,"UKRN01","Full-time","Yes","Year 1","4","Psychology BSc","Yes","female","UKRN",1,3,3,2,1,1,1,2,3,16,16,1,1,1,0,0,1
"194",NA,NA,NA,NA,NA,NA,NA,NA,NA,NA,NA,NA,NA,NA,NA,NA,NA,NA,NA,NA,NA,NA,NA,NA,NA,NA,NA
"195",201,"UKRN01","Full-time","Yes","Year 2","4","Psychology BSc","Yes","Male","UKRN",1,3,4,4,4,3,3,3,4,28,28,1,1,1,1,1,1
"196",NA,NA,NA,NA,NA,NA,NA,NA,NA,NA,NA,NA,NA,NA,NA,NA,NA,NA,NA,NA,NA,NA,NA,NA,NA,NA,NA
"197",203,"UKRN01","Full-time","No","Year 1","3","Psychology Bsc","Yes","Female","UKRN",1,1,4,2,0,1,1,3,3,15,15,1,1,0,0,0,1
"198",NA,NA,NA,NA,NA,NA,NA,NA,NA,NA,NA,NA,NA,NA,NA,NA,NA,NA,NA,NA,NA,NA,NA,NA,NA,NA,NA
"199",205,"UKRN01","Full-time","Yes","Year 1","4","Psychology Bsc","Yes","Female ","UKRN",1,3,2,2,1,0,3,2,2,15,15,1,0,0,1,0,1
"200",NA,NA,NA,NA,NA,NA,NA,NA,NA,NA,NA,NA,NA,NA,NA,NA,NA,NA,NA,NA,NA,NA,NA,NA,NA,NA,NA
"201",NA,NA,NA,NA,NA,NA,NA,NA,NA,NA,NA,NA,NA,NA,NA,NA,NA,NA,NA,NA,NA,NA,NA,NA,NA,NA,NA
"202",208,"UKRN01","Full-time","Yes","Year 2","4","Psychology","Yes","Female","UKRN",1,3,3,3,0,0,0,3,3,15,15,1,1,1,0,0,1
"203",209,"UKRN01","Full-time","Yes","Year 2","4","BSc Psychology","Yes","Male","UKRN",1,4,3,1,3,4,1,3,1,20,20,1,1,1,0,0,1
"204",NA,NA,NA,NA,NA,NA,NA,NA,NA,NA,NA,NA,NA,NA,NA,NA,NA,NA,NA,NA,NA,NA,NA,NA,NA,NA,NA
"205",211,"UKRN01","Full-time","Yes","Year 2","4","Psychology BSc","Yes","Female","UKRN",1,1,3,3,2,3,3,3,2,20,20,1,1,1,0,1,1
"206",NA,NA,NA,NA,NA,NA,NA,NA,NA,NA,NA,NA,NA,NA,NA,NA,NA,NA,NA,NA,NA,NA,NA,NA,NA,NA,NA
"207",NA,NA,NA,NA,NA,NA,NA,NA,NA,NA,NA,NA,NA,NA,NA,NA,NA,NA,NA,NA,NA,NA,NA,NA,NA,NA,NA
"208",NA,NA,NA,NA,NA,NA,NA,NA,NA,NA,NA,NA,NA,NA,NA,NA,NA,NA,NA,NA,NA,NA,NA,NA,NA,NA,NA
"209",NA,NA,NA,NA,NA,NA,NA,NA,NA,NA,NA,NA,NA,NA,NA,NA,NA,NA,NA,NA,NA,NA,NA,NA,NA,NA,NA
"210",NA,NA,NA,NA,NA,NA,NA,NA,NA,NA,NA,NA,NA,NA,NA,NA,NA,NA,NA,NA,NA,NA,NA,NA,NA,NA,NA
"211",NA,NA,NA,NA,NA,NA,NA,NA,NA,NA,NA,NA,NA,NA,NA,NA,NA,NA,NA,NA,NA,NA,NA,NA,NA,NA,NA
"212",218,"UKRN01","Full-time","Yes","Year 2","4","BSc Psychology","Yes","Female","UKRN",1,4,3,3,1,0,3,3,3,20,20,1,1,1,0,1,1
"213",219,"UKRN01","Full-time","Yes","Year 2","4","Psychology ","Yes","Female","UKRN",1,3,3,3,1,0,3,3,3,19,19,1,1,0,0,0,1
"214",220,"UKRN01","Full-time","Yes","Year 1","4","BSc Psychology ","Yes","Female","UKRN",1,3,3,3,1,1,3,2,3,19,19,1,0,0,0,0,1
"215",221,"UKRN01","Full-time","Yes","Year 1","4","Psychology","Yes","female","UKRN",1,4,4,3,1,2,3,2,2,21,21,1,1,1,0,0,1
"216",222,"UKRN01","Full-time","Yes","Placement Year","3","Psychology","Yes","Female","UKRN",1,3,3,2,1,1,2,3,3,18,18,1,1,1,0,0,1
"217",NA,NA,NA,NA,NA,NA,NA,NA,NA,NA,NA,NA,NA,NA,NA,NA,NA,NA,NA,NA,NA,NA,NA,NA,NA,NA,NA
"218",NA,NA,NA,NA,NA,NA,NA,NA,NA,NA,NA,NA,NA,NA,NA,NA,NA,NA,NA,NA,NA,NA,NA,NA,NA,NA,NA
"219",NA,NA,NA,NA,NA,NA,NA,NA,NA,NA,NA,NA,NA,NA,NA,NA,NA,NA,NA,NA,NA,NA,NA,NA,NA,NA,NA
"220",NA,NA,NA,NA,NA,NA,NA,NA,NA,NA,NA,NA,NA,NA,NA,NA,NA,NA,NA,NA,NA,NA,NA,NA,NA,NA,NA
"221",NA,NA,NA,NA,NA,NA,NA,NA,NA,NA,NA,NA,NA,NA,NA,NA,NA,NA,NA,NA,NA,NA,NA,NA,NA,NA,NA
"222",NA,NA,NA,NA,NA,NA,NA,NA,NA,NA,NA,NA,NA,NA,NA,NA,NA,NA,NA,NA,NA,NA,NA,NA,NA,NA,NA
"223",NA,NA,NA,NA,NA,NA,NA,NA,NA,NA,NA,NA,NA,NA,NA,NA,NA,NA,NA,NA,NA,NA,NA,NA,NA,NA,NA
"224",230,"UKRN01","Full-time","Yes","Placement Year","4","BSc Psychology","Yes","Female","UKRN",1,3,3,3,2,1,3,3,1,19,19,1,1,1,0,0,1
"225",NA,NA,NA,NA,NA,NA,NA,NA,NA,NA,NA,NA,NA,NA,NA,NA,NA,NA,NA,NA,NA,NA,NA,NA,NA,NA,NA
"226",NA,NA,NA,NA,NA,NA,NA,NA,NA,NA,NA,NA,NA,NA,NA,NA,NA,NA,NA,NA,NA,NA,NA,NA,NA,NA,NA
"227",233,"UKRN01","Full-time","Yes","Year 2","4","Psychology","Yes","female","UKRN",1,3,3,3,2,2,3,3,3,22,22,1,1,1,0,0,1
"228",234,"UKRN01","Full-time","Yes","Year 1","4","BSc Psychology","Yes","Female","UKRN",1,3,3,1,1,2,3,3,3,19,19,1,1,0,0,0,1
"229",NA,NA,NA,NA,NA,NA,NA,NA,NA,NA,NA,NA,NA,NA,NA,NA,NA,NA,NA,NA,NA,NA,NA,NA,NA,NA,NA
"230",236,"UKRN01","Full-time","Yes","Placement Year","4","Psychology","Yes","Female","UKRN",1,3,3,4,0,1,2,3,2,18,18,1,0,0,1,0,1
"231",NA,NA,NA,NA,NA,NA,NA,NA,NA,NA,NA,NA,NA,NA,NA,NA,NA,NA,NA,NA,NA,NA,NA,NA,NA,NA,NA
"232",238,"UKRN01","Full-time","Yes","Year 2","4","Psychology ","No","Female","UKRN",1,4,4,4,4,2,4,4,4,30,30,1,1,1,1,1,1
"233",239,"UKRN01","Full-time","Yes","Year 2","4","Psychology","Yes","Male","UKRN",1,4,4,4,4,3,4,4,4,31,31,1,1,1,1,1,1
"234",NA,NA,NA,NA,NA,NA,NA,NA,NA,NA,NA,NA,NA,NA,NA,NA,NA,NA,NA,NA,NA,NA,NA,NA,NA,NA,NA
"235",NA,NA,NA,NA,NA,NA,NA,NA,NA,NA,NA,NA,NA,NA,NA,NA,NA,NA,NA,NA,NA,NA,NA,NA,NA,NA,NA
"236",242,"UKRN01","Full-time","Yes","Year 2","3","psychology Bsc","No","female","UKRN",1,3,3,3,1,2,3,3,3,21,21,1,0,0,0,0,1
"237",243,"UKRN01","Full-time","No","Year 1","3","Psychology BSc","No","Female","UKRN",1,4,3,4,0,0,1,4,3,19,19,1,0,1,0,0,1
"238",244,"UKRN01","Full-time","Yes","Placement Year","4","Psychology BSc","Yes","Female","UKRN",1,3,2,3,3,2,3,3,3,22,22,1,0,1,0,0,1
"239",NA,NA,NA,NA,NA,NA,NA,NA,NA,NA,NA,NA,NA,NA,NA,NA,NA,NA,NA,NA,NA,NA,NA,NA,NA,NA,NA
"240",NA,NA,NA,NA,NA,NA,NA,NA,NA,NA,NA,NA,NA,NA,NA,NA,NA,NA,NA,NA,NA,NA,NA,NA,NA,NA,NA
"241",247,"UKRN01","Full-time","Yes","Placement Year","4","Bsc Psychology","No","Male","UKRN",1,4,3,3,4,3,3,3,3,26,26,1,1,0,1,1,1
"242",NA,NA,NA,NA,NA,NA,NA,NA,NA,NA,NA,NA,NA,NA,NA,NA,NA,NA,NA,NA,NA,NA,NA,NA,NA,NA,NA
"243",249,"UKRN01","Full-time","Yes","Year 1","4","BSc Psychology","Yes","Male","UKRN",1,4,4,4,1,1,0,3,4,21,21,1,0,1,0,0,1
"244",250,"UKRN01","Full-time","Yes","Year 1","4","Psychology","Yes","Female","UKRN",1,4,4,3,0,1,3,1,3,19,19,1,0,0,1,0,1
"245",251,"UKRN01","Full-time","Yes","Final Year","4","Psychology BSc","Yes","Female","UKRN",1,4,3,4,2,3,3,2,3,24,24,1,1,1,0,0,1
"246",NA,NA,NA,NA,NA,NA,NA,NA,NA,NA,NA,NA,NA,NA,NA,NA,NA,NA,NA,NA,NA,NA,NA,NA,NA,NA,NA
"247",NA,NA,NA,NA,NA,NA,NA,NA,NA,NA,NA,NA,NA,NA,NA,NA,NA,NA,NA,NA,NA,NA,NA,NA,NA,NA,NA
"248",NA,NA,NA,NA,NA,NA,NA,NA,NA,NA,NA,NA,NA,NA,NA,NA,NA,NA,NA,NA,NA,NA,NA,NA,NA,NA,NA
"249",NA,NA,NA,NA,NA,NA,NA,NA,NA,NA,NA,NA,NA,NA,NA,NA,NA,NA,NA,NA,NA,NA,NA,NA,NA,NA,NA
"250",NA,NA,NA,NA,NA,NA,NA,NA,NA,NA,NA,NA,NA,NA,NA,NA,NA,NA,NA,NA,NA,NA,NA,NA,NA,NA,NA
"251",NA,NA,NA,NA,NA,NA,NA,NA,NA,NA,NA,NA,NA,NA,NA,NA,NA,NA,NA,NA,NA,NA,NA,NA,NA,NA,NA
"252",258,"UKRN01","Full-time","No","Year 2","2","Psychology BSc","Yes","Female","UKRN",1,4,2,2,1,0,3,4,3,19,19,1,1,1,0,1,1
"253",259,"UKRN01","Full-time","Yes","Placement Year","4","Psychology","Yes","Female","UKRN",1,4,3,1,1,1,3,3,3,19,19,1,1,1,0,0,1
"254",260,"UKRN01","Full-time","Yes","Placement Year","4","Psychology BSc","Yes","Female","UKRN",1,3,3,2,0,1,2,4,2,17,17,1,1,1,0,0,1
"255",261,"UKRN01","Full-time","Yes","Year 1","4","Psychology","Yes","female","UKRN",1,3,2,3,1,1,3,1,3,17,17,1,0,0,0,0,1
"256",262,"UKRN01","Full-time","No","Year 2","3","psychology","Yes","female","UKRN",1,4,4,3,4,1,1,3,2,22,22,1,1,0,1,1,1
"257",NA,NA,NA,NA,NA,NA,NA,NA,NA,NA,NA,NA,NA,NA,NA,NA,NA,NA,NA,NA,NA,NA,NA,NA,NA,NA,NA
"258",NA,NA,NA,NA,NA,NA,NA,NA,NA,NA,NA,NA,NA,NA,NA,NA,NA,NA,NA,NA,NA,NA,NA,NA,NA,NA,NA
"259",NA,NA,NA,NA,NA,NA,NA,NA,NA,NA,NA,NA,NA,NA,NA,NA,NA,NA,NA,NA,NA,NA,NA,NA,NA,NA,NA
"260",266,"UKRN01","Full-time","Yes","Placement Year","4","BSc Psychology with placement year","Yes","female","UKRN",1,1,1,3,1,4,1,1,2,14,14,1,1,0,0,0,1
"261",267,"UKRN01","Full-time","Yes","Year 1","4","Psychology","Yes","Female","UKRN",1,3,1,3,2,1,3,2,3,18,18,1,0,1,0,0,1
"262",268,"UKRN01","Full-time","Yes","Year 2","4","Bsc Psychology","Yes","female","UKRN",1,4,3,3,0,1,1,3,2,17,17,1,1,1,1,1,1
"263",NA,NA,NA,NA,NA,NA,NA,NA,NA,NA,NA,NA,NA,NA,NA,NA,NA,NA,NA,NA,NA,NA,NA,NA,NA,NA,NA
"264",NA,NA,NA,NA,NA,NA,NA,NA,NA,NA,NA,NA,NA,NA,NA,NA,NA,NA,NA,NA,NA,NA,NA,NA,NA,NA,NA
"265",NA,NA,NA,NA,NA,NA,NA,NA,NA,NA,NA,NA,NA,NA,NA,NA,NA,NA,NA,NA,NA,NA,NA,NA,NA,NA,NA
"266",NA,NA,NA,NA,NA,NA,NA,NA,NA,NA,NA,NA,NA,NA,NA,NA,NA,NA,NA,NA,NA,NA,NA,NA,NA,NA,NA
"267",NA,NA,NA,NA,NA,NA,NA,NA,NA,NA,NA,NA,NA,NA,NA,NA,NA,NA,NA,NA,NA,NA,NA,NA,NA,NA,NA
"268",274,"UKRN01","Full-time","No","Year 2","3","Undergraduate Psychology","No","Female","UKRN",1,2,2,4,2,2,2,3,2,19,19,1,1,1,1,1,1
"269",NA,NA,NA,NA,NA,NA,NA,NA,NA,NA,NA,NA,NA,NA,NA,NA,NA,NA,NA,NA,NA,NA,NA,NA,NA,NA,NA
"270",NA,NA,NA,NA,NA,NA,NA,NA,NA,NA,NA,NA,NA,NA,NA,NA,NA,NA,NA,NA,NA,NA,NA,NA,NA,NA,NA
"271",NA,NA,NA,NA,NA,NA,NA,NA,NA,NA,NA,NA,NA,NA,NA,NA,NA,NA,NA,NA,NA,NA,NA,NA,NA,NA,NA
"272",278,"UKRN01","Full-time","Yes","Year 1","4","Psychology","Yes","Female","UKRN",1,4,3,3,1,0,3,4,2,20,20,1,0,1,0,0,1
"273",NA,NA,NA,NA,NA,NA,NA,NA,NA,NA,NA,NA,NA,NA,NA,NA,NA,NA,NA,NA,NA,NA,NA,NA,NA,NA,NA
"274",NA,NA,NA,NA,NA,NA,NA,NA,NA,NA,NA,NA,NA,NA,NA,NA,NA,NA,NA,NA,NA,NA,NA,NA,NA,NA,NA
"275",NA,NA,NA,NA,NA,NA,NA,NA,NA,NA,NA,NA,NA,NA,NA,NA,NA,NA,NA,NA,NA,NA,NA,NA,NA,NA,NA
"276",282,"UKRN06","Full-time","No","Year 2","3","BSc Psychology ","Yes","Female ","UKRN",1,3,4,4,2,1,3,4,3,24,24,1,1,1,1,1,1
"277",283,"UKRN06","Full-time","No","Year 1","3","Psychology","No","Female","UKRN",1,4,4,3,3,1,3,3,4,25,25,1,1,1,1,1,1
"278",284,"UKRN06","Full-time","No","Year 2","3","Psychology BSc","Yes","Female","UKRN",1,3,1,3,1,0,3,2,2,15,15,1,1,1,0,0,1
"279",285,"UKRN06","Full-time","Yes","Placement Year","3","BSc Experimental Psychology","Yes","f","UKRN",1,3,4,3,4,3,1,4,3,25,25,1,1,1,0,1,1
"280",286,"UKRN06","Full-time","No","Final Year","3","Experimental psychology","Yes","Male","UKRN",1,3,4,3,3,1,3,3,4,24,24,1,1,1,1,1,1
"281",287,"UKRN06","Full-time","No","Year 1","3","BSc Psychology","Yes","Female ","UKRN",1,3,3,3,3,1,3,2,2,20,20,1,0,0,0,0,1
"282",288,"UKRN06","Full-time","No","Year 2","3","BSc psychology ","Yes","Female ","UKRN",1,3,3,3,2,2,3,3,3,22,22,1,1,1,1,1,1
"283",289,"UKRN06","Full-time","No","Final Year","3","Psychological Science","Yes","Female","UKRN",1,4,3,4,4,3,3,3,2,26,26,1,1,1,0,0,1
"284",NA,NA,NA,NA,NA,NA,NA,NA,NA,NA,NA,NA,NA,NA,NA,NA,NA,NA,NA,NA,NA,NA,NA,NA,NA,NA,NA
"285",291,"UKRN06","Full-time","No","Final Year","4","BSc psychology","No","Female","UKRN",1,4,4,4,4,1,4,4,4,29,29,1,1,1,1,0,1
"286",NA,NA,NA,NA,NA,NA,NA,NA,NA,NA,NA,NA,NA,NA,NA,NA,NA,NA,NA,NA,NA,NA,NA,NA,NA,NA,NA
"287",293,"UKRN06","Full-time","No","Year 2","3","Psychology","Yes","Female","UKRN",1,3,4,4,4,1,4,4,4,28,28,1,1,0,1,1,1
"288",294,"UKRN06","Full-time","No","Year 2","4","Psychology with Innovation","Yes","Female","UKRN",1,4,4,4,4,1,4,4,3,28,28,1,1,1,1,1,1
"289",295,"UKRN06","Full-time","No","Year 1","3","Psychology","Yes","female","UKRN",1,3,3,4,2,1,3,3,3,22,22,1,0,0,0,1,1
"290",296,"UKRN06","Full-time","No","Final Year","3","Psychological Science","Yes","Male","UKRN",1,3,4,3,2,0,0,1,4,17,17,1,1,1,0,0,1
"291",NA,NA,NA,NA,NA,NA,NA,NA,NA,NA,NA,NA,NA,NA,NA,NA,NA,NA,NA,NA,NA,NA,NA,NA,NA,NA,NA
"292",NA,NA,NA,NA,NA,NA,NA,NA,NA,NA,NA,NA,NA,NA,NA,NA,NA,NA,NA,NA,NA,NA,NA,NA,NA,NA,NA
"293",299,"UKRN06","Full-time","No","Year 1","3","Psychology BsC","Yes","Male","UKRN",1,3,3,3,3,1,3,3,3,22,22,1,1,1,0,0,1
"294",300,"UKRN06","Full-time","No","Final Year","3","Psychology","Yes","Female","UKRN",1,3,4,4,4,2,4,4,4,29,29,1,1,1,1,1,1
"295",301,"UKRN06","Full-time","No","Year 1","3","Psychology (BSc)","No","Female","UKRN",1,4,4,4,4,1,3,4,2,26,26,1,1,1,0,0,1
"296",302,"UNI04","Full-time","No","Final Year","4","BSc Psychology with a year abroad","Yes","Female","Non-UKRN",1,3,4,2,4,1,2,4,4,24,24,1,1,1,0,0,1
"297",303,"UNI04","Full-time","No","Final Year","3","PSYCHOLOGY","Yes","FEMALE","Non-UKRN",1,3,3,2,1,0,2,2,4,17,17,1,0,0,0,0,1
"298",NA,NA,NA,NA,NA,NA,NA,NA,NA,NA,NA,NA,NA,NA,NA,NA,NA,NA,NA,NA,NA,NA,NA,NA,NA,NA,NA
"299",305,"UNI04","Full-time","No","Final Year","3","Bsc Psychology","Yes","female ","Non-UKRN",1,3,3,2,2,0,1,4,1,16,16,1,1,1,0,0,1
"300",NA,NA,NA,NA,NA,NA,NA,NA,NA,NA,NA,NA,NA,NA,NA,NA,NA,NA,NA,NA,NA,NA,NA,NA,NA,NA,NA
"301",NA,NA,NA,NA,NA,NA,NA,NA,NA,NA,NA,NA,NA,NA,NA,NA,NA,NA,NA,NA,NA,NA,NA,NA,NA,NA,NA
"302",NA,NA,NA,NA,NA,NA,NA,NA,NA,NA,NA,NA,NA,NA,NA,NA,NA,NA,NA,NA,NA,NA,NA,NA,NA,NA,NA
"303",NA,NA,NA,NA,NA,NA,NA,NA,NA,NA,NA,NA,NA,NA,NA,NA,NA,NA,NA,NA,NA,NA,NA,NA,NA,NA,NA
"304",NA,NA,NA,NA,NA,NA,NA,NA,NA,NA,NA,NA,NA,NA,NA,NA,NA,NA,NA,NA,NA,NA,NA,NA,NA,NA,NA
"305",NA,NA,NA,NA,NA,NA,NA,NA,NA,NA,NA,NA,NA,NA,NA,NA,NA,NA,NA,NA,NA,NA,NA,NA,NA,NA,NA
"306",NA,NA,NA,NA,NA,NA,NA,NA,NA,NA,NA,NA,NA,NA,NA,NA,NA,NA,NA,NA,NA,NA,NA,NA,NA,NA,NA
"307",NA,NA,NA,NA,NA,NA,NA,NA,NA,NA,NA,NA,NA,NA,NA,NA,NA,NA,NA,NA,NA,NA,NA,NA,NA,NA,NA
"308",NA,NA,NA,NA,NA,NA,NA,NA,NA,NA,NA,NA,NA,NA,NA,NA,NA,NA,NA,NA,NA,NA,NA,NA,NA,NA,NA
"309",315,"UNI07","Full-time","No","Year 2","3","Psychology ","No","Female","Non-UKRN",1,3,3,2,1,1,1,1,3,15,15,1,1,0,0,0,1
"310",NA,NA,NA,NA,NA,NA,NA,NA,NA,NA,NA,NA,NA,NA,NA,NA,NA,NA,NA,NA,NA,NA,NA,NA,NA,NA,NA
"311",317,"UKRN08","Full-time","No","Final Year","3","Bsc Psychology","Yes","Female","UKRN",1,0,0,2,0,0,0,1,3,6,6,1,1,1,0,0,1
"312",318,"UKRN08","Full-time","No","Final Year","3","BSc Psychology ","Yes","Female","UKRN",1,3,3,3,3,1,3,3,3,22,22,1,1,1,1,0,1
"313",319,"UKRN08","Full-time","Yes","Year 2","3","Psychology ","Yes","Female ","UKRN",1,4,3,3,3,3,2,4,3,25,25,1,1,1,1,1,1
"314",320,"UKRN08","Full-time","No","Final Year","3","Psychology ","Yes","Female","UKRN",1,4,4,4,0,4,4,3,4,27,27,1,1,1,1,1,1
"315",NA,NA,NA,NA,NA,NA,NA,NA,NA,NA,NA,NA,NA,NA,NA,NA,NA,NA,NA,NA,NA,NA,NA,NA,NA,NA,NA
"316",NA,NA,NA,NA,NA,NA,NA,NA,NA,NA,NA,NA,NA,NA,NA,NA,NA,NA,NA,NA,NA,NA,NA,NA,NA,NA,NA
"317",323,"UKRN05","Full-time","Yes","Year 1","3","Psychology ","Yes","Female ","UKRN",1,4,3,1,1,0,2,3,1,15,15,1,0,0,0,0,1
"318",NA,NA,NA,NA,NA,NA,NA,NA,NA,NA,NA,NA,NA,NA,NA,NA,NA,NA,NA,NA,NA,NA,NA,NA,NA,NA,NA
"319",NA,NA,NA,NA,NA,NA,NA,NA,NA,NA,NA,NA,NA,NA,NA,NA,NA,NA,NA,NA,NA,NA,NA,NA,NA,NA,NA
"320",327,"UKRN05","Full-time","No","Year 1","3","psychology","No","female","UKRN",1,3,3,2,0,1,2,3,3,17,17,1,1,1,0,0,1
"321",328,"UKRN05","Full-time","No","Year 1","3","Psychology Bsc","No","female","UKRN",1,3,1,3,1,1,1,1,3,14,14,1,0,1,0,0,1
"322",NA,NA,NA,NA,NA,NA,NA,NA,NA,NA,NA,NA,NA,NA,NA,NA,NA,NA,NA,NA,NA,NA,NA,NA,NA,NA,NA
"323",331,"UKRN08","Full-time","Yes","Year 1","4","Psychology ","Yes","Female ","UKRN",1,4,4,4,4,4,4,4,4,32,32,1,1,1,1,1,1
"324",332,"UKRN06","Full-time","No","Year 2","3","Psychology BSc","Yes","Female","UKRN",1,3,3,3,3,3,3,3,3,24,24,1,1,0,1,1,1
"325",NA,NA,NA,NA,NA,NA,NA,NA,NA,NA,NA,NA,NA,NA,NA,NA,NA,NA,NA,NA,NA,NA,NA,NA,NA,NA,NA
"326",NA,NA,NA,NA,NA,NA,NA,NA,NA,NA,NA,NA,NA,NA,NA,NA,NA,NA,NA,NA,NA,NA,NA,NA,NA,NA,NA
"327",NA,NA,NA,NA,NA,NA,NA,NA,NA,NA,NA,NA,NA,NA,NA,NA,NA,NA,NA,NA,NA,NA,NA,NA,NA,NA,NA
"328",NA,NA,NA,NA,NA,NA,NA,NA,NA,NA,NA,NA,NA,NA,NA,NA,NA,NA,NA,NA,NA,NA,NA,NA,NA,NA,NA
"329",NA,NA,NA,NA,NA,NA,NA,NA,NA,NA,NA,NA,NA,NA,NA,NA,NA,NA,NA,NA,NA,NA,NA,NA,NA,NA,NA
"330",339,"UKRN01","Full-time","Yes","Year 1","3","Psychology","Yes","Male","UKRN",1,4,4,3,2,3,3,3,3,25,25,1,0,0,0,0,1
"331",NA,NA,NA,NA,NA,NA,NA,NA,NA,NA,NA,NA,NA,NA,NA,NA,NA,NA,NA,NA,NA,NA,NA,NA,NA,NA,NA
"332",341,"UNI19","Full-time","No","Final Year","3","BSc Psychology ","Yes","Female","Non-UKRN",1,4,4,4,1,1,1,3,3,21,21,1,1,1,0,0,1
"333",NA,NA,NA,NA,NA,NA,NA,NA,NA,NA,NA,NA,NA,NA,NA,NA,NA,NA,NA,NA,NA,NA,NA,NA,NA,NA,NA
"334",NA,NA,NA,NA,NA,NA,NA,NA,NA,NA,NA,NA,NA,NA,NA,NA,NA,NA,NA,NA,NA,NA,NA,NA,NA,NA,NA
"335",344,"UNI19","Full-time","No","Year 2","3","Psychology","No","Male","Non-UKRN",1,4,4,3,0,1,1,3,3,19,19,1,1,1,0,0,1
"336",345,"UNI21","Full-time","Other (Please specify)","Year 2","3","BSc Psychology","No","Female","Non-UKRN",1,4,3,3,1,0,1,3,3,18,18,1,1,1,0,0,1
"337",346,"UNI21","Full-time","No","Final Year","3","BSc Psychology ","No","Female ","Non-UKRN",1,0,4,2,0,1,4,4,3,18,18,1,1,1,0,1,1
"338",347,"UNI21","Full-time","Other (Please specify)","Year 1","3","BSc Psychology ","No","Female","Non-UKRN",1,3,3,4,1,1,3,3,3,21,21,1,1,1,0,0,1
"339",NA,NA,NA,NA,NA,NA,NA,NA,NA,NA,NA,NA,NA,NA,NA,NA,NA,NA,NA,NA,NA,NA,NA,NA,NA,NA,NA
"340",349,"UNI21","Full-time","Other (Please specify)","Year 2","3","Psychology ","No","Female ","Non-UKRN",1,4,4,3,3,1,1,3,3,22,22,1,1,0,0,0,1
"341",350,"UNI21","Full-time","Other (Please specify)","Placement Year","3","BSc psychology","Yes","Male","Non-UKRN",1,4,4,4,0,1,3,4,3,23,23,1,1,1,0,0,1
"342",NA,NA,NA,NA,NA,NA,NA,NA,NA,NA,NA,NA,NA,NA,NA,NA,NA,NA,NA,NA,NA,NA,NA,NA,NA,NA,NA
"343",352,"UNI19","Full-time","No","Final Year","3","BSc Psychology","Yes","female","Non-UKRN",1,4,4,4,0,0,3,4,3,22,22,1,1,1,1,0,1
"344",NA,NA,NA,NA,NA,NA,NA,NA,NA,NA,NA,NA,NA,NA,NA,NA,NA,NA,NA,NA,NA,NA,NA,NA,NA,NA,NA
"345",NA,NA,NA,NA,NA,NA,NA,NA,NA,NA,NA,NA,NA,NA,NA,NA,NA,NA,NA,NA,NA,NA,NA,NA,NA,NA,NA
"346",355,"UNI21","Full-time","Other (Please specify)","Placement Year","3","BSc (Hons) Psychology","Yes","Female","Non-UKRN",1,4,3,2,1,1,3,4,3,21,21,1,0,1,1,1,1
"347",NA,NA,NA,NA,NA,NA,NA,NA,NA,NA,NA,NA,NA,NA,NA,NA,NA,NA,NA,NA,NA,NA,NA,NA,NA,NA,NA
"348",NA,NA,NA,NA,NA,NA,NA,NA,NA,NA,NA,NA,NA,NA,NA,NA,NA,NA,NA,NA,NA,NA,NA,NA,NA,NA,NA
"349",358,"UNI21","Full-time","No","Year 2","3","BSc Psychology ","No","Female","Non-UKRN",1,3,1,1,1,1,3,3,3,16,16,1,0,1,0,0,1
"350",359,"UNI21","Full-time","Other (Please specify)","Year 1","3","Psychology ","No","Female","Non-UKRN",1,3,1,3,1,1,3,3,3,18,18,1,0,1,1,1,1
"351",360,"UNI21","Full-time","Other (Please specify)","Year 1","3","Psychology ","No","Female ","Non-UKRN",1,4,3,3,1,1,3,3,2,20,20,1,1,1,0,0,1
"352",NA,NA,NA,NA,NA,NA,NA,NA,NA,NA,NA,NA,NA,NA,NA,NA,NA,NA,NA,NA,NA,NA,NA,NA,NA,NA,NA
"353",NA,NA,NA,NA,NA,NA,NA,NA,NA,NA,NA,NA,NA,NA,NA,NA,NA,NA,NA,NA,NA,NA,NA,NA,NA,NA,NA
"354",363,"UNI22","Full-time","No","Final Year","4","Psychology BSc","Yes","Male","Non-UKRN",1,3,3,3,0,0,1,2,2,14,14,1,1,0,1,1,1
"355",364,"UNI22","Full-time","No","Year 2","3","Psychology ","Yes","Male ","Non-UKRN",1,3,3,3,1,1,3,4,4,22,22,1,1,0,0,1,1
"356",365,"UNI21","Full-time","Yes","Year 1","3","Psychology ","No","Female","Non-UKRN",1,4,3,4,3,0,3,4,3,24,24,1,1,1,1,1,1
"357",NA,NA,NA,NA,NA,NA,NA,NA,NA,NA,NA,NA,NA,NA,NA,NA,NA,NA,NA,NA,NA,NA,NA,NA,NA,NA,NA
"358",NA,NA,NA,NA,NA,NA,NA,NA,NA,NA,NA,NA,NA,NA,NA,NA,NA,NA,NA,NA,NA,NA,NA,NA,NA,NA,NA
"359",NA,NA,NA,NA,NA,NA,NA,NA,NA,NA,NA,NA,NA,NA,NA,NA,NA,NA,NA,NA,NA,NA,NA,NA,NA,NA,NA
"360",369,"UNI19","Full-time","No","Year 2","3","Psychology Bsc","Yes","Female","Non-UKRN",1,4,4,4,2,1,4,1,3,23,23,1,1,1,0,1,1
"361",370,"UNI21","Full-time","Yes","Year 2","4","Psychology","No","Female","Non-UKRN",1,4,4,4,1,1,3,4,2,23,23,1,1,1,0,0,1
"362",371,"UNI21","Full-time","Other (Please specify)","Placement Year","3","Psychology/ Psychology with year of professional placement ","No","male","Non-UKRN",1,3,4,4,3,0,3,4,4,25,25,1,1,1,1,0,1
"363",372,"UNI21","Full-time","No","Final Year","3","BScHons Psychology","No","Female","Non-UKRN",1,3,3,1,0,1,3,1,1,13,13,1,1,0,0,0,1
"364",373,"UNI22","Full-time","No","Year 2","3","\psychology with criminology","Yes","female","Non-UKRN",1,3,3,1,1,1,3,3,3,18,18,1,0,0,1,0,1
"365",NA,NA,NA,NA,NA,NA,NA,NA,NA,NA,NA,NA,NA,NA,NA,NA,NA,NA,NA,NA,NA,NA,NA,NA,NA,NA,NA
"366",NA,NA,NA,NA,NA,NA,NA,NA,NA,NA,NA,NA,NA,NA,NA,NA,NA,NA,NA,NA,NA,NA,NA,NA,NA,NA,NA
"367",NA,NA,NA,NA,NA,NA,NA,NA,NA,NA,NA,NA,NA,NA,NA,NA,NA,NA,NA,NA,NA,NA,NA,NA,NA,NA,NA
"368",377,"UNI19","Full-time","No","Year 2","3","Psychology ","Yes","Female ","Non-UKRN",1,3,1,2,1,0,1,3,3,14,14,1,0,1,0,0,1
"369",378,"UNI19","Full-time","No","Final Year","3","BSc Psychology","Yes","Male","Non-UKRN",1,3,3,3,1,1,3,1,3,18,18,1,0,1,0,0,1
"370",379,"UNI22","Full-time","No","Year 2","3","psychology with developmental disorders","No","female","Non-UKRN",1,1,1,2,1,1,0,4,4,14,14,1,0,0,0,0,1
"371",NA,NA,NA,NA,NA,NA,NA,NA,NA,NA,NA,NA,NA,NA,NA,NA,NA,NA,NA,NA,NA,NA,NA,NA,NA,NA,NA
"372",381,"UNI22","Full-time","No","Year 1","3","Psychology with behavioural analysis","Yes","Female","Non-UKRN",1,3,3,3,2,3,3,3,3,23,23,1,0,1,0,0,1
"373",NA,NA,NA,NA,NA,NA,NA,NA,NA,NA,NA,NA,NA,NA,NA,NA,NA,NA,NA,NA,NA,NA,NA,NA,NA,NA,NA
"374",NA,NA,NA,NA,NA,NA,NA,NA,NA,NA,NA,NA,NA,NA,NA,NA,NA,NA,NA,NA,NA,NA,NA,NA,NA,NA,NA
"375",384,"UNI24","Full-time","No","Final Year","3","Psychology","Yes","Female","Non-UKRN",1,3,3,3,0,0,0,4,3,16,16,1,1,0,0,0,1
"376",385,"UNI24","Full-time","No","Year 1","3","Psychology and criminology ","Yes","Female ","Non-UKRN",1,3,1,3,1,2,3,3,3,19,19,1,0,0,0,0,1
"377",NA,NA,NA,NA,NA,NA,NA,NA,NA,NA,NA,NA,NA,NA,NA,NA,NA,NA,NA,NA,NA,NA,NA,NA,NA,NA,NA
"378",NA,NA,NA,NA,NA,NA,NA,NA,NA,NA,NA,NA,NA,NA,NA,NA,NA,NA,NA,NA,NA,NA,NA,NA,NA,NA,NA
"379",NA,NA,NA,NA,NA,NA,NA,NA,NA,NA,NA,NA,NA,NA,NA,NA,NA,NA,NA,NA,NA,NA,NA,NA,NA,NA,NA
"380",NA,NA,NA,NA,NA,NA,NA,NA,NA,NA,NA,NA,NA,NA,NA,NA,NA,NA,NA,NA,NA,NA,NA,NA,NA,NA,NA
"381",NA,NA,NA,NA,NA,NA,NA,NA,NA,NA,NA,NA,NA,NA,NA,NA,NA,NA,NA,NA,NA,NA,NA,NA,NA,NA,NA
"382",NA,NA,NA,NA,NA,NA,NA,NA,NA,NA,NA,NA,NA,NA,NA,NA,NA,NA,NA,NA,NA,NA,NA,NA,NA,NA,NA
"383",NA,NA,NA,NA,NA,NA,NA,NA,NA,NA,NA,NA,NA,NA,NA,NA,NA,NA,NA,NA,NA,NA,NA,NA,NA,NA,NA
"384",NA,NA,NA,NA,NA,NA,NA,NA,NA,NA,NA,NA,NA,NA,NA,NA,NA,NA,NA,NA,NA,NA,NA,NA,NA,NA,NA
"385",NA,NA,NA,NA,NA,NA,NA,NA,NA,NA,NA,NA,NA,NA,NA,NA,NA,NA,NA,NA,NA,NA,NA,NA,NA,NA,NA
"386",NA,NA,NA,NA,NA,NA,NA,NA,NA,NA,NA,NA,NA,NA,NA,NA,NA,NA,NA,NA,NA,NA,NA,NA,NA,NA,NA
"387",NA,NA,NA,NA,NA,NA,NA,NA,NA,NA,NA,NA,NA,NA,NA,NA,NA,NA,NA,NA,NA,NA,NA,NA,NA,NA,NA
"388",NA,NA,NA,NA,NA,NA,NA,NA,NA,NA,NA,NA,NA,NA,NA,NA,NA,NA,NA,NA,NA,NA,NA,NA,NA,NA,NA
"389",NA,NA,NA,NA,NA,NA,NA,NA,NA,NA,NA,NA,NA,NA,NA,NA,NA,NA,NA,NA,NA,NA,NA,NA,NA,NA,NA
"390",NA,NA,NA,NA,NA,NA,NA,NA,NA,NA,NA,NA,NA,NA,NA,NA,NA,NA,NA,NA,NA,NA,NA,NA,NA,NA,NA
"391",NA,NA,NA,NA,NA,NA,NA,NA,NA,NA,NA,NA,NA,NA,NA,NA,NA,NA,NA,NA,NA,NA,NA,NA,NA,NA,NA
"392",NA,NA,NA,NA,NA,NA,NA,NA,NA,NA,NA,NA,NA,NA,NA,NA,NA,NA,NA,NA,NA,NA,NA,NA,NA,NA,NA
"393",402,"UKRN03","Full-time","No","Year 2","3","Criminology and Psychology","Yes","Female ","UKRN",1,3,3,3,2,1,2,2,3,19,19,1,1,1,0,0,1
"394",NA,NA,NA,NA,NA,NA,NA,NA,NA,NA,NA,NA,NA,NA,NA,NA,NA,NA,NA,NA,NA,NA,NA,NA,NA,NA,NA
"395",NA,NA,NA,NA,NA,NA,NA,NA,NA,NA,NA,NA,NA,NA,NA,NA,NA,NA,NA,NA,NA,NA,NA,NA,NA,NA,NA
"396",405,"UKRN03","Full-time","No","Final Year","3","BSc (hons) Psychology","No","Woman","UKRN",1,4,3,4,3,3,4,4,3,28,28,1,1,1,1,1,1
"397",NA,NA,NA,NA,NA,NA,NA,NA,NA,NA,NA,NA,NA,NA,NA,NA,NA,NA,NA,NA,NA,NA,NA,NA,NA,NA,NA
"398",NA,NA,NA,NA,NA,NA,NA,NA,NA,NA,NA,NA,NA,NA,NA,NA,NA,NA,NA,NA,NA,NA,NA,NA,NA,NA,NA
"399",408,"UKRN03","Full-time","Other (Please specify)","Year 1","4","Psychology and French Studies","Yes","Female ","UKRN",1,3,3,2,0,0,2,4,4,18,18,1,0,1,0,0,1
"400",409,"UKRN03","Full-time","No","Final Year","3","BSc Psychology","Yes","Female","UKRN",1,4,3,4,4,1,3,2,3,24,24,1,1,1,0,0,1
"401",410,"UNI21","Full-time","No","Final Year","3","BSc Psychology","Yes","Female","Non-UKRN",1,4,4,0,0,0,0,4,4,16,16,1,1,1,0,0,1
"402",411,"UKRN03","Full-time","No","Year 1","3","Psychology Bsc","Yes","Female","UKRN",1,3,3,3,3,1,3,3,3,22,22,1,1,1,0,0,1
"403",412,"UNI19","Full-time","No","Year 2","3","Psychology","No","female ","Non-UKRN",1,4,3,3,0,0,3,3,3,19,19,1,1,0,0,0,1
"404",413,"UNI22","Full-time","No","Year 2","3","Sports psychology bsc ","No","Female ","Non-UKRN",1,1,1,3,2,1,1,3,2,14,14,1,0,0,0,0,1
"405",NA,NA,NA,NA,NA,NA,NA,NA,NA,NA,NA,NA,NA,NA,NA,NA,NA,NA,NA,NA,NA,NA,NA,NA,NA,NA,NA
"406",415,"UKRN03","Full-time","No","Year 1","3","BA (hons) Psychology","Yes","Female","UKRN",1,3,2,3,1,0,3,3,2,17,17,1,1,1,0,0,1
"407",NA,NA,NA,NA,NA,NA,NA,NA,NA,NA,NA,NA,NA,NA,NA,NA,NA,NA,NA,NA,NA,NA,NA,NA,NA,NA,NA
"408",NA,NA,NA,NA,NA,NA,NA,NA,NA,NA,NA,NA,NA,NA,NA,NA,NA,NA,NA,NA,NA,NA,NA,NA,NA,NA,NA
"409",418,"UNI25","Full-time","Other (Please specify)","Year 2","3","Psychology ","Yes","Female ","Non-UKRN",1,3,1,2,1,0,1,1,2,11,11,1,1,0,0,1,1
"410",NA,NA,NA,NA,NA,NA,NA,NA,NA,NA,NA,NA,NA,NA,NA,NA,NA,NA,NA,NA,NA,NA,NA,NA,NA,NA,NA
"411",NA,NA,NA,NA,NA,NA,NA,NA,NA,NA,NA,NA,NA,NA,NA,NA,NA,NA,NA,NA,NA,NA,NA,NA,NA,NA,NA
"412",NA,NA,NA,NA,NA,NA,NA,NA,NA,NA,NA,NA,NA,NA,NA,NA,NA,NA,NA,NA,NA,NA,NA,NA,NA,NA,NA
"413",NA,NA,NA,NA,NA,NA,NA,NA,NA,NA,NA,NA,NA,NA,NA,NA,NA,NA,NA,NA,NA,NA,NA,NA,NA,NA,NA
"414",423,"UNI25","Full-time","No","Year 2","3","Psychology","Yes","Female","Non-UKRN",1,4,4,4,4,2,3,3,3,27,27,1,1,1,0,1,1
"415",424,"UKRN03","Full-time","No","Final Year","3","Psychology ","Yes","Female","UKRN",1,1,1,2,2,1,1,4,1,13,13,1,1,1,0,1,1
"416",NA,NA,NA,NA,NA,NA,NA,NA,NA,NA,NA,NA,NA,NA,NA,NA,NA,NA,NA,NA,NA,NA,NA,NA,NA,NA,NA
"417",426,"UKRN03","Full-time","No","Final Year","3","Psychology ","Yes","Female ","UKRN",1,3,2,3,1,0,0,4,3,16,16,1,1,1,0,0,1
"418",427,"UNI25","Full-time","No","Year 2","3","Psychology","Yes","Female","Non-UKRN",1,3,3,3,2,1,2,3,3,20,20,1,1,1,0,1,1
"419",428,"UNI22","Full-time","No","Year 2","3","Psychology with Counselling","No","Female","Non-UKRN",1,4,2,3,1,1,3,4,3,21,21,1,1,0,0,0,1
"420",429,"UKRN03","Full-time","No","Year 1","3","Bachelor of Science in Psychology and Linguistics ","No","Male","UKRN",1,4,4,4,4,3,4,3,3,29,29,1,0,0,0,0,1
"421",430,"UNI25","Full-time","No","Year 2","3","Psychology with Counselling","Yes","Female","Non-UKRN",1,3,3,3,1,0,2,4,1,17,17,1,1,0,1,1,1
"422",431,"UNI21","Full-time","Yes","Placement Year","3","BSC Psychology","Yes","female","Non-UKRN",1,4,3,2,0,0,0,4,2,15,15,1,1,1,0,0,1
"423",432,"UNI25","Full-time","No","Final Year","3","Psychology ","Yes","Female","Non-UKRN",1,3,3,3,1,2,1,3,2,18,18,1,1,1,0,0,1
"424",433,"UKRN03","Full-time","No","Final Year","3","BSc Psychology","Yes","Female","UKRN",1,3,2,3,3,0,1,3,3,18,18,1,1,1,0,0,1
"425",434,"UNI25","Full-time","No","Final Year","3","Psychology BSc","Yes","","Non-UKRN",1,4,3,3,3,0,3,3,1,20,20,1,0,1,0,0,1
"426",NA,NA,NA,NA,NA,NA,NA,NA,NA,NA,NA,NA,NA,NA,NA,NA,NA,NA,NA,NA,NA,NA,NA,NA,NA,NA,NA
"427",436,"UKRN03","Full-time","No","Year 2","3","Psychology ","Yes","Female","UKRN",1,3,3,3,2,1,1,3,3,19,19,1,1,1,0,0,1
"428",NA,NA,NA,NA,NA,NA,NA,NA,NA,NA,NA,NA,NA,NA,NA,NA,NA,NA,NA,NA,NA,NA,NA,NA,NA,NA,NA
"429",NA,NA,NA,NA,NA,NA,NA,NA,NA,NA,NA,NA,NA,NA,NA,NA,NA,NA,NA,NA,NA,NA,NA,NA,NA,NA,NA
"430",NA,NA,NA,NA,NA,NA,NA,NA,NA,NA,NA,NA,NA,NA,NA,NA,NA,NA,NA,NA,NA,NA,NA,NA,NA,NA,NA
"431",440,"UKRN03","Full-time","No","Final Year","3","Psychology ","Yes","Female ","UKRN",1,3,3,1,3,1,1,3,3,18,18,1,1,1,0,0,1
"432",NA,NA,NA,NA,NA,NA,NA,NA,NA,NA,NA,NA,NA,NA,NA,NA,NA,NA,NA,NA,NA,NA,NA,NA,NA,NA,NA
"433",NA,NA,NA,NA,NA,NA,NA,NA,NA,NA,NA,NA,NA,NA,NA,NA,NA,NA,NA,NA,NA,NA,NA,NA,NA,NA,NA
"434",443,"UKRN03","Full-time","No","Year 1","3","BCs Psychology","Yes","Female","UKRN",1,4,3,1,3,0,2,2,3,18,18,1,1,1,0,0,1
"435",444,"UNI21","Full-time","No","Final Year","3","Psychology","Yes","Female","Non-UKRN",1,3,3,1,0,0,0,3,3,13,13,1,0,0,0,0,1
"436",445,"UKRN03","Full-time","No","Year 2","3","Psychology ","Yes","Female ","UKRN",1,3,3,3,0,1,3,3,3,19,19,1,1,1,0,0,1
"437",NA,NA,NA,NA,NA,NA,NA,NA,NA,NA,NA,NA,NA,NA,NA,NA,NA,NA,NA,NA,NA,NA,NA,NA,NA,NA,NA
"438",NA,NA,NA,NA,NA,NA,NA,NA,NA,NA,NA,NA,NA,NA,NA,NA,NA,NA,NA,NA,NA,NA,NA,NA,NA,NA,NA
"439",NA,NA,NA,NA,NA,NA,NA,NA,NA,NA,NA,NA,NA,NA,NA,NA,NA,NA,NA,NA,NA,NA,NA,NA,NA,NA,NA
"440",NA,NA,NA,NA,NA,NA,NA,NA,NA,NA,NA,NA,NA,NA,NA,NA,NA,NA,NA,NA,NA,NA,NA,NA,NA,NA,NA
"441",NA,NA,NA,NA,NA,NA,NA,NA,NA,NA,NA,NA,NA,NA,NA,NA,NA,NA,NA,NA,NA,NA,NA,NA,NA,NA,NA
"442",NA,NA,NA,NA,NA,NA,NA,NA,NA,NA,NA,NA,NA,NA,NA,NA,NA,NA,NA,NA,NA,NA,NA,NA,NA,NA,NA
"443",452,"UKRN03","Full-time","No","Year 2","3","Psychology","Yes","Female","UKRN",1,4,3,4,2,0,4,2,3,22,22,1,0,1,1,1,1
"444",NA,NA,NA,NA,NA,NA,NA,NA,NA,NA,NA,NA,NA,NA,NA,NA,NA,NA,NA,NA,NA,NA,NA,NA,NA,NA,NA
"445",454,"UNI21","Full-time","No","Year 1","3","Psychology","Yes","Female","Non-UKRN",1,4,2,3,1,0,0,4,3,17,17,1,1,0,0,0,1
"446",NA,NA,NA,NA,NA,NA,NA,NA,NA,NA,NA,NA,NA,NA,NA,NA,NA,NA,NA,NA,NA,NA,NA,NA,NA,NA,NA
"447",NA,NA,NA,NA,NA,NA,NA,NA,NA,NA,NA,NA,NA,NA,NA,NA,NA,NA,NA,NA,NA,NA,NA,NA,NA,NA,NA
"448",457,"UNI25","Full-time","No","Final Year","3","Psychology ","Yes","Female ","Non-UKRN",1,3,3,3,1,1,1,1,1,14,14,1,1,1,0,0,1
"449",458,"UKRN03","Full-time","No","Year 2","3","BSc (Hons) Psychology","Yes","Female","UKRN",1,3,3,3,1,1,3,3,3,20,20,1,1,1,1,1,1
"450",NA,NA,NA,NA,NA,NA,NA,NA,NA,NA,NA,NA,NA,NA,NA,NA,NA,NA,NA,NA,NA,NA,NA,NA,NA,NA,NA
"451",NA,NA,NA,NA,NA,NA,NA,NA,NA,NA,NA,NA,NA,NA,NA,NA,NA,NA,NA,NA,NA,NA,NA,NA,NA,NA,NA
"452",461,"UNI21","Full-time","Other (Please specify)","Placement Year","3","BSc Psychology","No","Female","Non-UKRN",1,4,3,3,2,3,3,3,2,23,23,1,1,0,0,0,1
"453",NA,NA,NA,NA,NA,NA,NA,NA,NA,NA,NA,NA,NA,NA,NA,NA,NA,NA,NA,NA,NA,NA,NA,NA,NA,NA,NA
"454",463,"UNI21","Full-time","No","Year 1","3","BSc Psychology","Yes","Male","Non-UKRN",1,3,3,3,1,3,3,3,1,20,20,1,1,1,1,0,1
"455",464,"UKRN03","Full-time","No","Year 2","4","Psychology (Study Abroad) BSc","Yes","Female","UKRN",1,3,1,3,3,1,1,2,3,17,17,1,1,0,0,0,1
"456",NA,NA,NA,NA,NA,NA,NA,NA,NA,NA,NA,NA,NA,NA,NA,NA,NA,NA,NA,NA,NA,NA,NA,NA,NA,NA,NA
"457",NA,NA,NA,NA,NA,NA,NA,NA,NA,NA,NA,NA,NA,NA,NA,NA,NA,NA,NA,NA,NA,NA,NA,NA,NA,NA,NA
"458",NA,NA,NA,NA,NA,NA,NA,NA,NA,NA,NA,NA,NA,NA,NA,NA,NA,NA,NA,NA,NA,NA,NA,NA,NA,NA,NA
"459",468,"UKRN03","Full-time","No","Final Year","3","Psychology ","Yes","Female","UKRN",1,3,3,3,1,1,1,3,3,18,18,1,1,1,0,0,1
"460",471,"UKRN06","Full-time","No","Year 2","3","psychology bsc","Yes","female","UKRN",1,4,4,4,4,3,3,4,4,30,30,1,1,1,1,1,1
"461",NA,NA,NA,NA,NA,NA,NA,NA,NA,NA,NA,NA,NA,NA,NA,NA,NA,NA,NA,NA,NA,NA,NA,NA,NA,NA,NA
"462",473,"UNI21","Full-time","Other (Please specify)","Placement Year","3","Psychology BSc","No","Female ","Non-UKRN",1,4,1,4,1,1,3,2,1,17,17,1,1,1,0,0,1
"463",NA,NA,NA,NA,NA,NA,NA,NA,NA,NA,NA,NA,NA,NA,NA,NA,NA,NA,NA,NA,NA,NA,NA,NA,NA,NA,NA
"464",NA,NA,NA,NA,NA,NA,NA,NA,NA,NA,NA,NA,NA,NA,NA,NA,NA,NA,NA,NA,NA,NA,NA,NA,NA,NA,NA
"465",476,"UNI22","Full-time","No","Year 2","3","Psychology","No","Female","Non-UKRN",1,4,1,3,1,2,2,1,1,15,15,1,1,1,0,0,1
"466",478,"UKRN03","Full-time","No","Final Year","3","Psychology (BSc)","Yes","Male","UKRN",1,3,3,2,3,1,3,3,1,19,19,1,1,1,1,1,1
"467",479,"UKRN03","Full-time","Other (Please specify)","Year 1","4","Bsc Psychology with Study Abroad","Yes","Female","UKRN",1,3,2,3,1,0,2,3,3,17,17,1,0,0,0,0,1
"468",480,"UKRN03","Full-time","No","Year 1","4","Psychology ","Yes","Female","UKRN",1,4,1,3,1,1,3,2,3,18,18,1,0,1,1,1,1
"469",481,"UNI25","Full-time","No","Final Year","3","Psychology ","Yes","Female","Non-UKRN",1,4,3,1,1,0,0,1,3,13,13,1,0,0,0,0,1
"470",NA,NA,NA,NA,NA,NA,NA,NA,NA,NA,NA,NA,NA,NA,NA,NA,NA,NA,NA,NA,NA,NA,NA,NA,NA,NA,NA
"471",NA,NA,NA,NA,NA,NA,NA,NA,NA,NA,NA,NA,NA,NA,NA,NA,NA,NA,NA,NA,NA,NA,NA,NA,NA,NA,NA
"472",484,"UKRN01","Full-time","Yes","Year 2","4","Psychology (BSc Hons)","Yes","Female","UKRN",1,3,3,3,3,1,3,4,2,22,22,1,1,1,0,1,1
"473",NA,NA,NA,NA,NA,NA,NA,NA,NA,NA,NA,NA,NA,NA,NA,NA,NA,NA,NA,NA,NA,NA,NA,NA,NA,NA,NA
"474",487,"UNI24","Full-time","No","Year 2","3","Psychology","Yes","Man; Androgynous (feel free to put me in with either men or other)","Non-UKRN",1,3,2,4,2,2,2,3,2,20,20,1,0,0,1,0,1
"475",NA,NA,NA,NA,NA,NA,NA,NA,NA,NA,NA,NA,NA,NA,NA,NA,NA,NA,NA,NA,NA,NA,NA,NA,NA,NA,NA
"476",NA,NA,NA,NA,NA,NA,NA,NA,NA,NA,NA,NA,NA,NA,NA,NA,NA,NA,NA,NA,NA,NA,NA,NA,NA,NA,NA
"477",490,"UKRN03","Full-time","No","Year 1","","Psychology (Study abroad) Bsc (Hons)","Yes","Female","UKRN",1,4,4,4,3,1,2,4,4,26,26,1,1,1,0,1,1
"478",491,"UNI21","Full-time","Other (Please specify)","Year 2","3","BSc Psychology","No","Female","Non-UKRN",1,4,3,4,1,0,2,4,3,21,21,1,1,1,1,1,1
"479",492,"UNI24","Full-time","No","Year 2","3","Single honours psychology","No","Male","Non-UKRN",1,4,4,2,1,1,2,3,3,20,20,1,0,0,0,0,1
"480",493,"UNI21","Full-time","No","Year 1","3","Psychology","Yes","female","Non-UKRN",1,0,4,1,1,1,1,3,3,14,14,1,0,1,0,0,1
"481",NA,NA,NA,NA,NA,NA,NA,NA,NA,NA,NA,NA,NA,NA,NA,NA,NA,NA,NA,NA,NA,NA,NA,NA,NA,NA,NA
"482",496,"UNI21","Full-time","Other (Please specify)","Placement Year","3","Psychology ","No","Female","Non-UKRN",1,4,2,4,3,0,3,3,2,21,21,1,0,0,0,0,1
"483",497,"UKRN03","Full-time","No","Year 2","3","Psychology BSc","Yes","Female","UKRN",1,3,3,3,3,1,1,3,3,20,20,1,1,0,0,0,1
"484",NA,NA,NA,NA,NA,NA,NA,NA,NA,NA,NA,NA,NA,NA,NA,NA,NA,NA,NA,NA,NA,NA,NA,NA,NA,NA,NA
"485",NA,NA,NA,NA,NA,NA,NA,NA,NA,NA,NA,NA,NA,NA,NA,NA,NA,NA,NA,NA,NA,NA,NA,NA,NA,NA,NA
"486",500,"UKRN05","Full-time","No","Year 2","3","Sociology with Social Psychology","Yes","Female","UKRN",1,3,1,1,1,1,0,3,3,13,13,1,1,0,1,1,1
"487",NA,NA,NA,NA,NA,NA,NA,NA,NA,NA,NA,NA,NA,NA,NA,NA,NA,NA,NA,NA,NA,NA,NA,NA,NA,NA,NA
"488",NA,NA,NA,NA,NA,NA,NA,NA,NA,NA,NA,NA,NA,NA,NA,NA,NA,NA,NA,NA,NA,NA,NA,NA,NA,NA,NA
"489",503,"UKRN03","Full-time","No","Year 1","3","BA Hons Psychology and Linguistics","Yes","Female","UKRN",1,4,2,3,0,1,3,3,2,18,18,1,1,0,0,0,1
"490",504,"UKRN03","Full-time","No","Year 1","3","Psychology BSc Hons","Yes","Female","UKRN",1,3,3,3,0,0,3,1,1,14,14,1,0,1,1,0,1
"491",505,"UKRN03","Full-time","No","Year 1","3","Psychology","No","Male","UKRN",1,4,3,3,4,4,3,2,3,26,26,1,1,1,0,0,1
"492",506,"UKRN03","Full-time","No","Final Year","4","Psychology MPsych","Yes","Male","UKRN",1,3,4,4,4,1,4,3,3,26,26,1,1,1,0,0,1
"493",507,"UKRN03","Full-time","No","Year 2","3","BSc Hons Psychology Full Time","Yes","Female","UKRN",1,3,4,4,3,1,2,4,4,25,25,1,1,1,1,1,1
"494",508,"UNI21","Full-time","Yes","Year 1","3","psychology","No","female","Non-UKRN",1,3,2,4,1,2,3,3,2,20,20,1,1,0,0,0,1
"495",NA,NA,NA,NA,NA,NA,NA,NA,NA,NA,NA,NA,NA,NA,NA,NA,NA,NA,NA,NA,NA,NA,NA,NA,NA,NA,NA
"496",NA,NA,NA,NA,NA,NA,NA,NA,NA,NA,NA,NA,NA,NA,NA,NA,NA,NA,NA,NA,NA,NA,NA,NA,NA,NA,NA
"497",511,"UNI25","Full-time","No","Final Year","3","Psychology BSc Hons","Yes","Female","Non-UKRN",1,3,3,2,2,1,1,3,3,18,18,1,1,0,0,0,1
"498",NA,NA,NA,NA,NA,NA,NA,NA,NA,NA,NA,NA,NA,NA,NA,NA,NA,NA,NA,NA,NA,NA,NA,NA,NA,NA,NA
"499",513,"UNI21","Full-time","No","Year 1","3","BSc Psychology","Yes","Female","Non-UKRN",1,3,3,3,1,0,3,3,3,19,19,1,1,1,0,0,1
"500",NA,NA,NA,NA,NA,NA,NA,NA,NA,NA,NA,NA,NA,NA,NA,NA,NA,NA,NA,NA,NA,NA,NA,NA,NA,NA,NA
"501",516,"UNI50","Full-time","No","Final Year","3","BsC Psychology (Hons)","Yes","Female","Non-UKRN",1,3,2,3,1,1,3,3,3,19,19,1,0,0,0,0,1
"502",517,"UNI50","Full-time","No","Final Year","3","Psychology with forensic psychology ","Yes","Female","Non-UKRN",1,1,3,1,1,0,1,4,3,14,14,1,1,0,0,0,1
"503",NA,NA,NA,NA,NA,NA,NA,NA,NA,NA,NA,NA,NA,NA,NA,NA,NA,NA,NA,NA,NA,NA,NA,NA,NA,NA,NA
"504",519,"UNI50","Full-time","No","Year 2","3","Psychology","Yes","Female","Non-UKRN",1,4,3,3,4,1,3,4,3,25,25,1,1,1,0,0,1
"505",520,"UNI50","Full-time","No","Final Year","3","Psychology","Yes","Female ","Non-UKRN",1,3,3,3,1,1,1,2,1,15,15,1,1,0,1,1,1
"506",521,"UNI50","Full-time","No","Final Year","3","Psychology BSc","Yes","Female","Non-UKRN",1,1,2,3,1,2,1,3,2,15,15,1,1,0,0,0,1
"507",522,"UNI50","Full-time","No","Final Year","3","Psychology with clinical","Yes","Male","Non-UKRN",1,4,4,4,3,0,2,1,3,21,21,1,1,1,0,1,1
"508",523,"UNI50","Full-time","No","Year 2","3","Psychology BSc","Yes","Female","Non-UKRN",1,3,3,3,1,1,3,3,3,20,20,1,0,0,0,0,1
"509",524,"UNI50","Full-time","No","Year 2","3","Psychology ","Yes","Female ","Non-UKRN",1,4,3,3,1,1,2,3,2,19,19,1,0,0,0,0,1
"510",525,"UNI50","Full-time","No","Final Year","3","BSc Psychology","Yes","Female","Non-UKRN",1,3,3,4,4,1,3,3,3,24,24,1,1,0,0,1,1
"511",526,"UNI50","Full-time","No","Year 2","3","Psychology ","Yes","Female","Non-UKRN",1,3,3,1,2,2,1,3,3,18,18,1,1,1,0,0,1
"512",527,"UNI50","Full-time","No","Year 2","3","Psychology","Yes","Female","Non-UKRN",1,3,3,3,1,0,3,3,3,19,19,1,1,0,1,0,1
"513",NA,NA,NA,NA,NA,NA,NA,NA,NA,NA,NA,NA,NA,NA,NA,NA,NA,NA,NA,NA,NA,NA,NA,NA,NA,NA,NA
"514",529,"UNI50","Full-time","No","Final Year","3","Psychology with Forensic Psychology ","Yes","Female","Non-UKRN",1,3,3,4,3,1,2,3,1,20,20,1,1,0,1,1,1
"515",NA,NA,NA,NA,NA,NA,NA,NA,NA,NA,NA,NA,NA,NA,NA,NA,NA,NA,NA,NA,NA,NA,NA,NA,NA,NA,NA
"516",NA,NA,NA,NA,NA,NA,NA,NA,NA,NA,NA,NA,NA,NA,NA,NA,NA,NA,NA,NA,NA,NA,NA,NA,NA,NA,NA
"517",NA,NA,NA,NA,NA,NA,NA,NA,NA,NA,NA,NA,NA,NA,NA,NA,NA,NA,NA,NA,NA,NA,NA,NA,NA,NA,NA
"518",533,"UNI50","Full-time","No","Year 2","3","Psychology ","Yes","Female ","Non-UKRN",1,3,2,3,3,0,1,3,2,17,17,1,1,0,0,0,1
"519",534,"UNI50","Full-time","No","Final Year","3","BSc Hons Psychology","Yes","Female","Non-UKRN",1,4,1,4,2,1,2,3,3,20,20,1,1,1,1,0,1
"520",NA,NA,NA,NA,NA,NA,NA,NA,NA,NA,NA,NA,NA,NA,NA,NA,NA,NA,NA,NA,NA,NA,NA,NA,NA,NA,NA
"521",536,"UNI50","Full-time","No","Year 2","3","Psychology ","Yes","Female","Non-UKRN",1,3,3,2,1,0,1,3,2,15,15,1,1,0,0,0,1
"522",NA,NA,NA,NA,NA,NA,NA,NA,NA,NA,NA,NA,NA,NA,NA,NA,NA,NA,NA,NA,NA,NA,NA,NA,NA,NA,NA
"523",NA,NA,NA,NA,NA,NA,NA,NA,NA,NA,NA,NA,NA,NA,NA,NA,NA,NA,NA,NA,NA,NA,NA,NA,NA,NA,NA
"524",NA,NA,NA,NA,NA,NA,NA,NA,NA,NA,NA,NA,NA,NA,NA,NA,NA,NA,NA,NA,NA,NA,NA,NA,NA,NA,NA
"525",540,"UNI50","Full-time","No","Year 2","3","Psychology ","Yes","Female ","Non-UKRN",1,3,3,4,2,1,3,1,2,19,19,1,1,0,0,0,1
"526",541,"UNI50","Full-time","No","Final Year","3","BSc (Hons) Psychology","Yes","Female ","Non-UKRN",1,3,2,4,3,1,3,3,2,21,21,1,1,1,1,1,1
"527",NA,NA,NA,NA,NA,NA,NA,NA,NA,NA,NA,NA,NA,NA,NA,NA,NA,NA,NA,NA,NA,NA,NA,NA,NA,NA,NA
"528",543,"UNI50","Full-time","No","Year 2","3","Psychology ","Yes","Female","Non-UKRN",1,3,3,0,1,3,2,3,1,16,16,1,0,0,0,0,1
"529",544,"UKRN03","Full-time","No","Year 1","3","Psychology and Linguistics","Yes","Female","UKRN",1,4,3,2,2,1,3,4,3,22,22,1,1,1,1,0,1
"530",545,"UNI50","Full-time","No","Year 2","3","Psychology BSc","Yes","Female","Non-UKRN",1,3,3,2,0,1,2,3,3,17,17,1,0,1,0,0,1
"531",546,"UNI50","Full-time","No","Final Year","3","Psychology ","Yes","Female","Non-UKRN",1,3,3,3,1,1,1,1,1,14,14,1,0,1,1,1,1
"532",547,"UKRN05","Full-time","No","Year 1","3","Psychology (BSc)","Yes","Female","UKRN",1,3,3,4,0,0,3,2,0,15,15,1,1,1,0,0,1
"533",548,"UKRN03","Full-time","No","Year 1","3","BA Hons Psychology and Management ","Yes","Female","UKRN",1,4,4,0,0,1,3,2,4,18,18,1,0,0,1,0,1
"534",549,"UNI50","Full-time","No","Year 2","3","BSc Psychology ","Yes","Female","Non-UKRN",1,4,4,3,3,0,2,4,2,22,22,1,1,1,1,1,1
"535",550,"UNI50","Full-time","Yes","Year 2","3","Psychology","Yes","Female ","Non-UKRN",1,3,2,2,2,2,2,4,2,19,19,1,1,1,0,0,1
"536",551,"UNI50","Full-time","No","Year 2","3","Psychology BSc","Yes","Male","Non-UKRN",1,4,4,4,3,1,3,2,4,25,25,1,1,0,1,0,1
"537",552,"UNI50","Full-time","Yes","Placement Year","4","Psychology with Clinical Psychology with Study Abroad","No","male","Non-UKRN",1,4,3,4,4,1,3,3,3,25,25,1,1,0,1,1,1
"538",554,"UNI21","Full-time","No","Final Year","3","Psychology ","No","Female ","Non-UKRN",1,3,3,1,1,0,1,3,3,15,15,1,1,1,0,0,1
"539",NA,NA,NA,NA,NA,NA,NA,NA,NA,NA,NA,NA,NA,NA,NA,NA,NA,NA,NA,NA,NA,NA,NA,NA,NA,NA,NA
"540",556,"UNI21","Full-time","No","Year 1","3","psychology","No","female","Non-UKRN",1,3,1,4,1,0,0,2,1,12,12,1,1,0,0,0,1
"541",NA,NA,NA,NA,NA,NA,NA,NA,NA,NA,NA,NA,NA,NA,NA,NA,NA,NA,NA,NA,NA,NA,NA,NA,NA,NA,NA
"542",NA,NA,NA,NA,NA,NA,NA,NA,NA,NA,NA,NA,NA,NA,NA,NA,NA,NA,NA,NA,NA,NA,NA,NA,NA,NA,NA
"543",559,"UNI50","Full-time","No","Final Year","3","BSc Psychology ","Yes","Female","Non-UKRN",1,3,3,3,1,4,1,1,3,19,19,1,1,0,0,0,1
"544",560,"UNI24","Full-time","No","Year 2","3","BSc Psychology","No","Female","Non-UKRN",1,3,3,3,3,2,3,3,3,23,23,1,1,0,0,0,1
"545",561,"UNI50","Full-time","No","Year 2","3","Psychology","Yes","Female ","Non-UKRN",1,3,3,3,4,1,3,4,0,21,21,1,1,1,0,0,1
"546",562,"UNI50","Full-time","No","Final Year","3","Psychology","Yes","Female","Non-UKRN",1,3,3,3,1,2,3,3,2,20,20,1,1,1,0,0,1
"547",563,"UNI50","Full-time","No","Year 2","3","Psychology ","Yes","Female","Non-UKRN",1,3,1,3,2,1,3,3,1,17,17,1,1,0,0,0,1
"548",564,"UNI21","Full-time","Other (Please specify)","Year 1","3","Psychology ","Yes","Female ","Non-UKRN",1,3,3,2,3,1,2,3,2,19,19,1,1,0,0,0,1
"549",NA,NA,NA,NA,NA,NA,NA,NA,NA,NA,NA,NA,NA,NA,NA,NA,NA,NA,NA,NA,NA,NA,NA,NA,NA,NA,NA
"550",566,"UNI50","Full-time","No","Final Year","3","psychology ","Yes","Female","Non-UKRN",1,3,2,3,1,1,1,3,2,16,16,1,0,1,0,0,1
"551",NA,NA,NA,NA,NA,NA,NA,NA,NA,NA,NA,NA,NA,NA,NA,NA,NA,NA,NA,NA,NA,NA,NA,NA,NA,NA,NA
"552",NA,NA,NA,NA,NA,NA,NA,NA,NA,NA,NA,NA,NA,NA,NA,NA,NA,NA,NA,NA,NA,NA,NA,NA,NA,NA,NA
"553",NA,NA,NA,NA,NA,NA,NA,NA,NA,NA,NA,NA,NA,NA,NA,NA,NA,NA,NA,NA,NA,NA,NA,NA,NA,NA,NA
"554",570,"UNI21","Full-time","No","Year 2","3","Psychology","No","Female","Non-UKRN",1,3,4,3,2,1,3,1,3,20,20,1,1,1,0,0,1
"555",571,"UKRN03","Full-time","No","Final Year","3","BSc Psychology","Yes","Female","UKRN",1,3,2,3,3,0,1,3,3,18,18,1,1,0,1,1,1
"556",NA,NA,NA,NA,NA,NA,NA,NA,NA,NA,NA,NA,NA,NA,NA,NA,NA,NA,NA,NA,NA,NA,NA,NA,NA,NA,NA
"557",NA,NA,NA,NA,NA,NA,NA,NA,NA,NA,NA,NA,NA,NA,NA,NA,NA,NA,NA,NA,NA,NA,NA,NA,NA,NA,NA
"558",575,"UNI50","Full-time","No","Year 1","3","Bsc psychology","Yes","Female ","Non-UKRN",1,4,4,2,1,0,2,3,4,20,20,1,0,0,0,0,1
"559",578,"UKRN03","Full-time","No","Year 2","4","MPsych Psychology ","Yes","Female ","UKRN",1,3,3,4,4,1,4,3,3,25,25,1,1,1,0,1,1
"560",579,"UNI25","Full-time","Other (Please specify)","Year 1","3","Psychology","No","Female","Non-UKRN",1,3,1,2,1,1,2,2,2,14,14,1,1,0,1,0,1
"561",NA,NA,NA,NA,NA,NA,NA,NA,NA,NA,NA,NA,NA,NA,NA,NA,NA,NA,NA,NA,NA,NA,NA,NA,NA,NA,NA
"562",NA,NA,NA,NA,NA,NA,NA,NA,NA,NA,NA,NA,NA,NA,NA,NA,NA,NA,NA,NA,NA,NA,NA,NA,NA,NA,NA
"563",NA,NA,NA,NA,NA,NA,NA,NA,NA,NA,NA,NA,NA,NA,NA,NA,NA,NA,NA,NA,NA,NA,NA,NA,NA,NA,NA
"564",NA,NA,NA,NA,NA,NA,NA,NA,NA,NA,NA,NA,NA,NA,NA,NA,NA,NA,NA,NA,NA,NA,NA,NA,NA,NA,NA
"565",598,"UNI50","Full-time","Other (Please specify)","Placement Year","4","Psychology BSc","Yes","Female","Non-UKRN",1,4,4,4,1,1,3,3,2,22,22,1,1,1,0,0,1
"566",NA,NA,NA,NA,NA,NA,NA,NA,NA,NA,NA,NA,NA,NA,NA,NA,NA,NA,NA,NA,NA,NA,NA,NA,NA,NA,NA
"567",600,"UNI50","Full-time","No","Final Year","3","Psychology with Forensic Psychology","Yes","Female","Non-UKRN",1,4,4,4,1,0,1,1,4,19,19,1,1,0,1,0,1
"568",NA,NA,NA,NA,NA,NA,NA,NA,NA,NA,NA,NA,NA,NA,NA,NA,NA,NA,NA,NA,NA,NA,NA,NA,NA,NA,NA
"569",NA,NA,NA,NA,NA,NA,NA,NA,NA,NA,NA,NA,NA,NA,NA,NA,NA,NA,NA,NA,NA,NA,NA,NA,NA,NA,NA
"570",603,"UNI50","Full-time","No","Year 1","3","Psychology BSc (Hons)","Yes","female","Non-UKRN",1,4,3,1,1,0,0,3,3,15,15,1,0,0,0,0,1
"571",604,"UNI50","Full-time","No","Year 2","3","Psychology with forensics psychology ","Yes","Female ","Non-UKRN",1,4,4,3,2,1,1,4,4,23,23,1,1,0,0,0,1
"572",605,"UNI50","Full-time","No","Final Year","3","Psychology","Yes","Female","Non-UKRN",1,3,3,4,3,2,1,4,4,24,24,1,1,1,0,0,1
"573",606,"UNI50","Full-time","No","Year 1","3","Psychology ","No","Female","Non-UKRN",1,4,3,1,3,1,1,4,3,20,20,1,0,1,1,0,1
"574",607,"UNI50","Full-time","No","Final Year","3","BSc Psychology (Hons)","No","Nonbinary","Non-UKRN",1,4,4,4,3,0,4,4,3,26,26,1,1,0,0,0,1
"575",NA,NA,NA,NA,NA,NA,NA,NA,NA,NA,NA,NA,NA,NA,NA,NA,NA,NA,NA,NA,NA,NA,NA,NA,NA,NA,NA
"576",610,"UNI50","Full-time","No","Year 2","3","Psychology ","Yes","Male","Non-UKRN",1,4,4,4,2,1,4,3,3,25,25,1,1,1,1,0,1
"577",611,"UNI50","Full-time","No","Year 2","3","Psychology with clinical psychology","Yes","","Non-UKRN",1,3,3,4,1,3,1,3,1,19,19,1,0,0,1,0,1
"578",614,"UNI50","Full-time","No","Final Year","3","BSc Psychology with Forensic Psychology","Yes","Female","Non-UKRN",1,4,4,3,3,1,4,2,4,25,25,1,1,0,1,0,1
"579",NA,NA,NA,NA,NA,NA,NA,NA,NA,NA,NA,NA,NA,NA,NA,NA,NA,NA,NA,NA,NA,NA,NA,NA,NA,NA,NA
"580",NA,NA,NA,NA,NA,NA,NA,NA,NA,NA,NA,NA,NA,NA,NA,NA,NA,NA,NA,NA,NA,NA,NA,NA,NA,NA,NA
"581",NA,NA,NA,NA,NA,NA,NA,NA,NA,NA,NA,NA,NA,NA,NA,NA,NA,NA,NA,NA,NA,NA,NA,NA,NA,NA,NA
"582",NA,NA,NA,NA,NA,NA,NA,NA,NA,NA,NA,NA,NA,NA,NA,NA,NA,NA,NA,NA,NA,NA,NA,NA,NA,NA,NA
"583",624,"UNI50","Full-time","No","Year 2","3","BSc Psychology","Yes","Female","Non-UKRN",1,3,3,3,2,1,3,3,3,21,21,1,1,1,0,0,1
"584",NA,NA,NA,NA,NA,NA,NA,NA,NA,NA,NA,NA,NA,NA,NA,NA,NA,NA,NA,NA,NA,NA,NA,NA,NA,NA,NA
"585",NA,NA,NA,NA,NA,NA,NA,NA,NA,NA,NA,NA,NA,NA,NA,NA,NA,NA,NA,NA,NA,NA,NA,NA,NA,NA,NA
"586",628,"UNI50","Full-time","No","Final Year","3","BSc (Hons) Psychology","Yes","Female","Non-UKRN",1,4,4,4,4,1,3,3,3,26,26,1,1,1,1,1,1
"587",NA,NA,NA,NA,NA,NA,NA,NA,NA,NA,NA,NA,NA,NA,NA,NA,NA,NA,NA,NA,NA,NA,NA,NA,NA,NA,NA
"588",630,"UKRN04","Full-time","No","Final Year","3","Psychology ","Yes","Female ","UKRN",1,4,2,3,2,2,3,2,3,21,21,1,1,1,0,0,1
"589",631,"UKRN04","Full-time","No","Year 2","3","Psychology","Yes","Male","UKRN",1,3,3,2,2,0,0,3,2,15,15,1,1,0,1,1,1
"590",NA,NA,NA,NA,NA,NA,NA,NA,NA,NA,NA,NA,NA,NA,NA,NA,NA,NA,NA,NA,NA,NA,NA,NA,NA,NA,NA
"591",633,"UKRN03","Full-time","No","Year 1","3","Psychology and Linguistics","Yes","Female","UKRN",1,1,3,3,1,0,3,3,3,17,17,1,1,1,0,0,1
"592",634,"UKRN04","Full-time","No","Year 2","3","Psychology","Yes","Female","UKRN",1,0,2,4,4,1,3,4,3,21,21,1,1,1,1,1,1
"593",NA,NA,NA,NA,NA,NA,NA,NA,NA,NA,NA,NA,NA,NA,NA,NA,NA,NA,NA,NA,NA,NA,NA,NA,NA,NA,NA
"594",NA,NA,NA,NA,NA,NA,NA,NA,NA,NA,NA,NA,NA,NA,NA,NA,NA,NA,NA,NA,NA,NA,NA,NA,NA,NA,NA
"595",NA,NA,NA,NA,NA,NA,NA,NA,NA,NA,NA,NA,NA,NA,NA,NA,NA,NA,NA,NA,NA,NA,NA,NA,NA,NA,NA
"596",NA,NA,NA,NA,NA,NA,NA,NA,NA,NA,NA,NA,NA,NA,NA,NA,NA,NA,NA,NA,NA,NA,NA,NA,NA,NA,NA
"597",NA,NA,NA,NA,NA,NA,NA,NA,NA,NA,NA,NA,NA,NA,NA,NA,NA,NA,NA,NA,NA,NA,NA,NA,NA,NA,NA
"598",NA,NA,NA,NA,NA,NA,NA,NA,NA,NA,NA,NA,NA,NA,NA,NA,NA,NA,NA,NA,NA,NA,NA,NA,NA,NA,NA
"599",641,"UKRN07","Full-time","Yes","Final Year","4","BSc Psychology","Yes","Female","UKRN",1,4,3,3,3,1,3,3,3,23,23,1,1,1,0,0,1
"600",NA,NA,NA,NA,NA,NA,NA,NA,NA,NA,NA,NA,NA,NA,NA,NA,NA,NA,NA,NA,NA,NA,NA,NA,NA,NA,NA
"601",NA,NA,NA,NA,NA,NA,NA,NA,NA,NA,NA,NA,NA,NA,NA,NA,NA,NA,NA,NA,NA,NA,NA,NA,NA,NA,NA
"602",NA,NA,NA,NA,NA,NA,NA,NA,NA,NA,NA,NA,NA,NA,NA,NA,NA,NA,NA,NA,NA,NA,NA,NA,NA,NA,NA
"603",NA,NA,NA,NA,NA,NA,NA,NA,NA,NA,NA,NA,NA,NA,NA,NA,NA,NA,NA,NA,NA,NA,NA,NA,NA,NA,NA
"604",647,"UNI21","Full-time","No","Year 1","1","Clinical health psychology ","No","Female ","Non-UKRN",1,4,4,3,1,1,3,2,3,21,21,1,0,0,0,0,1
"605",648,"UKRN02","Full-time","Yes","Year 1","4","BSc (Hons) Psychology","Yes","Female","UKRN",1,3,1,3,3,3,3,4,4,24,24,1,0,0,0,0,1
"606",NA,NA,NA,NA,NA,NA,NA,NA,NA,NA,NA,NA,NA,NA,NA,NA,NA,NA,NA,NA,NA,NA,NA,NA,NA,NA,NA
"607",NA,NA,NA,NA,NA,NA,NA,NA,NA,NA,NA,NA,NA,NA,NA,NA,NA,NA,NA,NA,NA,NA,NA,NA,NA,NA,NA
"608",651,"UKRN07","Full-time","Yes","Placement Year","3","BSc Psychology","Yes","Female","UKRN",1,3,1,3,1,1,3,3,3,18,18,1,1,1,0,0,1
"609",652,"UNI19","Full-time","No","Year 1","3","Psyhcology","Yes","Female","Non-UKRN",1,3,2,3,0,0,3,2,3,16,16,1,0,0,0,0,1
"610",653,"UKRN04","Full-time","No","Year 1","3","Psychology","Yes","Female","UKRN",1,3,1,3,2,2,1,3,2,17,17,1,0,0,0,0,1
"611",NA,NA,NA,NA,NA,NA,NA,NA,NA,NA,NA,NA,NA,NA,NA,NA,NA,NA,NA,NA,NA,NA,NA,NA,NA,NA,NA
"612",655,"UKRN04","Full-time","No","Final Year","4","Bsc psychology with year abroad","Yes","Femal","UKRN",1,4,4,3,1,0,2,4,4,22,22,1,0,1,0,0,1
"613",656,"UKRN04","Full-time","No","Year 1","3","education and psychology","Yes","female","UKRN",1,3,3,3,3,2,3,3,2,22,22,1,1,1,0,0,1
"614",657,"UKRN04","Full-time","No","Final Year","3","Psychology","Yes","Female","UKRN",1,4,4,3,1,0,2,4,4,22,22,1,1,0,1,1,1
"615",658,"UKRN04","Full-time","No","Year 1","3","Psychology BSc","Yes","Female","UKRN",1,4,3,4,3,0,3,3,3,23,23,1,1,0,1,1,1
"616",NA,NA,NA,NA,NA,NA,NA,NA,NA,NA,NA,NA,NA,NA,NA,NA,NA,NA,NA,NA,NA,NA,NA,NA,NA,NA,NA
"617",660,"UKRN04","Full-time","No","Year 1","4","Psychology","Yes","Female","UKRN",1,4,4,4,4,2,3,3,4,28,28,1,1,1,1,1,1
"618",NA,NA,NA,NA,NA,NA,NA,NA,NA,NA,NA,NA,NA,NA,NA,NA,NA,NA,NA,NA,NA,NA,NA,NA,NA,NA,NA
"619",662,"UNI22","Full-time","No","Year 2","3","Psychology ","Yes","Male","Non-UKRN",1,3,1,3,1,1,3,3,3,18,18,1,1,1,1,1,1
"620",663,"UKRN04","Full-time","No","Final Year","3","Criminology & Psychology","Yes","female","UKRN",1,3,2,2,2,1,3,3,2,18,18,1,1,0,0,0,1
"621",NA,NA,NA,NA,NA,NA,NA,NA,NA,NA,NA,NA,NA,NA,NA,NA,NA,NA,NA,NA,NA,NA,NA,NA,NA,NA,NA
"622",NA,NA,NA,NA,NA,NA,NA,NA,NA,NA,NA,NA,NA,NA,NA,NA,NA,NA,NA,NA,NA,NA,NA,NA,NA,NA,NA
"623",666,"UKRN04","Full-time","No","Final Year","3","Psychology","Yes","Female ","UKRN",1,4,4,4,0,0,2,3,4,21,21,1,0,1,1,1,1
"624",NA,NA,NA,NA,NA,NA,NA,NA,NA,NA,NA,NA,NA,NA,NA,NA,NA,NA,NA,NA,NA,NA,NA,NA,NA,NA,NA
"625",668,"UKRN04","Full-time","No","Final Year","3","Psychology, BSc (Hons)","No","Female ","UKRN",1,3,4,3,3,2,3,3,4,25,25,1,1,1,0,0,1
"626",NA,NA,NA,NA,NA,NA,NA,NA,NA,NA,NA,NA,NA,NA,NA,NA,NA,NA,NA,NA,NA,NA,NA,NA,NA,NA,NA
"627",670,"UKRN04","Full-time","No","Year 1","3","BSc (Hons) Psychology","No","Female","UKRN",1,4,4,4,3,1,4,4,3,27,27,1,1,1,1,1,1
"628",NA,NA,NA,NA,NA,NA,NA,NA,NA,NA,NA,NA,NA,NA,NA,NA,NA,NA,NA,NA,NA,NA,NA,NA,NA,NA,NA
"629",672,"UKRN04","Full-time","No","Final Year","3","Psychology ","Yes","Male","UKRN",1,3,3,2,1,0,3,3,3,18,18,1,0,0,0,0,1
"630",673,"UKRN04","Full-time","Yes","Year 1","3","Psychology","Yes","female","UKRN",1,4,4,4,3,0,3,4,4,26,26,1,1,1,1,1,1
"631",674,"UKRN04","Full-time","No","Final Year","3","Criminology with Psychology","Yes","Female","UKRN",1,3,3,3,2,2,2,3,3,21,21,1,0,0,0,0,1
"632",675,"UKRN07","Full-time","No","Final Year","4","Art and Psychology","No","Female","UKRN",1,3,3,4,3,3,4,3,4,27,27,1,0,0,0,0,1
"633",676,"UKRN04","Full-time","No","Year 1","3","Psychology Bsc","Yes","Female ","UKRN",1,4,4,2,1,0,2,4,4,21,21,1,1,1,0,0,1
"634",677,"UKRN07","Full-time","No","Year 1","3","BSc Psychology","Yes","Woman","UKRN",1,4,4,4,3,0,4,4,4,27,27,1,0,1,1,0,1
"635",695,"UKRN04","Full-time","Other (Please specify)","Year 1","3","Psychology","No","female","UKRN",1,4,4,0,3,3,4,3,3,24,24,1,1,1,0,1,1
"636",699,"UNI19","Full-time","No","Year 1","3","BSc Psychology ","Yes","Female","Non-UKRN",1,3,3,1,1,1,3,2,1,15,15,1,1,1,0,0,1
"637",NA,NA,NA,NA,NA,NA,NA,NA,NA,NA,NA,NA,NA,NA,NA,NA,NA,NA,NA,NA,NA,NA,NA,NA,NA,NA,NA
"638",701,"UKRN04","Full-time","No","Final Year","3","BSc Psychology","Yes","Male","UKRN",1,4,4,4,3,1,1,3,3,23,23,1,1,1,1,1,1
"639",702,"UKRN04","Full-time","No","Year 1","3","Psychology","No","Female ","UKRN",1,1,1,2,3,1,1,2,2,13,13,1,1,0,1,1,1
"640",704,"UNI21","Full-time","No","Year 2","3","Psychology ","Yes","Female","Non-UKRN",1,3,3,3,1,1,0,3,3,17,17,1,1,0,0,0,1
"641",NA,NA,NA,NA,NA,NA,NA,NA,NA,NA,NA,NA,NA,NA,NA,NA,NA,NA,NA,NA,NA,NA,NA,NA,NA,NA,NA
"642",707,"UNI20","Full-time","No","Final Year","3","BSc Psychology Hons","Yes","male","Non-UKRN",1,4,3,3,3,3,3,3,3,25,25,1,1,1,1,0,1
"643",NA,NA,NA,NA,NA,NA,NA,NA,NA,NA,NA,NA,NA,NA,NA,NA,NA,NA,NA,NA,NA,NA,NA,NA,NA,NA,NA
"644",NA,NA,NA,NA,NA,NA,NA,NA,NA,NA,NA,NA,NA,NA,NA,NA,NA,NA,NA,NA,NA,NA,NA,NA,NA,NA,NA
"645",710,"UKRN08","Full-time","No","Final Year","3","Psychology with criminology ","No","Male","UKRN",1,4,3,3,4,2,3,4,3,26,26,1,1,1,1,1,1
"646",711,"UKRN08","Full-time","No","Final Year","3","Psychology ","Yes","Female","UKRN",1,3,3,2,3,1,3,4,3,22,22,1,1,1,1,1,1
"647",712,"UKRN08","Full-time","No","Final Year","3","BSc (Hong) Psychology","Yes","Female","UKRN",1,3,3,3,3,0,3,3,2,20,20,1,1,1,1,1,1
"648",714,"UKRN08","Full-time","No","Year 1","3","Psychology ","Yes","Female","UKRN",1,1,1,3,1,1,1,3,2,13,13,1,1,1,0,1,1
"649",715,"UKRN08","Full-time","Yes","Year 2","3","Psychology","Yes","Male","UKRN",1,4,3,2,3,1,0,4,3,20,20,1,1,1,1,1,1
"650",716,"UKRN08","Full-time","Yes","Placement Year","4","BSc Psychology ","Yes","female ","UKRN",1,4,4,4,4,0,4,4,4,28,28,1,1,1,1,1,1
"651",NA,NA,NA,NA,NA,NA,NA,NA,NA,NA,NA,NA,NA,NA,NA,NA,NA,NA,NA,NA,NA,NA,NA,NA,NA,NA,NA
"652",718,"UKRN08","Full-time","Yes","Year 2","3","Psychology ","Yes","F","UKRN",1,4,3,3,2,3,3,3,3,24,24,1,1,1,0,1,1
"653",719,"UKRN08","Full-time","No","Year 1","3","Psychology","Yes","Female","UKRN",1,3,3,3,1,0,2,3,3,18,18,1,1,0,0,0,1
"654",720,"UKRN08","Full-time","No","Year 2","3","Bsc (hons) Psychology with Criminology ","Yes","Female","UKRN",1,3,3,3,1,1,3,1,2,17,17,1,1,1,1,1,1
"655",722,"UKRN08","Full-time","No","Final Year","3","Psychology with Criminology ","Yes","Female ","UKRN",1,3,3,3,3,2,2,2,2,20,20,1,1,0,0,0,1
"656",723,"UKRN08","Full-time","No","Year 2","3","Psychology BSc","Yes","Female","UKRN",1,4,4,4,4,1,1,3,3,24,24,1,1,1,0,1,1
"657",724,"UKRN08","Full-time","No","Final Year","3","BSc Psychology (Hons)","No","Female","UKRN",1,4,4,4,2,3,4,4,4,29,29,1,1,1,1,1,1
"658",NA,NA,NA,NA,NA,NA,NA,NA,NA,NA,NA,NA,NA,NA,NA,NA,NA,NA,NA,NA,NA,NA,NA,NA,NA,NA,NA
"659",726,"UKRN08","Full-time","No","Year 2","3","BSc Hons Psychology ","Yes","Female","UKRN",1,3,1,3,1,1,3,3,2,17,17,1,0,0,1,0,1
"660",727,"UKRN08","Full-time","Yes","Year 2","3","Psychology BSc","Yes","Female","UKRN",1,4,0,4,4,1,2,4,4,23,23,1,1,0,1,1,1
"661",728,"UKRN08","Full-time","No","Year 1","4","Psychology with Criminology (BSc) ","Yes","Female","UKRN",1,3,3,3,1,2,3,3,2,20,20,1,1,1,1,1,1
"662",729,"UKRN08","Full-time","No","Year 1","3","Psychology ","No","Female ","UKRN",1,3,1,3,3,3,3,3,2,21,21,1,1,1,1,1,1
"663",730,"UKRN08","Full-time","No","Final Year","3","BSc psychology ","Yes","Female","UKRN",1,4,4,4,4,0,4,3,4,27,27,1,1,1,1,1,1
"664",731,"UKRN08","Full-time","No","Final Year","3","BSc Hons Psychology","Yes","Female","UKRN",1,3,3,3,3,3,3,3,1,22,22,1,1,1,0,1,1
"665",732,"UKRN08","Full-time","Yes","Placement Year","4","Psychology","Yes","Female","UKRN",1,4,3,4,1,3,3,2,2,22,22,1,1,1,1,0,1
"666",733,"UKRN08","Full-time","Yes","Year 2","3","Psychology ","Yes","Male ","UKRN",1,4,4,3,1,0,0,3,2,17,17,1,1,1,0,0,1
"667",734,"UKRN08","Full-time","No","Final Year","3","Psychology with criminology ","Yes","Fenale","UKRN",1,4,4,4,1,2,2,4,4,25,25,1,1,0,0,1,1
"668",735,"UKRN08","Full-time","No","Year 1","3","Psychology with Criminology ","No","Female ","UKRN",1,4,4,2,4,1,3,2,2,22,22,1,1,1,1,1,1
"669",736,"UKRN08","Full-time","No","Year 1","3","Psychology ","No","Female","UKRN",1,4,3,4,3,0,3,3,3,23,23,1,1,1,0,0,1
"670",NA,NA,NA,NA,NA,NA,NA,NA,NA,NA,NA,NA,NA,NA,NA,NA,NA,NA,NA,NA,NA,NA,NA,NA,NA,NA,NA
"671",740,"UKRN08","Full-time","Yes","Year 1","4","Psychology ","Yes","Male","UKRN",1,4,4,1,1,0,0,1,4,15,15,1,1,1,0,0,1
"672",742,"UNI01","Full-time","No","Year 2","3","psychology","Yes","female","Non-UKRN",1,3,3,3,1,1,2,3,3,19,19,1,1,0,0,0,1
"673",743,"UKRN08","Full-time","No","Final Year","3","Psychology","Yes","Female ","UKRN",1,4,3,4,4,1,3,3,3,25,25,1,1,1,0,1,1
"674",744,"UKRN08","Full-time","No","Final Year","3","Psychology ","Yes","Female ","UKRN",1,2,2,0,4,1,3,3,2,17,17,1,0,0,0,1,1
"675",NA,NA,NA,NA,NA,NA,NA,NA,NA,NA,NA,NA,NA,NA,NA,NA,NA,NA,NA,NA,NA,NA,NA,NA,NA,NA,NA
"676",NA,NA,NA,NA,NA,NA,NA,NA,NA,NA,NA,NA,NA,NA,NA,NA,NA,NA,NA,NA,NA,NA,NA,NA,NA,NA,NA
"677",NA,NA,NA,NA,NA,NA,NA,NA,NA,NA,NA,NA,NA,NA,NA,NA,NA,NA,NA,NA,NA,NA,NA,NA,NA,NA,NA
"678",749,"UNI52","Full-time","No","Year 2","3","BSc Psychology ","Yes","Female ","Non-UKRN",1,4,4,4,1,0,3,1,3,20,20,1,0,1,1,1,1
"679",750,"UNI52","Full-time","No","Year 1","3","Psychology","Yes","Female","Non-UKRN",1,3,3,3,1,1,3,4,3,21,21,1,1,1,1,1,1
"680",NA,NA,NA,NA,NA,NA,NA,NA,NA,NA,NA,NA,NA,NA,NA,NA,NA,NA,NA,NA,NA,NA,NA,NA,NA,NA,NA
"681",752,"UNI52","Full-time","No","Year 1","3","Psychology","Yes","Male","Non-UKRN",1,4,4,4,4,1,4,4,4,29,29,1,0,0,0,0,1
"682",NA,NA,NA,NA,NA,NA,NA,NA,NA,NA,NA,NA,NA,NA,NA,NA,NA,NA,NA,NA,NA,NA,NA,NA,NA,NA,NA
"683",NA,NA,NA,NA,NA,NA,NA,NA,NA,NA,NA,NA,NA,NA,NA,NA,NA,NA,NA,NA,NA,NA,NA,NA,NA,NA,NA
"684",755,"UNI52","Full-time","No","Year 2","3","Psychology ","No","Female ","Non-UKRN",1,4,3,4,3,1,1,1,4,21,21,1,1,0,0,0,1
"685",756,"UNI52","Full-time","No","Year 1","3","Psychology ","No","Female ","Non-UKRN",1,3,1,3,2,2,3,1,3,18,18,1,1,1,0,0,1
"686",NA,NA,NA,NA,NA,NA,NA,NA,NA,NA,NA,NA,NA,NA,NA,NA,NA,NA,NA,NA,NA,NA,NA,NA,NA,NA,NA
"687",NA,NA,NA,NA,NA,NA,NA,NA,NA,NA,NA,NA,NA,NA,NA,NA,NA,NA,NA,NA,NA,NA,NA,NA,NA,NA,NA
"688",759,"UKRN08","Full-time","Yes","Year 2","3","Psychology with Criminology","Yes","Female","UKRN",1,3,3,3,1,0,0,3,2,15,15,1,0,1,0,0,1
"689",NA,NA,NA,NA,NA,NA,NA,NA,NA,NA,NA,NA,NA,NA,NA,NA,NA,NA,NA,NA,NA,NA,NA,NA,NA,NA,NA
"690",761,"UKRN08","Full-time","No","Year 1","3","Psychology ","Yes","Female","UKRN",1,4,3,3,3,0,3,2,3,21,21,1,1,0,0,0,1
"691",762,"UNI52","Full-time","No","Year 2","3","Psychology","No","Female","Non-UKRN",1,1,1,3,1,3,1,3,2,15,15,1,1,1,0,0,1
"692",NA,NA,NA,NA,NA,NA,NA,NA,NA,NA,NA,NA,NA,NA,NA,NA,NA,NA,NA,NA,NA,NA,NA,NA,NA,NA,NA
"693",NA,NA,NA,NA,NA,NA,NA,NA,NA,NA,NA,NA,NA,NA,NA,NA,NA,NA,NA,NA,NA,NA,NA,NA,NA,NA,NA
"694",NA,NA,NA,NA,NA,NA,NA,NA,NA,NA,NA,NA,NA,NA,NA,NA,NA,NA,NA,NA,NA,NA,NA,NA,NA,NA,NA
"695",766,"UNI52","Full-time","No","Final Year","3","Psychology ","No","Female","Non-UKRN",1,4,3,1,1,1,3,2,3,18,18,1,0,0,1,0,1
"696",767,"UNI52","Full-time","No","Year 1","3","Psychology Hons BSC","No","Female ","Non-UKRN",1,4,4,4,4,4,4,4,4,32,32,1,0,0,0,0,1
"697",768,"UNI52","Full-time","No","Year 1","3","Psychology with English Language","Yes","Female","Non-UKRN",1,3,3,3,1,1,3,3,3,20,20,1,1,0,0,0,1
"698",NA,NA,NA,NA,NA,NA,NA,NA,NA,NA,NA,NA,NA,NA,NA,NA,NA,NA,NA,NA,NA,NA,NA,NA,NA,NA,NA
"699",NA,NA,NA,NA,NA,NA,NA,NA,NA,NA,NA,NA,NA,NA,NA,NA,NA,NA,NA,NA,NA,NA,NA,NA,NA,NA,NA
"700",771,"UKRN08","Full-time","Yes","Placement Year","4","BSc Psychology","Yes","male","UKRN",1,4,4,3,2,0,1,2,3,19,19,1,1,1,0,0,1
"701",772,"UNI52","Full-time","Other (Please specify)","Year 1","3","Bachelor Of Arts With Honours (Combined) - Accounting & Finance And Psychology","No","Female","Non-UKRN",1,3,2,4,3,1,1,2,2,18,18,1,1,0,0,0,1
"702",773,"UNI52","Full-time","No","Year 2","3","Psychology","Yes","Female","Non-UKRN",1,1,1,3,1,1,2,3,3,15,15,1,0,0,1,0,1
"703",NA,NA,NA,NA,NA,NA,NA,NA,NA,NA,NA,NA,NA,NA,NA,NA,NA,NA,NA,NA,NA,NA,NA,NA,NA,NA,NA
"704",775,"UNI52","Full-time","No","Year 2","3","Psychology and Criminology","Yes","Non-Binary","Non-UKRN",1,4,4,4,1,2,3,2,3,23,23,1,0,0,0,0,1
"705",776,"UNI52","Full-time","No","Final Year","3","Biology and Psychology","Yes","Female","Non-UKRN",1,3,2,3,1,1,2,2,3,17,17,1,0,0,0,0,1
"706",777,"UKRN08","Full-time","No","Year 2","3","Psychology (BSc)","Yes","Female","UKRN",1,4,4,4,4,2,3,4,4,29,29,1,1,1,0,0,1
"707",778,"UKRN08","Full-time","Yes","Year 2","3","Psychology","No","Female","UKRN",1,4,3,4,4,1,3,4,3,26,26,1,1,0,1,1,1
"708",779,"UNI52","Full-time","No","Final Year","3","Psychology ","No","Male","Non-UKRN",1,4,3,1,0,1,1,2,3,15,15,1,1,0,0,0,1
"709",780,"UKRN08","Full-time","No","Year 1","3","BSC (Hons) Psychology","Yes","Female ","UKRN",1,4,3,3,3,1,2,3,3,22,22,1,1,1,0,1,1
"710",NA,NA,NA,NA,NA,NA,NA,NA,NA,NA,NA,NA,NA,NA,NA,NA,NA,NA,NA,NA,NA,NA,NA,NA,NA,NA,NA
"711",782,"UNI52","Full-time","No","Year 2","3","Bachelor Of Arts With Honours (Combined) - Criminology And Psychology","Yes","female","Non-UKRN",1,1,1,3,0,0,0,3,3,11,11,1,0,0,0,0,1
"712",784,"UKRN08","Full-time","No","Year 2","3","Psychology with Sociology ","No","Female ","UKRN",1,3,4,3,4,2,2,3,2,23,23,1,1,1,0,1,1
"713",NA,NA,NA,NA,NA,NA,NA,NA,NA,NA,NA,NA,NA,NA,NA,NA,NA,NA,NA,NA,NA,NA,NA,NA,NA,NA,NA
"714",786,"UNI52","Full-time","No","Year 1","3","Psychology ","Yes","Female ","Non-UKRN",1,3,3,3,1,1,3,2,3,19,19,1,1,1,0,0,1
"715",787,"UNI52","Full-time","No","Year 1","3","Sports Psychology","Yes","Male","Non-UKRN",1,3,3,3,1,1,3,3,3,20,20,1,1,0,0,0,1
"716",NA,NA,NA,NA,NA,NA,NA,NA,NA,NA,NA,NA,NA,NA,NA,NA,NA,NA,NA,NA,NA,NA,NA,NA,NA,NA,NA
"717",789,"UNI52","Full-time","No","Year 1","3","Bachelor Of Arts With Honours (Combined) - Psychology And Special Educational Needs","No","Female","Non-UKRN",1,4,4,1,0,0,0,3,3,15,15,1,1,1,1,1,1
"718",790,"UNI01","Full-time","No","Year 2","3","psychology","Yes","female ","Non-UKRN",1,3,3,3,2,1,1,1,3,17,17,1,1,0,0,0,1
"719",791,"UKRN08","Full-time","No","Year 2","3","Psychology with Criminology ","Yes","Female","UKRN",1,4,3,2,3,0,0,3,3,18,18,1,1,0,0,0,1
"720",NA,NA,NA,NA,NA,NA,NA,NA,NA,NA,NA,NA,NA,NA,NA,NA,NA,NA,NA,NA,NA,NA,NA,NA,NA,NA,NA
"721",NA,NA,NA,NA,NA,NA,NA,NA,NA,NA,NA,NA,NA,NA,NA,NA,NA,NA,NA,NA,NA,NA,NA,NA,NA,NA,NA
"722",795,"UNI52","Full-time","No","Year 1","3","BSc Psychology ","No","Female","Non-UKRN",1,2,1,4,0,0,2,3,2,14,14,1,0,0,0,0,1
"723",NA,NA,NA,NA,NA,NA,NA,NA,NA,NA,NA,NA,NA,NA,NA,NA,NA,NA,NA,NA,NA,NA,NA,NA,NA,NA,NA
"724",797,"UNI01","Full-time","No","Final Year","3","Psychology Bsc Single Hons","No","Female","Non-UKRN",1,3,3,3,1,1,1,1,4,17,17,1,1,1,1,1,1
"725",798,"UNI52","Full-time","No","Final Year","3","Psychology","No","Female","Non-UKRN",1,4,3,1,1,1,1,3,3,17,17,1,0,0,1,1,1
"726",799,"UKRN08","Full-time","Yes","Year 2","3","Psychology BSc (Hons)","Yes","Female","UKRN",1,4,4,0,1,0,1,1,4,15,15,1,1,0,1,1,1
"727",800,"UKRN08","Full-time","Yes","Year 2","4","Psychology with Criminology","No","Female","UKRN",1,3,2,3,1,2,3,3,2,19,19,1,1,0,0,0,1
"728",801,"UNI52","Full-time","No","Year 2","3","BSc Psychology","No","Female","Non-UKRN",1,4,3,3,1,0,3,3,3,20,20,1,1,0,0,0,1
"729",802,"UNI68","Full-time","Yes","Placement Year","4","Psychology with a professional placement year ","Yes","Female ","Non-UKRN",1,3,2,3,1,4,3,4,2,22,22,1,1,0,0,0,1
"730",803,"UNI68","Full-time","No","Year 1","3","Psychology with Business Management","Yes","Female","Non-UKRN",1,3,3,1,1,0,3,1,1,13,13,1,1,1,0,0,1
"731",804,"UNI68","Full-time","No","Year 2","3","Psychology","Yes","Female","Non-UKRN",1,4,3,3,0,1,1,3,3,18,18,1,1,0,0,0,1
"732",805,"UNI68","Full-time","No","Year 2","3","Psychology with Clinical Approaches ","Yes","Female","Non-UKRN",1,4,3,3,1,1,1,3,3,19,19,1,1,1,1,1,1
"733",806,"UNI68","Full-time","Yes","Year 2","4","Psychology BSc","Yes","Female","Non-UKRN",1,4,3,3,4,4,4,4,3,29,29,1,0,1,1,0,1
"734",807,"UNI68","Full-time","Yes","Final Year","4","Psychology with a Professional Placement","Yes","female","Non-UKRN",1,3,3,3,3,3,3,3,4,25,25,1,1,1,1,1,1
"735",NA,NA,NA,NA,NA,NA,NA,NA,NA,NA,NA,NA,NA,NA,NA,NA,NA,NA,NA,NA,NA,NA,NA,NA,NA,NA,NA
"736",809,"UNI68","Full-time","Yes","Year 1","3","Psychology with Neuroscience","Yes","Female","Non-UKRN",1,4,3,4,3,0,0,4,3,21,21,1,1,1,0,0,1
"737",NA,NA,NA,NA,NA,NA,NA,NA,NA,NA,NA,NA,NA,NA,NA,NA,NA,NA,NA,NA,NA,NA,NA,NA,NA,NA,NA
"738",NA,NA,NA,NA,NA,NA,NA,NA,NA,NA,NA,NA,NA,NA,NA,NA,NA,NA,NA,NA,NA,NA,NA,NA,NA,NA,NA
"739",NA,NA,NA,NA,NA,NA,NA,NA,NA,NA,NA,NA,NA,NA,NA,NA,NA,NA,NA,NA,NA,NA,NA,NA,NA,NA,NA
"740",NA,NA,NA,NA,NA,NA,NA,NA,NA,NA,NA,NA,NA,NA,NA,NA,NA,NA,NA,NA,NA,NA,NA,NA,NA,NA,NA
"741",NA,NA,NA,NA,NA,NA,NA,NA,NA,NA,NA,NA,NA,NA,NA,NA,NA,NA,NA,NA,NA,NA,NA,NA,NA,NA,NA
"742",NA,NA,NA,NA,NA,NA,NA,NA,NA,NA,NA,NA,NA,NA,NA,NA,NA,NA,NA,NA,NA,NA,NA,NA,NA,NA,NA
"743",NA,NA,NA,NA,NA,NA,NA,NA,NA,NA,NA,NA,NA,NA,NA,NA,NA,NA,NA,NA,NA,NA,NA,NA,NA,NA,NA
"744",NA,NA,NA,NA,NA,NA,NA,NA,NA,NA,NA,NA,NA,NA,NA,NA,NA,NA,NA,NA,NA,NA,NA,NA,NA,NA,NA
"745",818,"UKRN08","Full-time","Yes","Placement Year","4","Psychology","No","Female ","UKRN",1,4,4,4,4,1,2,4,0,23,23,1,1,1,1,1,1
"746",NA,NA,NA,NA,NA,NA,NA,NA,NA,NA,NA,NA,NA,NA,NA,NA,NA,NA,NA,NA,NA,NA,NA,NA,NA,NA,NA
"747",820,"UNI68","Full-time","No","Final Year","4","Psychology and criminology ","Yes","Female","Non-UKRN",1,3,3,3,0,1,1,2,3,16,16,1,1,0,0,0,1
"748",821,"UNI68","Full-time","No","Year 1","3","Psychology BSc ","No","Male (ftm)","Non-UKRN",1,3,4,4,3,3,3,3,3,26,26,1,1,1,0,0,1
"749",NA,NA,NA,NA,NA,NA,NA,NA,NA,NA,NA,NA,NA,NA,NA,NA,NA,NA,NA,NA,NA,NA,NA,NA,NA,NA,NA
"750",NA,NA,NA,NA,NA,NA,NA,NA,NA,NA,NA,NA,NA,NA,NA,NA,NA,NA,NA,NA,NA,NA,NA,NA,NA,NA,NA
"751",NA,NA,NA,NA,NA,NA,NA,NA,NA,NA,NA,NA,NA,NA,NA,NA,NA,NA,NA,NA,NA,NA,NA,NA,NA,NA,NA
"752",825,"UNI68","Full-time","No","Year 2","3","Bsc Psychology","Yes","Female","Non-UKRN",1,3,3,3,3,1,3,3,3,22,22,1,1,0,0,0,1
"753",826,"UKRN08","Full-time","Yes","Year 2","3","Psychology","No","Female ","UKRN",1,3,1,4,3,1,3,3,3,21,21,1,1,1,0,0,1
"754",827,"UKRN08","Full-time","Yes","Placement Year","3","Psychology ","Yes","Female ","UKRN",1,3,3,3,3,3,3,3,3,24,24,1,1,1,1,1,1
"755",828,"UNI68","Full-time","Yes","Final Year","4","Psychology (with a professional placement year) ","Yes","Female ","Non-UKRN",1,3,3,3,1,0,1,3,2,16,16,1,1,1,0,0,1
"756",829,"UNI68","Full-time","No","Year 2","3","Psychology","Yes","Female","Non-UKRN",1,3,3,4,1,1,1,3,3,19,19,1,0,1,0,0,1
"757",NA,NA,NA,NA,NA,NA,NA,NA,NA,NA,NA,NA,NA,NA,NA,NA,NA,NA,NA,NA,NA,NA,NA,NA,NA,NA,NA
"758",831,"UNI68","Full-time","No","Year 1","3","Psychology BSc","Yes","Female","Non-UKRN",1,3,3,4,1,2,4,2,3,22,22,1,1,1,0,0,1
"759",832,"UNI68","Full-time","No","Final Year","4","Psychology","Yes","Female","Non-UKRN",1,3,2,4,2,1,2,3,4,21,21,1,0,0,0,0,1
"760",833,"UNI68","Full-time","No","Year 2","3","BSc Psychology","No","Female","Non-UKRN",1,3,3,3,1,1,3,2,3,19,19,1,1,0,0,0,1
"761",NA,NA,NA,NA,NA,NA,NA,NA,NA,NA,NA,NA,NA,NA,NA,NA,NA,NA,NA,NA,NA,NA,NA,NA,NA,NA,NA
"762",835,"UNI68","Full-time","No","Year 2","3","Psychology","Yes","Female ","Non-UKRN",1,3,3,1,1,1,3,3,2,17,17,1,1,1,0,0,1
"763",NA,NA,NA,NA,NA,NA,NA,NA,NA,NA,NA,NA,NA,NA,NA,NA,NA,NA,NA,NA,NA,NA,NA,NA,NA,NA,NA
"764",NA,NA,NA,NA,NA,NA,NA,NA,NA,NA,NA,NA,NA,NA,NA,NA,NA,NA,NA,NA,NA,NA,NA,NA,NA,NA,NA
"765",838,"UNI68","Full-time","Yes","Placement Year","4","Bsc Pcyhology with a placement year","Yes","female","Non-UKRN",1,3,3,4,2,1,3,2,3,21,21,1,0,1,1,0,1
"766",NA,NA,NA,NA,NA,NA,NA,NA,NA,NA,NA,NA,NA,NA,NA,NA,NA,NA,NA,NA,NA,NA,NA,NA,NA,NA,NA
"767",NA,NA,NA,NA,NA,NA,NA,NA,NA,NA,NA,NA,NA,NA,NA,NA,NA,NA,NA,NA,NA,NA,NA,NA,NA,NA,NA
"768",841,"UNI68","Full-time","No","Year 1","3","Psychology with criminology ","Yes","Female","Non-UKRN",1,3,2,3,2,1,3,3,3,20,20,1,1,1,0,0,1
"769",NA,NA,NA,NA,NA,NA,NA,NA,NA,NA,NA,NA,NA,NA,NA,NA,NA,NA,NA,NA,NA,NA,NA,NA,NA,NA,NA
"770",843,"UNI52","Full-time","Other (Please specify)","Year 1","3","BSc Psychology ","Yes","Female ","Non-UKRN",1,4,3,3,1,0,2,4,3,20,20,1,1,0,0,1,1
"771",844,"UNI68","Full-time","No","Year 1","3","BSc Psychology with Criminology","Yes","Female","Non-UKRN",1,4,3,3,1,0,0,3,2,16,16,1,1,1,0,1,1
"772",845,"UNI68","Full-time","No","Year 1","3","psychology bsc","Yes","female","Non-UKRN",1,4,2,3,3,1,3,3,2,21,21,1,1,0,0,0,1
"773",846,"UNI68","Full-time","Other (Please specify)","Final Year","4","Psychology Bsc","Yes","male","Non-UKRN",1,4,4,3,1,3,4,4,2,25,25,1,1,1,0,0,1
"774",847,"UNI68","Full-time","Yes","Year 1","4","Psychology","No","Female ","Non-UKRN",1,3,3,3,4,3,4,4,2,26,26,1,1,1,1,0,1
"775",NA,NA,NA,NA,NA,NA,NA,NA,NA,NA,NA,NA,NA,NA,NA,NA,NA,NA,NA,NA,NA,NA,NA,NA,NA,NA,NA
"776",849,"UNI68","Full-time","No","Year 1","3","psychology","No","male","Non-UKRN",1,2,2,2,1,2,2,2,2,15,15,1,1,0,0,0,1
"777",850,"UNI68","Full-time","Other (Please specify)","Placement Year","4","Psychology with business and management (with a year abroad in year 3)","Yes","Female","Non-UKRN",1,3,3,4,3,0,2,4,4,23,23,1,0,0,0,0,1
"778",851,"UNI68","Full-time","Yes","Year 1","4","Psychology ","No","Female ","Non-UKRN",1,4,3,4,4,1,2,3,4,25,25,1,1,1,1,0,1
"779",852,"UNI68","Full-time","No","Year 1","3","BSc Psychology with Neuroscience","No","female","Non-UKRN",1,4,4,4,2,3,4,4,3,28,28,1,1,0,1,1,1
"780",853,"UNI68","Full-time","No","Year 2","3","Bsc Psychology ","Yes","Male","Non-UKRN",1,4,2,4,3,1,3,3,3,23,23,1,1,0,0,0,1
"781",854,"UNI68","Full-time","Yes","Placement Year","3","Psychology","Yes","Female","Non-UKRN",1,4,4,4,3,3,3,3,1,25,25,1,1,0,1,1,1
"782",855,"UNI68","Full-time","No","Year 1","4","Psychology with clinical approaches ","Yes","Female","Non-UKRN",1,4,3,3,3,0,1,3,3,20,20,1,1,1,0,0,1
"783",856,"UNI68","Full-time","No","Year 1","3","Psychology","No","female","Non-UKRN",1,4,3,4,1,1,3,4,3,23,23,1,1,1,0,0,1
"784",NA,NA,NA,NA,NA,NA,NA,NA,NA,NA,NA,NA,NA,NA,NA,NA,NA,NA,NA,NA,NA,NA,NA,NA,NA,NA,NA
"785",859,"UNI68","Full-time","No","Final Year","3","Psychology","Yes","Female","Non-UKRN",1,3,3,4,1,3,3,2,3,22,22,1,1,0,0,0,1
"786",860,"UNI52","Full-time","No","Year 1","3","Music and Psychology BA (hons)","No","female","Non-UKRN",1,4,2,4,2,3,4,4,4,27,27,1,1,0,1,1,1
"787",861,"UNI69","Full-time","No","Final Year","4","Psychology ","No","Female ","Non-UKRN",1,4,4,4,4,1,1,1,4,23,23,1,NA,0,0,1,1
"788",862,"UKRN08","Full-time","Yes","Year 2","3","Psychology ","Yes","Female","UKRN",1,4,4,4,1,0,1,3,2,19,19,1,1,1,1,1,1
"789",NA,NA,NA,NA,NA,NA,NA,NA,NA,NA,NA,NA,NA,NA,NA,NA,NA,NA,NA,NA,NA,NA,NA,NA,NA,NA,NA
"790",872,"UNI68","Full-time","No","Year 1","3","Psychology with Neuroscience","Yes","Male","Non-UKRN",1,4,4,4,4,0,0,4,4,24,24,1,1,1,1,0,1
"791",873,"UNI68","Full-time","No","Year 1","3","Psychology ","Yes","Female","Non-UKRN",1,3,3,4,3,1,2,3,3,22,22,1,1,0,1,0,1
"792",NA,NA,NA,NA,NA,NA,NA,NA,NA,NA,NA,NA,NA,NA,NA,NA,NA,NA,NA,NA,NA,NA,NA,NA,NA,NA,NA
"793",876,"UNI68","Full-time","No","Year 1","3","Psychology","Yes","Female","Non-UKRN",1,3,1,1,0,0,2,4,3,14,14,1,1,1,0,0,1
"794",877,"UNI68","Full-time","No","Year 2","3","Psychology","No","Female","Non-UKRN",1,2,1,3,1,3,3,3,2,18,18,1,0,0,0,0,1
"795",879,"UKRN08","Full-time","No","Year 1","4","Psychology","No","female","UKRN",1,4,4,4,3,3,3,3,4,28,28,1,1,1,1,1,1
"796",880,"UNI68","Full-time","Yes","Year 1","4","Psychology With A Professional Placement Year","Yes","Female","Non-UKRN",1,3,3,3,4,1,1,4,3,22,22,1,1,1,0,0,1
"797",NA,NA,NA,NA,NA,NA,NA,NA,NA,NA,NA,NA,NA,NA,NA,NA,NA,NA,NA,NA,NA,NA,NA,NA,NA,NA,NA
"798",882,"UNI52","Full-time","No","Year 1","3","Film and Visual Culture and Psychology","Yes","Female","Non-UKRN",1,4,3,4,4,1,3,3,4,26,26,1,1,1,1,1,1
"799",NA,NA,NA,NA,NA,NA,NA,NA,NA,NA,NA,NA,NA,NA,NA,NA,NA,NA,NA,NA,NA,NA,NA,NA,NA,NA,NA
"800",NA,NA,NA,NA,NA,NA,NA,NA,NA,NA,NA,NA,NA,NA,NA,NA,NA,NA,NA,NA,NA,NA,NA,NA,NA,NA,NA
"801",885,"UNI69","Full-time","No","Year 1","3","BSc Psychology","No","","Non-UKRN",1,3,3,3,1,1,3,3,2,19,19,1,0,0,1,0,1
"802",886,"UNI69","Full-time","No","Final Year","3","Psychology Honours","Yes","F","Non-UKRN",1,3,3,3,1,3,2,1,3,19,19,1,1,0,1,1,1
"803",887,"UKRN08","Full-time","Other (Please specify)","Year 1","3","BsC Psychology","Yes","Female","UKRN",1,3,1,3,1,0,1,4,3,16,16,1,1,1,1,1,1
