ID,crisis_explain
1,0
2,1
3,0
4,0
5,1
6,1
7,9999
8,0
9,1
10,0
11,0
12,9999
13,9999
14,0
15,1
16,1
17,1
18,0
19,1
20,1
21,9999
22,9999
23,1
24,1
25,1
26,1
27,0
28,1
29,1
30,0
31,0
32,0
33,0
34,1
35,0
36,0
37,0
38,0
39,9999
40,1
41,1
42,9999
43,0
44,1
45,9999
46,1
47,9999
48,1
49,1
50,9999
51,1
52,9999
53,9999
54,0
55,1
56,1
57,0
58,1
59,9999
60,0
61,1
62,9999
63,9999
64,1
65,0
66,9999
67,9999
68,1
69,9999
70,1
71,9999
72,1
73,9999
74,1
75,0
76,0
77,9999
78,9999
79,1
80,0
81,9999
82,9999
83,9999
84,0
85,1
86,9999
87,0
88,9999
89,9999
90,0
91,9999
92,9999
93,1
94,1
95,0
96,0
97,1
98,1
99,1
100,0
101,1
102,9999
103,9999
104,0
105,9999
106,9999
107,1
108,1
109,9999
110,1
111,9999
112,1
113,9999
114,9999
115,1
116,9999
117,9999
118,1
119,9999
120,9999
121,1
122,1
123,0
124,1
125,1
126,9999
127,9999
128,9999
129,9999
130,9999
131,9999
132,0
133,1
134,9999
135,9999
136,1
137,9999
138,1
139,9999
140,0
141,9999
142,9999
143,9999
144,0
145,9999
146,0
147,9999
148,0
149,1
150,9999
151,9999
152,1
153,9999
154,1
155,1
156,0
157,0
158,0
159,9999
160,1
161,1
162,9999
163,1
164,1
165,1
166,9999
167,9999
168,1
169,9999
170,9999
171,1
172,1
173,9999
174,1
175,1
176,1
177,1
178,0
179,1
180,9999
181,0
182,1
183,0
184,1
185,1
186,0
187,1
188,0
189,9999
190,9999
191,9999
192,1
193,1
194,9999
195,0
196,1
197,9999
198,9999
199,1
200,9999
201,1
202,9999
203,0
204,9999
205,0
206,9999
207,9999
208,1
209,1
210,9999
211,1
212,9999
213,9999
214,9999
215,9999
216,9999
217,9999
218,1
219,0
220,0
221,1
222,1
223,9999
224,9999
225,9999
226,9999
227,9999
228,9999
229,9999
230,1
231,9999
232,9999
233,1
234,0
235,9999
236,0
237,9999
238,1
239,1
240,9999
241,9999
242,0
243,1
244,1
245,9999
246,9999
247,0
248,9999
249,1
250,0
251,1
252,9999
253,9999
254,9999
255,9999
256,9999
257,9999
258,1
259,1
260,1
261,0
262,0
263,9999
264,9999
265,9999
266,0
267,1
268,1
269,9999
270,9999
271,9999
272,9999
273,9999
274,1
275,9999
276,9999
277,9999
278,1
279,9999
280,9999
281,9999
282,1
283,1
284,1
285,1
286,1
287,0
288,1
289,1
290,9999
291,1
292,9999
293,0
294,1
295,0
296,1
297,9999
298,9999
299,1
300,1
301,1
302,1
303,0
304,9999
305,1
306,9999
307,9999
308,9999
309,9999
310,9999
311,9999
312,9999
313,9999
314,9999
315,0
316,9999
317,1
318,1
319,1
320,1
321,9999
322,9999
323,0
324,0
325,9999
326,9999
327,1
328,1
329,9999
330,9999
331,1
332,0
333,9999
334,9999
335,9999
336,9999
337,9999
338,9999
339,0
340,9999
341,1
342,9999
343,9999
344,1
345,1
346,1
347,1
348,9999
349,0
350,1
351,9999
352,1
353,9999
354,9999
355,1
356,9999
357,9999
358,1
359,1
360,1
361,9999
362,9999
363,0
364,0
365,1
366,9999
367,9999
368,9999
369,1
370,1
371,1
372,0
373,0
374,9999
375,9999
376,9999
377,1
378,1
379,0
380,9999
381,1
382,9999
383,9999
384,0
385,0
386,9999
387,9999
388,9999
389,9999
390,9999
391,9999
392,9999
393,9999
394,9999
395,9999
396,9999
397,9999
398,9999
399,9999
400,9999
401,9999
402,1
403,9999
404,9999
405,1
406,9999
407,9999
408,1
409,1
410,1
411,1
412,0
413,0
414,9999
415,1
416,9999
417,9999
418,0
419,9999
420,9999
421,9999
422,9999
423,1
424,1
425,9999
426,1
427,1
428,0
429,0
430,0
431,1
432,1
433,1
434,1
435,9999
436,1
437,9999
438,9999
439,9999
440,1
441,9999
442,9999
443,1
444,0
445,1
446,9999
447,9999
448,9999
449,9999
450,9999
451,9999
452,1
453,9999
454,0
455,9999
456,9999
457,1
458,1
459,9999
460,9999
461,0
462,9999
463,1
464,0
465,9999
466,9999
467,9999
468,1
469,9999
470,1
471,1
472,9999
473,1
474,9999
475,9999
476,1
477,9999
478,1
479,0
480,1
481,0
482,9999
483,9999
484,1
485,9999
486,9999
487,0
488,9999
489,9999
490,1
491,1
492,0
493,1
494,9999
495,9999
496,0
497,0
498,9999
499,9999
500,0
501,9999
502,9999
503,0
504,1
505,1
506,1
507,1
508,0
509,9999
510,9999
511,0
512,9999
513,1
514,9999
515,9999
516,0
517,0
518,9999
519,1
520,0
521,0
522,1
523,0
524,0
525,0
526,1
527,0
528,9999
529,0
530,9999
531,9999
532,9999
533,0
534,1
535,9999
536,0
537,9999
538,9999
539,9999
540,0
541,1
542,9999
543,0
544,1
545,1
546,1
547,1
548,0
549,1
550,1
551,0
552,0
553,9999
554,1
555,9999
556,0
557,9999
558,9999
559,0
560,0
561,1
562,1
563,0
564,0
565,9999
566,1
567,9999
568,9999
569,9999
570,1
571,0
572,9999
573,9999
574,9999
575,0
576,9999
577,9999
578,1
579,0
580,9999
581,9999
582,9999
583,9999
584,9999
585,9999
586,9999
587,9999
588,9999
589,9999
590,9999
591,9999
592,9999
593,9999
594,9999
595,9999
596,9999
597,9999
598,1
599,9999
600,0
601,9999
602,9999
603,0
604,0
605,1
606,1
607,0
608,9999
609,9999
610,1
611,0
612,0
613,9999
614,0
615,9999
616,9999
617,9999
618,9999
619,9999
620,9999
621,9999
622,9999
623,9999
624,1
625,9999
626,9999
627,9999
628,1
629,9999
630,1
631,0
632,9999
633,1
634,1
635,9999
636,9999
637,9999
638,9999
639,9999
640,9999
641,1
642,0
643,9999
644,9999
645,9999
646,9999
647,0
648,0
649,9999
650,9999
651,1
652,0
653,0
654,9999
655,1
656,1
657,0
658,0
659,9999
660,1
661,9999
662,1
663,0
664,9999
665,9999
666,1
667,9999
668,1
669,9999
670,1
671,9999
672,0
673,1
674,0
675,0
676,1
677,1
678,9999
679,9999
680,9999
681,9999
682,0
683,9999
684,0
685,9999
686,9999
687,9999
688,9999
689,0
690,9999
691,9999
692,9999
693,9999
694,9999
695,1
696,1
697,9999
698,9999
699,1
700,9999
701,1
702,0
703,9999
704,0
705,9999
706,9999
707,1
708,9999
709,9999
710,1
711,1
712,1
713,9999
714,1
715,1
716,1
717,9999
718,1
719,0
720,1
721,9999
722,0
723,1
724,1
725,9999
726,0
727,0
728,1
729,1
730,1
731,1
732,1
733,1
734,0
735,1
736,1
737,9999
738,9999
739,9999
740,1
741,9999
742,0
743,1
744,0
745,9999
746,9999
747,9999
748,9999
749,1
750,1
751,9999
752,0
753,9999
754,9999
755,0
756,1
757,9999
758,9999
759,1
760,9999
761,0
762,1
763,9999
764,9999
765,9999
766,0
767,0
768,0
769,9999
770,9999
771,1
772,0
773,0
774,9999
775,0
776,0
777,1
778,0
779,0
780,1
781,9999
782,0
783,9999
784,1
785,9999
786,1
787,0
788,9999
789,1
790,0
791,0
792,9999
793,9999
794,9999
795,0
796,9999
797,1
798,0
799,0
800,0
801,0
802,0
803,1
804,0
805,1
806,1
807,1
808,9999
809,1
810,9999
811,9999
812,9999
813,9999
814,9999
815,9999
816,9999
817,9999
818,1
819,9999
820,0
821,1
822,9999
823,9999
824,9999
825,0
826,1
827,1
828,1
829,1
830,9999
831,1
832,0
833,0
834,9999
835,1
836,9999
837,9999
838,1
839,9999
840,9999
841,1
842,9999
843,0
844,1
845,0
846,1
847,1
848,9999
849,0
850,0
851,1
852,0
853,0
854,0
855,1
856,1
857,9999
858,9999
859,0
860,0
861,0
862,1
863,9999
864,9999
865,9999
866,9999
867,9999
868,9999
869,9999
870,9999
871,9999
872,1
873,0
874,9999
875,9999
876,1
877,0
878,9999
879,1
880,1
881,9999
882,1
883,9999
884,9999
885,0
886,0
887,1
888,9999
889,9999
