"ID","Uni","Full_Part","PTY","Current_Year","Course_Duration","Course_Name","Gender","UKRN","timepoint","Awareness_Replication","Awareness_Materials","Awareness_Education","Awareness_Access","Awareness_Data","Awareness_Power","Awareness_Preregistration","Awareness_Preprint","Awareness_Score_Total","crisis_aware","crisis_learnt","crisis_explain","os_explain","os_learnt","Awareness_Completed"
1,"UKRN02","Full-time","Other (Please specify)","Year 1",3,"Psychology BSC","Female","UKRN",1,1,0,1,1,0,1,0,1,5,1,1,0,1,1,1
2,"UKRN02","Full-time","Yes","Year 1",4,"Psychology","Female","UKRN",1,0,0,1,1,0,0,1,1,4,1,1,1,0,1,1
4,"UKRN02","Full-time","Yes","Year 1",3,"Psychology with Forensic Investigation ","Female ","UKRN",1,1,0,0,1,1,0,0,1,4,1,1,0,0,0,1
6,"UKRN02","Full-time","No","Year 1",3,"BSc Psychology","female","UKRN",1,1,0,1,1,1,1,1,1,7,1,1,1,1,1,1
7,"UKRN02","Full-time","No","Year 2",3,"Psychology","Female","UKRN",1,1,0,0,1,1,1,1,1,6,0,NA,9999,0,0,1
8,"UKRN02","Full-time","Yes","Year 1",3,"Psycholigy","female","UKRN",1,1,1,1,1,0,0,0,0,4,1,1,0,0,0,1
9,"UKRN02","Full-time","Yes","Year 2",3,"BSc Pyschology ","Female","UKRN",1,0,0,1,0,0,1,1,1,4,1,1,1,0,0,1
10,"UKRN02","Full-time","Yes","Year 2",4,"BSc (Hons) Psychology","Female ","UKRN",1,0,0,1,0,0,1,1,1,4,1,1,0,0,0,1
11,"UKRN02","Full-time","Yes","Year 2",3,"BsC Psychology ","Female ","UKRN",1,1,1,1,1,1,0,1,1,7,1,1,0,0,1,1
14,"UKRN02","Full-time","Yes","Year 2",4,"Psychology","Female ","UKRN",1,0,0,1,0,0,1,1,1,4,1,1,0,0,0,1
15,"UKRN02","Full-time","Yes","Year 1",4,"BPS Psychology ","Female ","UKRN",1,1,1,1,1,0,0,0,1,5,1,1,1,0,0,1
16,"UKRN02","Full-time","Yes","Year 2",3,"Psychology ","Female","UKRN",1,0,0,0,1,0,0,0,0,1,1,1,1,0,0,1
17,"UKRN02","Full-time","Yes","Year 1",4,"BSc Psychology","Female","UKRN",1,1,1,0,0,0,0,0,0,2,1,1,1,0,0,1
18,"UKRN02","Full-time","Yes","Year 1",4,"Psychology","Female","UKRN",1,1,0,0,0,0,1,1,1,4,1,1,0,0,0,1
19,"UKRN02","Full-time","Yes","Year 1",3,"BSc (Hons) Psychology","Female","UKRN",1,1,0,1,1,0,1,1,1,6,1,1,1,1,1,1
20,"UKRN02","Full-time","Yes","Year 1",3,"Psychology ","Male","UKRN",1,1,0,1,0,0,0,1,1,4,1,1,1,0,1,1
23,"UKRN02","Full-time","Other (Please specify)","Year 1",3,"Psychology","Female","UKRN",1,1,1,1,1,0,0,0,1,5,1,1,1,1,1,1
58,"UKRN02","Full-time","Yes","Year 1",4,"Psychology with counselling","Female","UKRN",1,0,1,0,0,0,1,1,0,3,1,0,1,0,1,1
79,"UKRN01","Full-time","Yes","Year 1",4,"BSc Psychology","Female","UKRN",1,1,1,0,0,0,0,1,1,4,1,1,1,0,0,1
80,"UKRN01","Full-time","Yes","Year 1",4,"BSc Psychology ","Female","UKRN",1,0,0,1,1,1,1,0,1,5,1,0,0,0,0,1
81,"UKRN01","Full-time","Yes","Year 1",4,"Psychology ","Female ","UKRN",1,1,1,0,0,1,1,1,1,6,0,NA,9999,1,1,1
82,"UKRN01","Full-time","No","Year 2",3,"Psychology ","female","UKRN",1,1,1,1,1,1,1,1,1,8,0,NA,9999,1,0,1
83,"UKRN01","Full-time","No","Year 1",3,"Psychology","Female","UKRN",1,1,1,0,0,1,0,1,0,4,0,NA,9999,0,0,1
84,"UKRN01","Full-time","Yes","Year 2",3,"Psychology","Female","UKRN",1,1,1,0,1,1,0,1,0,5,1,1,0,0,1,1
85,"UKRN01","Full-time","Yes","Year 2",4,"Psychology ","Female","UKRN",1,1,1,0,0,0,0,1,1,4,1,1,1,0,0,1
86,"UKRN01","Full-time","Yes","Year 1",4,"Psychology","Female","UKRN",1,0,0,1,1,0,1,0,1,4,0,NA,9999,1,1,1
87,"UKRN01","Full-time","Yes","Year 1",4,"BSc psychology","Female","UKRN",1,1,1,1,1,1,1,0,0,6,1,0,0,0,0,1
88,"UKRN01","Full-time","Yes","Year 1",4,"Psychology ","Female ","UKRN",1,0,0,0,0,0,0,0,0,0,0,NA,9999,0,0,1
89,"UKRN01","Full-time","Yes","Year 1",4,"BSc Psychology","Female","UKRN",1,1,1,1,1,1,1,1,1,8,0,NA,9999,0,0,1
90,"UKRN01","Full-time","No","Year 1",3,"Psychology Bsc","Female","UKRN",1,1,0,1,0,0,0,0,1,3,1,1,0,0,1,1
91,"UKRN01","Full-time","Yes","Year 1",4,"Psychology BSc","Female","UKRN",1,1,0,1,1,0,1,0,1,5,0,NA,9999,0,0,1
92,"UKRN01","Full-time","Yes","Year 2",4,"Psychology","Female","UKRN",1,1,1,1,1,1,1,1,1,8,0,NA,9999,1,0,1
93,"UKRN01","Full-time","Yes","Year 1",3,"Psychology Bsc","Female","UKRN",1,0,0,1,0,0,0,1,1,3,1,0,1,0,0,1
95,"UKRN01","Full-time","Yes","Year 1",4,"Psychology with placement year","Female","UKRN",1,1,1,1,1,1,1,1,1,8,1,1,0,0,0,1
96,"UKRN01","Full-time","Yes","Year 1",4,"BSc Psychology","Female","UKRN",1,1,1,1,1,1,1,1,0,7,1,1,0,0,0,1
99,"UKRN01","Full-time","Yes","Year 2",4,"Psychology","Female","UKRN",1,1,1,1,0,0,1,0,1,5,1,0,1,0,0,1
100,"UKRN01","Full-time","No","Year 2",3,"Psychology","Male","UKRN",1,1,1,1,1,0,1,1,1,7,1,1,0,1,1,1
101,"UKRN01","Full-time","No","Year 2",3,"Psychology BSc","Male","UKRN",1,1,0,1,1,0,0,0,1,4,1,1,1,0,0,1
102,"UKRN01","Full-time","Yes","Year 1",3,"Psychology Bsc","Male","UKRN",1,1,1,0,1,1,1,0,0,5,0,NA,9999,0,0,1
103,"UKRN01","Full-time","No","Year 1",3,"Psychology BSc","Female","UKRN",1,1,1,1,0,1,1,0,1,6,0,NA,9999,0,0,1
104,"UKRN01","Full-time","Yes","Year 2",4,"Psychology","Female","UKRN",1,1,1,0,1,1,0,0,1,5,1,1,0,0,0,1
105,"UKRN01","Full-time","Yes","Year 1",4,"BSc Psychology with Placement Year","Female","UKRN",1,1,0,1,0,0,0,0,1,3,0,NA,9999,0,0,1
106,"UKRN01","Full-time","Yes","Year 1",4,"Psychology","female","UKRN",1,1,0,1,1,1,1,0,1,6,0,NA,9999,0,0,1
108,"UKRN01","Full-time","Yes","Year 1",4,"Psychology","Female ","UKRN",1,1,0,1,0,0,0,0,1,3,1,1,1,0,0,1
109,"UKRN01","Full-time","No","Year 2",3,"BSc Psychology ","Female","UKRN",1,0,0,0,1,0,0,0,0,1,0,NA,9999,0,0,1
110,"UKRN01","Full-time","Yes","Year 2",4,"Psychology","Female","UKRN",1,1,1,1,1,1,1,1,1,8,1,1,1,0,0,1
111,"UKRN01","Full-time","Yes","Year 1",4,"BSc Psychology  ","Female ","UKRN",1,1,1,1,1,1,1,0,1,7,0,NA,9999,1,1,1
112,"UKRN01","Full-time","Yes","Year 2",4,"Psychology ","Female","UKRN",1,1,1,1,1,1,1,1,1,8,1,1,1,0,1,1
113,"UKRN01","Full-time","Yes","Year 1",4,"Psychology","female","UKRN",1,1,1,1,0,1,1,0,1,6,0,NA,9999,1,0,1
114,"UKRN01","Full-time","Yes","Year 1",4,"PSYCHOLOGY ","FEMALE","UKRN",1,1,1,1,1,1,1,1,1,8,0,NA,9999,0,0,1
115,"UKRN01","Full-time","No","Year 1",3,"Psychology","Female","UKRN",1,1,1,1,0,0,1,1,1,6,1,0,1,0,0,1
116,"UKRN01","Full-time","Yes","Year 1",4,"Psychology BSc","Female","UKRN",1,1,0,1,0,0,1,0,1,4,0,NA,9999,0,0,1
117,"UKRN01","Full-time","Yes","Year 1",4,"Psychology","Female","UKRN",1,0,0,1,0,0,0,0,1,2,0,NA,9999,0,0,1
118,"UKRN01","Full-time","Yes","Year 1",4,"Psychology","female","UKRN",1,1,1,1,1,1,1,1,1,8,1,0,1,0,0,1
119,"UKRN01","Full-time","Other (Please specify)","Year 1",3,"Psychology","Female","UKRN",1,1,0,1,0,0,1,0,1,4,1,1,9999,0,0,1
120,"UKRN01","Full-time","Yes","Year 1",4,"Bsc Psychology","female","UKRN",1,0,0,0,0,0,0,0,1,1,0,NA,9999,0,0,1
121,"UKRN01","Full-time","No","Year 2",3,"Psychology","Female","UKRN",1,1,1,1,1,0,1,1,1,7,1,0,1,0,0,1
122,"UKRN01","Full-time","Yes","Year 2",4,"Psychology BSc","Female","UKRN",1,1,0,1,1,0,0,1,1,5,1,1,1,1,0,1
123,"UKRN01","Full-time","Yes","Year 2",4,"Psychology BSc","Female","UKRN",1,1,0,1,1,0,1,1,1,6,1,1,0,0,0,1
124,"UKRN01","Full-time","Yes","Year 1",4,"BSc Psychology","Female","UKRN",1,1,0,0,0,0,0,0,1,2,1,0,1,0,0,1
125,"UKRN01","Full-time","Yes","Year 2",4,"BSc Psychology","Female","UKRN",1,1,0,1,1,1,1,1,0,6,1,1,1,0,1,1
126,"UKRN01","Full-time","Yes","Year 1",4,"Psychology BSc","Female","UKRN",1,1,0,1,1,0,0,0,1,4,0,NA,9999,1,0,1
127,"UKRN01","Full-time","Yes","Year 1",3,"BSc psychology","Female ","UKRN",1,1,1,1,0,0,0,0,0,3,0,NA,9999,0,0,1
128,"UKRN01","Full-time","Yes","Year 1",4,"Bsc Psychology","Female","UKRN",1,1,0,0,1,0,0,0,1,3,0,NA,9999,0,0,1
129,"UKRN01","Full-time","No","Year 1",3,"BSc Psychology","Female","UKRN",1,1,1,1,1,1,1,1,1,8,0,NA,9999,1,0,1
130,"UKRN01","Full-time","Yes","Year 1",4,"BSc (Hons) Psychology","Male","UKRN",1,0,0,0,0,0,1,1,1,3,0,NA,9999,0,0,1
131,"UKRN01","Full-time","Yes","Year 1",4,"Psychology Bsc","Male","UKRN",1,1,1,1,1,0,1,0,1,6,0,NA,9999,0,0,1
132,"UKRN01","Full-time","Yes","Year 1",4,"Psychology ","Female","UKRN",1,1,1,0,1,1,1,1,1,7,1,0,0,1,0,1
133,"UKRN01","Full-time","No","Year 2",3,"Psychology","female","UKRN",1,0,0,0,0,0,0,1,1,2,1,1,1,0,0,1
134,"UKRN01","Full-time","No","Year 2",3,"Psychology","female","UKRN",1,0,0,1,1,1,0,0,1,4,0,NA,9999,0,0,1
135,"UKRN01","Full-time","Yes","Year 1",4,"BSc psychology","Female","UKRN",1,1,0,1,0,0,1,0,0,3,0,NA,9999,0,0,1
137,"UKRN01","Full-time","Yes","Year 1",4,"Psychology ","Female","UKRN",1,1,1,1,1,0,0,0,1,5,0,NA,9999,0,0,1
138,"UKRN01","Full-time","Yes","Year 2",4,"Psychology Bsc","Female","UKRN",1,1,0,1,0,0,0,0,1,3,1,1,1,0,0,1
139,"UKRN01","Full-time","Yes","Year 2",3,"Psychology","Female","UKRN",1,0,0,1,0,0,0,0,0,1,0,NA,9999,0,0,1
140,"UKRN01","Full-time","Yes","Year 2",4,"Psychology","Female","UKRN",1,0,0,1,1,0,0,1,1,4,1,1,0,0,0,1
141,"UKRN01","Full-time","Yes","Year 1",4,"Psychology BSc","Female","UKRN",1,0,0,1,1,0,0,1,1,4,0,NA,9999,0,0,1
142,"UKRN01","Full-time","Yes","Year 2",4,"BSc psychology ","female","UKRN",1,0,0,1,0,0,0,1,1,3,0,NA,9999,0,0,1
143,"UKRN01","Full-time","No","Year 1",3,"BSc Psychology ","Female ","UKRN",1,1,1,0,1,1,0,1,1,6,0,NA,9999,0,0,1
144,"UKRN01","Full-time","Yes","Year 1",4,"Psychology Bsc ","Male ","UKRN",1,1,1,1,1,1,1,1,1,8,1,0,0,0,0,1
145,"UKRN01","Full-time","Yes","Year 1",4,"Psychology","Female","UKRN",1,1,1,0,1,1,0,1,0,5,0,NA,9999,0,0,1
146,"UKRN01","Full-time","Yes","Year 1",4,"BSc Psychology","Female","UKRN",1,1,1,1,0,0,1,0,1,5,1,0,0,0,0,1
147,"UKRN01","Full-time","No","Year 2",3,"Psychology ","Female","UKRN",1,1,1,0,0,1,1,0,1,5,0,NA,9999,0,1,1
148,"UKRN01","Full-time","Yes","Year 1",4,"psychology bsc","female","UKRN",1,1,1,1,1,1,1,1,1,8,1,1,0,1,0,1
150,"UKRN01","Full-time","Yes","Year 1",4,"Psychology BSc","female","UKRN",1,0,1,1,1,0,1,0,1,5,0,NA,9999,0,0,1
151,"UKRN01","Full-time","No","Year 2",3,"Psychology","Female","UKRN",1,1,0,1,0,0,0,1,1,4,0,NA,9999,1,0,1
152,"UKRN01","Full-time","Yes","Year 1",4,"Psychology BSc","F","UKRN",1,1,1,1,1,1,1,0,1,7,1,0,1,1,0,1
154,"UKRN01","Full-time","Yes","Year 2",4,"Psychology BSc","Female","UKRN",1,1,0,0,0,0,1,0,0,2,1,1,1,0,1,1
155,"UKRN01","Full-time","Yes","Year 1",3,"Bsc Psychology","Male","UKRN",1,1,1,0,1,1,0,0,0,4,1,1,1,0,0,1
156,"UKRN01","Full-time","Yes","Year 1",4,"Psychology ","Female","UKRN",1,1,1,0,1,1,0,0,0,4,1,0,0,0,0,1
157,"UKRN01","Full-time","Yes","Year 1",4,"BSc Psychology","Female","UKRN",1,0,0,1,1,0,1,1,1,5,1,0,0,0,0,1
158,"UKRN01","Full-time","No","Year 1",3,"Psychology","Female ","UKRN",1,1,1,0,1,1,0,1,1,6,1,1,0,1,0,1
159,"UKRN01","Full-time","Yes","Year 1",4,"BSc Psychology","female","UKRN",1,0,0,1,1,1,1,0,1,5,0,NA,9999,0,0,1
160,"UKRN01","Full-time","Yes","Year 2",4,"Psychology","female","UKRN",1,0,0,1,0,0,0,1,1,3,1,1,1,0,0,1
161,"UKRN01","Full-time","Yes","Year 2",4,"BSc Psychology","female","UKRN",1,0,0,1,1,1,1,1,1,6,1,0,1,0,0,1
162,"UKRN01","Full-time","No","Year 1",3,"BSc Psychology","Female","UKRN",1,0,0,1,0,0,0,0,1,2,0,NA,9999,0,0,1
163,"UKRN01","Full-time","Yes","Year 1",4,"Psychology BSc","Female","UKRN",1,1,1,0,0,1,0,1,0,4,1,0,1,0,0,1
164,"UKRN01","Full-time","Yes","Year 2",4,"Psychology (BSc)","Female","UKRN",1,1,1,1,1,1,1,1,1,8,1,1,1,0,0,1
165,"UKRN01","Full-time","Yes","Year 1",4,"Psychology Bsc","Female","UKRN",1,1,0,0,1,1,0,0,1,4,1,1,1,0,0,1
166,"UKRN01","Full-time","Yes","Year 1",3,"Psychology","Female","UKRN",1,1,1,0,1,1,0,1,0,5,1,1,9999,0,1,1
167,"UKRN01","Full-time","Yes","Year 1",4,"Psychology BSc ","Female","UKRN",1,1,0,0,0,0,0,1,0,2,0,NA,9999,0,0,1
168,"UKRN01","Full-time","Yes","Year 1",3,"Bsc Psychology","Female","UKRN",1,0,0,0,0,0,0,0,1,1,1,0,1,0,0,1
169,"UKRN01","Full-time","Yes","Year 1",4,"Psychology","Female","UKRN",1,0,0,1,0,0,0,0,0,1,1,1,9999,0,0,1
170,"UKRN01","Full-time","Yes","Year 1",4,"BSc psychology","male","UKRN",1,0,0,1,0,0,1,0,1,3,0,NA,9999,0,0,1
171,"UKRN01","Full-time","Yes","Year 1",4,"Psychology ","Female","UKRN",1,1,1,1,0,1,1,1,0,6,1,0,1,0,0,1
172,"UKRN01","Full-time","Yes","Year 2",4,"Psychology","female","UKRN",1,1,0,1,0,0,1,1,1,5,1,1,1,0,0,1
174,"UKRN01","Full-time","Yes","Year 2",4,"Psychology","Male","UKRN",1,1,1,1,0,0,1,0,1,5,1,1,1,0,0,1
175,"UKRN01","Full-time","Yes","Year 1",3,"Psychology BSc","Female","UKRN",1,1,0,1,0,0,1,0,1,4,1,1,1,1,1,1
178,"UKRN01","Full-time","Yes","Year 2",3,"BSc Psychology","Female","UKRN",1,0,1,1,0,1,0,0,1,4,1,1,0,1,1,1
179,"UKRN01","Full-time","Yes","Year 2",3,"Psychology","Female","UKRN",1,0,0,0,0,0,0,0,0,0,1,1,1,1,0,1
180,"UKRN01","Full-time","Yes","Year 1",3,"Psychology","Female","UKRN",1,1,1,1,0,0,1,0,1,5,0,NA,9999,1,0,1
181,"UKRN01","Full-time","No","Year 2",3,"Psychology ","Female","UKRN",1,1,1,0,1,1,0,1,0,5,1,1,0,0,1,1
182,"UKRN01","Full-time","Yes","Year 1",4,"BSc Psychology","Female","UKRN",1,1,0,1,0,0,1,0,1,4,1,0,1,0,0,1
183,"UKRN01","Full-time","Yes","Year 1",4,"BCs psychology ","female","UKRN",1,0,0,0,1,1,0,0,0,2,1,0,0,1,0,1
184,"UKRN01","Full-time","Yes","Year 2",4,"Psychology","Female","UKRN",1,1,0,1,0,0,0,1,1,4,1,1,1,1,1,1
185,"UKRN01","Full-time","Yes","Year 2",3,"Psychology","female","UKRN",1,0,1,1,0,0,1,0,1,4,1,1,1,0,0,1
186,"UKRN01","Full-time","Yes","Year 1",4,"Psychology (BSc)","Male","UKRN",1,0,0,0,1,0,0,0,1,2,1,1,0,0,0,1
187,"UKRN01","Full-time","Yes","Year 1",4,"BSc Psychology","female","UKRN",1,1,1,1,1,0,1,1,1,7,1,0,1,0,0,1
188,"UKRN01","Full-time","No","Year 1",3,"BSc Psychology","Female","UKRN",1,0,0,1,0,0,1,0,0,2,1,0,0,0,0,1
189,"UKRN01","Full-time","Yes","Year 1",4,"Psychology Bsc","female","UKRN",1,0,0,1,0,0,1,1,1,4,0,NA,9999,1,0,1
190,"UKRN01","Full-time","No","Year 1",3,"Psychology","Female","UKRN",1,1,1,1,1,1,1,1,1,8,0,NA,9999,1,0,1
191,"UKRN01","Full-time","No","Year 1",3,"BSc Psychology","Female","UKRN",1,1,1,1,1,1,1,1,1,8,0,NA,9999,0,0,1
192,"UKRN01","Full-time","Yes","Year 2",4,"BSc Psychology","Female","UKRN",1,1,1,1,0,0,1,1,1,6,1,1,1,0,0,1
194,"UKRN01","Full-time","Yes","Year 1",4,"Bsc Psychology","Female","UKRN",1,0,0,1,1,0,0,0,1,3,0,NA,9999,0,0,1
195,"UKRN01","Full-time","Yes","Year 2",4,"Psychology","Female","UKRN",1,0,0,1,0,0,0,1,1,3,1,0,0,0,0,1
197,"UKRN01","Full-time","Yes","Year 1",4,"Psychology Bcs","female","UKRN",1,1,1,1,1,0,1,0,1,6,0,NA,9999,0,0,1
198,"UKRN01","Full-time","Yes","Year 1",4,"BSc psychology","Female","UKRN",1,1,1,0,0,1,1,1,0,5,0,NA,9999,0,0,1
199,"UKRN01","Full-time","Yes","Year 1",4,"Psychology BSc","female","UKRN",1,1,1,0,1,1,0,1,0,5,1,1,1,0,0,1
200,"UKRN01","Full-time","Yes","Year 2",4,"psychology","female","UKRN",1,1,0,1,0,0,0,0,1,3,0,NA,9999,0,0,1
201,"UKRN01","Full-time","Yes","Year 2",4,"Psychology BSc","Male","UKRN",1,0,1,0,1,1,1,0,0,4,1,1,1,1,1,1
202,"UKRN01","Full-time","Yes","Year 1",4,"BSc psychology","female","UKRN",1,1,0,1,0,0,0,0,1,3,0,NA,9999,1,0,1
203,"UKRN01","Full-time","No","Year 1",3,"Psychology Bsc","Female","UKRN",1,1,1,1,0,0,1,0,1,5,1,1,0,0,0,1
204,"UKRN01","Full-time","No","Year 1",3,"Psychology ","female","UKRN",1,1,1,1,1,0,0,0,1,5,0,NA,9999,0,0,1
205,"UKRN01","Full-time","Yes","Year 1",4,"Psychology Bsc","Female ","UKRN",1,1,1,1,0,1,1,1,0,6,1,0,0,1,0,1
206,"UKRN01","Full-time","Yes","Year 1",4,"BSc Psychology with placement","Female","UKRN",1,0,0,0,0,0,0,0,1,1,0,NA,9999,0,0,1
207,"UKRN01","Full-time","Yes","Year 1",4,"BSc Psychology","Female","UKRN",1,1,1,1,1,1,1,1,1,8,0,NA,9999,0,0,1
208,"UKRN01","Full-time","Yes","Year 2",4,"Psychology","Female","UKRN",1,0,0,1,1,0,1,1,0,4,1,1,1,0,0,1
209,"UKRN01","Full-time","Yes","Year 2",4,"BSc Psychology","Male","UKRN",1,1,1,1,1,0,1,1,1,7,1,1,1,0,0,1
210,"UKRN01","Full-time","No","Year 1",3,"Psychology ","Female","UKRN",1,1,1,1,0,0,0,0,1,4,0,NA,9999,0,0,1
211,"UKRN01","Full-time","Yes","Year 2",4,"Psychology BSc","Female","UKRN",1,1,1,0,0,0,0,1,1,4,1,1,1,0,1,1
212,"UKRN01","Full-time","Yes","Year 1",4,"BSc Psychology","female","UKRN",1,1,1,1,1,1,1,1,0,7,0,NA,9999,0,0,1
213,"UKRN01","Full-time","Yes","Year 1",4,"Psychology BSc (Hons)","Female","UKRN",1,0,0,1,0,0,0,0,1,2,0,NA,9999,0,0,1
214,"UKRN01","Full-time","No","Year 2",3,"psychology ","female ","UKRN",1,0,0,0,0,0,0,0,1,1,0,NA,9999,1,1,1
215,"UKRN01","Full-time","Yes","Year 2",4,"Psychology ","Male ","UKRN",1,1,1,1,0,0,1,0,1,5,0,NA,9999,0,0,1
216,"UKRN01","Full-time","No","Year 1",3,"psychology","female","UKRN",1,0,0,1,0,0,0,0,1,2,0,NA,9999,0,0,1
217,"UKRN01","Full-time","Yes","Year 1",4,"Psychology BSc","Female","UKRN",1,1,1,1,0,0,0,0,1,4,0,NA,9999,0,0,1
218,"UKRN01","Full-time","Yes","Year 2",4,"BSc Psychology","Female","UKRN",1,1,1,1,0,1,0,0,1,5,1,1,1,0,1,1
219,"UKRN01","Full-time","Yes","Year 2",4,"Psychology ","Female","UKRN",1,0,0,1,0,0,0,1,1,3,1,1,0,0,0,1
220,"UKRN01","Full-time","Yes","Year 1",4,"BSc Psychology ","Female","UKRN",1,1,1,1,1,1,1,0,0,6,1,0,0,0,0,1
221,"UKRN01","Full-time","Yes","Year 1",4,"Psychology","female","UKRN",1,0,0,0,0,0,0,0,0,0,1,1,1,0,0,1
223,"UKRN01","Full-time","Yes","Year 1",4,"Psychology BSc","Female","UKRN",1,0,0,1,0,0,1,0,1,3,0,NA,9999,0,0,1
224,"UKRN01","Full-time","Yes","Year 1",4,"BSc Psychology","Male","UKRN",1,1,1,1,1,1,1,1,1,8,0,NA,9999,0,1,1
225,"UKRN01","Full-time","No","Year 2",3,"Psychology BSc","Female","UKRN",1,1,1,1,0,0,1,1,1,6,0,NA,9999,0,0,1
226,"UKRN01","Full-time","Yes","Year 2",4,"Psychology","f","UKRN",1,0,0,0,0,1,1,0,0,2,0,NA,9999,0,0,1
227,"UKRN01","Full-time","Yes","Year 2",4,"BSc Psychology","female","UKRN",1,1,0,0,1,0,0,0,0,2,0,NA,9999,1,0,1
228,"UKRN01","Full-time","Yes","Year 2",4,"Psychology","Female","UKRN",1,0,0,1,0,0,0,0,1,2,0,NA,9999,0,0,1
229,"UKRN01","Full-time","Yes","Year 1",4,"Psychology BSc","Female ","UKRN",1,0,1,1,1,1,0,0,0,4,0,NA,9999,0,0,1
231,"UKRN01","Full-time","Yes","Year 1",4,"BSc Psychology ","Female","UKRN",1,0,0,0,1,0,1,0,1,3,0,NA,9999,0,0,1
233,"UKRN01","Full-time","Yes","Year 2",4,"Psychology","female","UKRN",1,1,1,0,1,1,0,0,0,4,1,1,1,0,0,1
234,"UKRN01","Full-time","Yes","Year 1",4,"BSc Psychology","Female","UKRN",1,0,0,1,0,0,1,0,1,3,1,1,0,0,0,1
235,"UKRN01","Full-time","No","Year 2",3,"Psychology","female","UKRN",1,1,1,1,1,0,1,1,1,7,0,NA,9999,1,0,1
237,"UKRN01","Full-time","Yes","Year 1",4,"Bsc Psychology","Female ","UKRN",1,1,0,1,1,0,1,0,1,5,0,NA,9999,0,0,1
238,"UKRN01","Full-time","Yes","Year 2",4,"Psychology ","Female","UKRN",1,1,0,1,1,1,0,1,1,6,1,1,1,1,1,1
239,"UKRN01","Full-time","Yes","Year 2",4,"Psychology","Male","UKRN",1,1,1,1,1,1,1,1,1,8,1,1,1,1,1,1
240,"UKRN01","Full-time","No","Year 1",3,"Psychology","Female","UKRN",1,1,0,1,1,1,0,1,1,6,0,NA,9999,0,0,1
241,"UKRN01","Full-time","Yes","Year 1",4,"psychology ","female ","UKRN",1,1,1,1,1,1,1,1,0,7,0,NA,9999,0,0,1
242,"UKRN01","Full-time","Yes","Year 2",3,"psychology Bsc","female","UKRN",1,0,0,0,1,1,1,1,0,4,1,0,0,0,0,1
243,"UKRN01","Full-time","No","Year 1",3,"Psychology BSc","Female","UKRN",1,1,1,1,1,0,1,0,1,6,1,0,1,0,0,1
245,"UKRN01","Full-time","Yes","Year 1",4,"Psychology BSc","female","UKRN",1,0,0,0,0,0,0,0,0,0,0,NA,9999,0,0,1
246,"UKRN01","Full-time","Yes","Year 1",4,"Psychology","Female","UKRN",1,0,0,0,0,0,0,0,1,1,0,NA,9999,0,0,1
249,"UKRN01","Full-time","Yes","Year 1",4,"BSc Psychology","Male","UKRN",1,0,0,0,0,0,0,0,1,1,1,0,1,0,0,1
250,"UKRN01","Full-time","Yes","Year 1",4,"Psychology","Female","UKRN",1,1,1,1,1,1,1,0,1,7,1,0,0,1,0,1
252,"UKRN01","Full-time","Yes","Year 2",3,"Psychology BSc ","Female","UKRN",1,0,0,0,0,1,1,1,0,3,0,NA,9999,0,0,1
253,"UKRN01","Full-time","No","Year 1",3,"Psychology","Female","UKRN",1,0,0,1,1,1,1,0,1,5,0,NA,9999,0,0,1
255,"UKRN01","Full-time","No","Year 1",3,"Psychology Bsc (Hons)","Female","UKRN",1,0,0,1,1,0,1,1,1,5,0,NA,9999,0,0,1
257,"UKRN01","Full-time","Yes","Year 1",4,"Psychology BSc","Female","UKRN",1,0,0,0,0,0,0,0,1,1,0,NA,9999,0,0,1
258,"UKRN01","Full-time","No","Year 2",2,"Psychology BSc","Female","UKRN",1,1,1,0,1,1,0,0,0,4,1,1,1,0,1,1
261,"UKRN01","Full-time","Yes","Year 1",4,"Psychology","female","UKRN",1,1,1,1,0,1,1,1,1,7,1,0,0,0,0,1
262,"UKRN01","Full-time","No","Year 2",3,"psychology","female","UKRN",1,1,0,1,1,0,1,1,1,6,1,1,0,1,1,1
263,"UKRN01","Full-time","Yes","Year 2",3,"Psychology BSc","Female","UKRN",1,1,1,1,0,0,0,0,1,4,0,NA,9999,1,1,1
264,"UKRN01","Full-time","Yes","Year 2",3,"Psychology BSc","Female","UKRN",1,1,1,1,1,1,1,1,1,8,1,0,9999,1,1,1
265,"UKRN01","Full-time","Yes","Year 2",3,"Psychology BSc","Female","UKRN",1,1,1,1,1,1,1,1,1,8,1,0,9999,1,1,1
267,"UKRN01","Full-time","Yes","Year 1",4,"Psychology","Female","UKRN",1,0,0,0,1,1,1,0,0,3,1,0,1,0,0,1
268,"UKRN01","Full-time","Yes","Year 2",4,"Bsc Psychology","female","UKRN",1,1,0,1,0,1,1,1,1,6,1,1,1,1,1,1
269,"UKRN01","Full-time","Yes","Year 1",4,"Psychology","Female","UKRN",1,1,1,0,1,1,1,1,0,6,0,NA,9999,0,0,1
270,"UKRN01","Full-time","Yes","Year 1",4,"Psychology","Female","UKRN",1,0,0,0,0,0,1,0,1,2,0,NA,9999,1,0,1
271,"UKRN01","Full-time","Yes","Year 1",4,"Psychology ","Female ","UKRN",1,0,0,0,0,0,0,0,1,1,1,0,9999,0,0,1
272,"UKRN01","Full-time","Yes","Year 1",4,"Psychology ","Female","UKRN",1,1,1,1,1,1,1,1,0,7,0,NA,9999,0,0,1
273,"UKRN01","Full-time","Yes","Year 1",4,"Psychology","Male","UKRN",1,0,0,1,1,0,0,0,1,3,0,NA,9999,0,0,1
274,"UKRN01","Full-time","No","Year 2",3,"Undergraduate Psychology","Female","UKRN",1,1,0,0,1,1,1,0,1,5,1,1,1,1,1,1
275,"UKRN01","Full-time","Yes","Year 1",4,"psychology ","female","UKRN",1,0,0,0,0,0,0,0,0,0,0,NA,9999,0,0,1
276,"UKRN01","Full-time","Yes","Year 1",4,"psychology ","female ","UKRN",1,0,0,0,0,0,0,0,1,1,0,NA,9999,0,0,1
277,"UKRN01","Full-time","Yes","Year 1",4,"psychology bsc","female","UKRN",1,0,0,0,0,1,0,1,1,3,0,NA,9999,0,0,1
278,"UKRN01","Full-time","Yes","Year 1",4,"Psychology","Female","UKRN",1,0,0,0,0,0,1,0,1,2,1,0,1,0,0,1
279,"UKRN01","Full-time","Yes","Year 1",4,"psychology bsc","female","UKRN",1,0,0,0,0,1,0,1,1,3,0,NA,9999,0,0,1
280,"UKRN01","Full-time","Yes","Year 1",3,"Psychology BSc","female","UKRN",1,1,0,1,0,0,1,0,1,4,0,NA,9999,0,0,1
281,"UKRN01","Full-time","Yes","Year 1",4,"Psychology Bsc","Female","UKRN",1,1,1,0,1,1,1,1,1,7,0,NA,9999,0,0,1
282,"UKRN06","Full-time","No","Year 2",3,"BSc Psychology ","Female ","UKRN",1,0,0,0,1,1,0,0,0,2,1,1,1,1,1,1
283,"UKRN06","Full-time","No","Year 1",3,"Psychology","Female","UKRN",1,1,1,1,0,0,1,0,1,5,1,1,1,1,1,1
284,"UKRN06","Full-time","No","Year 2",3,"Psychology BSc","Female","UKRN",1,1,1,1,1,0,1,1,1,7,1,1,1,0,0,1
287,"UKRN06","Full-time","No","Year 1",3,"BSc Psychology","Female ","UKRN",1,0,0,0,0,0,0,0,1,1,1,0,0,0,0,1
288,"UKRN06","Full-time","No","Year 2",3,"BSc psychology ","Female ","UKRN",1,1,1,1,1,1,1,1,1,8,1,1,1,1,1,1
290,"UKRN06","Full-time","No","Year 1",3,"Bsc psychology","Female","UKRN",1,1,1,1,1,1,1,0,1,7,0,NA,9999,0,0,1
292,"UKRN06","Full-time","No","Year 1",3,"Psychology (BSc)","female","UKRN",1,0,1,1,1,1,1,1,1,7,0,NA,9999,0,0,1
293,"UKRN06","Full-time","No","Year 2",3,"Psychology","Female","UKRN",1,1,1,1,1,0,1,1,1,7,1,1,0,1,1,1
294,"UKRN06","Full-time","No","Year 2",4,"Psychology with Innovation","Female","UKRN",1,1,1,1,1,0,1,1,1,7,1,1,1,1,1,1
295,"UKRN06","Full-time","No","Year 1",3,"Psychology","female","UKRN",1,1,0,1,1,0,1,0,1,5,1,0,0,0,1,1
298,"UKRN03","Full-time","No","Year 2",3,"BSc Psychology","Female ","UKRN",1,1,0,1,0,0,1,0,1,4,0,NA,9999,0,0,1
299,"UKRN06","Full-time","No","Year 1",3,"Psychology BsC","Male","UKRN",1,1,1,1,1,0,0,0,1,5,1,1,1,0,0,1
301,"UKRN06","Full-time","No","Year 1",3,"Psychology (BSc)","Female","UKRN",1,1,1,0,1,1,0,1,1,6,1,1,1,0,0,1
307,"UKRN01","Full-time","Yes","Year 1",4,"Psychology BSc","Male","UKRN",1,1,1,1,0,0,1,0,1,5,0,NA,9999,0,0,1
308,"UKRN01","Full-time","Yes","Year 1",3,"Psychology","Male","UKRN",1,0,0,0,0,0,0,0,1,1,0,NA,9999,0,0,1
309,"UKRN01","Full-time","No","Year 2",3,"Psychology BSc","Male","UKRN",1,1,1,1,1,1,1,0,1,7,1,0,9999,0,0,1
319,"UKRN08","Full-time","Yes","Year 2",3,"Psychology ","Female ","UKRN",1,1,1,1,1,0,0,0,1,5,1,1,1,1,1,1
322,"UKRN05","Full-time","No","Year 1",3,"Psychology Bsc","Female ","UKRN",1,0,0,0,0,0,0,0,1,1,0,NA,9999,0,0,1
323,"UKRN05","Full-time","Yes","Year 1",3,"Psychology ","Female ","UKRN",1,0,0,1,0,0,0,0,1,2,1,0,0,0,0,1
325,"UKRN05","Full-time","No","Year 1",3,"Psychology","Female","UKRN",1,1,0,0,0,0,0,0,0,1,0,NA,9999,0,0,1
326,"UKRN05","Full-time","Yes","Year 1",4,"Psychology BSc","female","UKRN",1,1,1,1,0,0,1,1,1,6,0,NA,9999,1,0,1
327,"UKRN05","Full-time","No","Year 1",3,"psychology","female","UKRN",1,0,0,1,0,0,1,1,0,3,1,1,1,0,0,1
328,"UKRN05","Full-time","No","Year 1",3,"Psychology Bsc","female","UKRN",1,0,0,1,0,0,0,1,1,3,1,0,1,0,0,1
329,"UKRN05","Full-time","No","Year 1",3,"Psychology Bsc","Female","UKRN",1,0,0,1,0,0,0,0,1,2,0,NA,9999,0,0,1
330,"UKRN03","Full-time","No","Year 1",3,"psychology bcc","female","UKRN",1,0,0,0,0,0,0,0,0,0,NA,NA,9999,NA,NA,1
331,"UKRN08","Full-time","Yes","Year 1",4,"Psychology ","Female ","UKRN",1,1,1,1,1,0,1,0,1,6,1,1,1,1,1,1
332,"UKRN06","Full-time","No","Year 2",3,"Psychology BSc","Female","UKRN",1,0,0,0,1,0,0,0,0,1,1,1,0,1,1,1
333,"UKRN06","Full-time","No","Year 2",3,"Bsc Psychology ","Male","UKRN",1,0,0,0,0,0,0,0,0,0,NA,NA,9999,NA,NA,1
334,"UKRN05","Full-time","No","Year 1",3,"Psychology BSc","Female","UKRN",1,0,0,1,0,0,0,1,1,3,0,NA,9999,0,0,1
335,"UKRN01","Full-time","No","Year 2",3,"Psychology BSc (Hons)","Female","UKRN",1,1,1,1,0,0,0,1,1,5,0,NA,9999,0,0,1
336,"UKRN05","Full-time","No","Year 1",3,"BSc Psychology","Non-Binary","UKRN",1,0,0,0,0,0,0,0,1,1,0,NA,9999,0,0,1
337,"UKRN05","Full-time","No","Year 1",3,"Psychology BSc","woman","UKRN",1,1,1,1,1,1,1,1,1,8,0,NA,9999,0,0,1
338,"UKRN01","Full-time","Yes","Year 1",3,"Psychology","Male","UKRN",1,0,0,1,0,0,0,1,1,3,0,NA,9999,0,0,1
339,"UKRN01","Full-time","Yes","Year 1",3,"Psychology","Male","UKRN",1,0,0,1,0,0,0,1,1,3,1,0,0,0,0,1
340,"UKRN05","Full-time","No","Year 1",3,"Psychology","Female","UKRN",1,0,0,1,0,0,0,0,1,2,0,NA,9999,0,0,1
374,"UKRN05","Full-time","No","Year 1",3,"BSc psychology ","Female ","UKRN",1,0,0,1,0,0,1,0,1,3,0,NA,9999,0,0,1
383,"UKRN05","Full-time","Other (Please specify)","Year 1",3,"BSc psychology ","Female","UKRN",1,0,0,1,0,1,0,1,1,4,0,NA,9999,0,0,1
393,"UKRN01","Full-time","Yes","Year 1",4,"Psychology BSc","Female","UKRN",1,1,1,1,1,0,1,0,1,6,0,NA,9999,0,0,1
400,"UKRN03","Full-time","No","Year 1",3,"Bsc Psychology","Female","UKRN",1,1,0,1,0,1,0,0,0,3,0,NA,9999,0,0,1
402,"UKRN03","Full-time","No","Year 2",3,"Criminology and Psychology","Female ","UKRN",1,0,0,1,0,0,0,0,1,2,1,1,1,0,0,1
404,"UKRN03","Full-time","No","Year 1",3,"Psychology Bsc (Hons)","Female","UKRN",1,1,0,0,1,0,0,1,0,3,0,NA,9999,0,0,1
406,"UKRN03","Full-time","No","Year 1",4,"MPsych Hons ","Female","UKRN",1,1,0,0,0,1,0,1,1,4,0,NA,9999,1,1,1
408,"UKRN03","Full-time","Other (Please specify)","Year 1",4,"Psychology and French Studies","Female ","UKRN",1,0,0,0,0,0,0,0,1,1,1,0,1,0,0,1
411,"UKRN03","Full-time","No","Year 1",3,"Psychology Bsc","Female","UKRN",1,1,1,1,0,1,1,1,1,7,1,1,1,0,0,1
415,"UKRN03","Full-time","No","Year 1",3,"BA (hons) Psychology","Female","UKRN",1,0,0,1,0,0,0,0,1,2,1,1,1,0,0,1
417,"UKRN03","Full-time","Other (Please specify)","Year 1",4,"Psychology and Spanish studies ","Female ","UKRN",1,1,0,1,0,0,1,0,1,4,1,0,9999,0,0,1
421,"UKRN03","Full-time","No","Year 1",3,"Psychology ","Female","UKRN",1,1,0,1,1,1,1,0,1,6,0,NA,9999,0,0,1
429,"UKRN03","Full-time","No","Year 1",3,"Bachelor of Science in Psychology and Linguistics ","Male","UKRN",1,1,0,1,1,0,0,1,1,5,1,0,0,0,0,1
436,"UKRN03","Full-time","No","Year 2",3,"Psychology ","Female","UKRN",1,1,1,1,1,1,1,1,1,8,1,1,1,0,0,1
438,"UKRN03","Full-time","No","Year 1",3,"psychology ","female","UKRN",1,1,1,0,1,1,0,1,1,6,0,NA,9999,0,0,1
439,"UKRN03","Full-time","No","Year 1",3,"BA (Hons) Criminology and Psychology ","Female","UKRN",1,1,0,1,0,0,1,0,1,4,0,NA,9999,1,0,1
443,"UKRN03","Full-time","No","Year 1",3,"BCs Psychology","Female","UKRN",1,0,0,1,1,0,1,0,1,4,1,1,1,0,0,1
445,"UKRN03","Full-time","No","Year 2",3,"Psychology ","Female ","UKRN",1,1,1,1,1,1,0,1,0,6,1,1,1,0,0,1
447,"UKRN03","Full-time","No","Year 2",3,"Psychology","female","UKRN",1,1,0,1,0,0,0,0,1,3,1,1,9999,0,1,1
452,"UKRN03","Full-time","No","Year 2",3,"Psychology","Female","UKRN",1,1,1,1,1,1,1,1,1,8,1,0,1,1,1,1
458,"UKRN03","Full-time","No","Year 2",3,"BSc (Hons) Psychology","Female","UKRN",1,1,1,1,1,1,1,1,1,8,1,1,1,1,1,1
464,"UKRN03","Full-time","No","Year 2",4,"Psychology (Study Abroad) BSc","Female","UKRN",1,1,1,1,0,0,1,0,1,5,1,1,0,0,0,1
465,"UKRN03","Full-time","No","Year 2",3,"management and psychology joint honors","female","UKRN",1,0,0,0,0,1,0,1,0,2,0,NA,9999,0,0,1
466,"UKRN01","Full-time","Yes","Year 1",4,"Psychology","Female","UKRN",1,1,1,1,1,0,1,0,1,6,0,NA,9999,0,0,1
471,"UKRN06","Full-time","No","Year 2",3,"psychology bsc","female","UKRN",1,1,1,0,1,0,0,1,1,5,1,1,1,1,1,1
472,"UKRN03","Full-time","No","Year 1",3,"Psychology","Female","UKRN",1,0,0,1,0,0,1,0,0,2,0,NA,9999,0,0,1
479,"UKRN03","Full-time","Other (Please specify)","Year 1",4,"Bsc Psychology with Study Abroad","Female","UKRN",1,1,0,0,0,0,0,0,1,2,1,0,0,0,0,1
480,"UKRN03","Full-time","No","Year 1",4,"Psychology ","Female","UKRN",1,1,1,1,0,0,1,1,1,6,1,0,1,1,1,1
482,"UKRN05","Full-time","Yes","Year 1",3,"BSc (Hons) Psychology","Female","UKRN",1,0,0,1,0,0,1,0,1,3,0,NA,9999,0,0,1
484,"UKRN01","Full-time","Yes","Year 2",4,"Psychology (BSc Hons)","Female","UKRN",1,1,1,0,0,0,1,1,0,4,1,1,1,0,1,1
490,"UKRN03","Full-time","No","Year 1",NA,"Psychology (Study abroad) Bsc (Hons)","Female","UKRN",1,0,0,0,0,1,0,0,1,2,1,1,1,0,1,1
495,"UKRN01","Full-time","Yes","Year 1",3,"psychology BSC","Female","UKRN",1,1,0,1,1,0,1,1,1,6,0,NA,9999,1,0,1
497,"UKRN03","Full-time","No","Year 2",3,"Psychology BSc","Female","UKRN",1,1,1,1,1,0,0,0,1,5,1,1,0,0,0,1
500,"UKRN05","Full-time","No","Year 2",3,"Sociology with Social Psychology","Female","UKRN",1,1,1,1,1,1,1,1,1,8,1,1,0,1,1,1
503,"UKRN03","Full-time","No","Year 1",3,"BA Hons Psychology and Linguistics","Female","UKRN",1,0,0,1,0,1,1,0,1,4,1,1,0,0,0,1
504,"UKRN03","Full-time","No","Year 1",3,"Psychology BSc Hons","Female","UKRN",1,1,0,1,0,0,1,0,1,4,1,0,1,1,0,1
505,"UKRN03","Full-time","No","Year 1",3,"Psychology","Male","UKRN",1,1,1,1,1,0,1,0,1,6,1,1,1,0,0,1
507,"UKRN03","Full-time","No","Year 2",3,"BSc Hons Psychology Full Time","Female","UKRN",1,1,1,1,1,0,1,1,1,7,1,1,1,1,1,1
544,"UKRN03","Full-time","No","Year 1",3,"Psychology and Linguistics","Female","UKRN",1,1,1,1,1,0,1,1,1,7,1,1,1,1,0,1
547,"UKRN05","Full-time","No","Year 1",3,"Psychology (BSc)","Female","UKRN",1,0,0,1,1,0,0,0,1,3,1,1,1,0,0,1
548,"UKRN03","Full-time","No","Year 1",3,"BA Hons Psychology and Management ","Female","UKRN",1,1,1,1,0,1,1,0,1,6,1,0,0,1,0,1
573,"UKRN05","Full-time","No","Year 1",3,"Psychology ","Female","UKRN",1,1,0,1,0,0,1,0,1,4,NA,NA,9999,NA,NA,1
576,"UKRN05","Full-time","Yes","Year 1",3,"BSc Psychology","Female","UKRN",1,1,1,1,1,1,1,1,1,8,NA,NA,9999,NA,NA,1
578,"UKRN03","Full-time","No","Year 2",4,"MPsych Psychology ","Female ","UKRN",1,1,1,1,1,1,1,1,1,8,1,1,1,0,1,1
580,"UKRN05","Full-time","Other (Please specify)","Year 1",4,"Psychology","","UKRN",1,1,1,0,1,1,1,1,0,6,0,NA,9999,1,0,1
584,"UKRN03","Full-time","No","Year 1",3,"Bsc psychology ","Female","UKRN",1,0,0,0,0,0,0,0,0,0,NA,NA,9999,NA,NA,1
594,"UKRN05","Full-time","No","Year 1",3,"Psychology","Female","UKRN",1,0,0,1,0,1,1,1,1,5,0,NA,9999,0,0,1
595,"UKRN03","Full-time","No","Year 2",3,"Psychology ","Female ","UKRN",1,1,1,1,0,0,1,0,1,5,NA,NA,9999,NA,NA,1
596,"UKRN05","Full-time","No","Year 1",3,"Psychology","Female","UKRN",1,1,0,1,0,0,0,0,0,2,NA,NA,9999,NA,NA,1
620,"UKRN03","Full-time","No","Year 2",3,"Psychology ","Female","UKRN",1,1,0,1,1,1,0,0,1,5,NA,NA,9999,NA,NA,1
622,"UKRN01","Full-time","Yes","Year 2",4,"Psychology BSc","Female","UKRN",1,1,1,0,1,1,1,1,0,6,0,NA,9999,0,0,1
631,"UKRN04","Full-time","No","Year 2",3,"Psychology","Male","UKRN",1,0,0,0,0,0,0,0,0,0,1,1,0,1,1,1
633,"UKRN03","Full-time","No","Year 1",3,"Psychology and Linguistics","Female","UKRN",1,1,0,1,0,0,0,0,1,3,1,1,1,0,0,1
634,"UKRN04","Full-time","No","Year 2",3,"Psychology","Female","UKRN",1,1,1,0,1,1,1,1,1,7,1,1,1,1,1,1
636,"UKRN07","Full-time","Yes","Year 2",4,"Psychology (with Professional Placement) BSc","Female","UKRN",1,1,1,1,0,0,1,1,1,6,0,NA,9999,0,0,1
637,"UKRN07","Full-time","No","Year 2",3,"BSc Psychology","Female","UKRN",1,0,0,0,0,0,0,0,0,0,0,NA,9999,1,0,1
639,"UKRN07","Full-time","No","Year 2",3,"BSc Psychology and Language Sciences","female","UKRN",1,0,0,1,0,0,1,1,1,4,0,NA,9999,0,0,1
643,"UKRN07","Full-time","No","Year 2",3,"Bsc","female","UKRN",1,1,1,1,0,0,1,1,1,6,0,NA,9999,0,0,1
646,"UKRN07","Full-time","Other (Please specify)","Year 1",3,"BSc Psychology","Female","UKRN",1,0,0,1,0,0,0,1,1,3,0,NA,9999,0,0,1
648,"UKRN02","Full-time","Yes","Year 1",4,"BSc (Hons) Psychology","Female","UKRN",1,1,1,1,0,1,1,1,1,7,1,0,0,0,0,1
649,"UKRN01","Full-time","No","Year 1",2,"Psychology ","Female","UKRN",1,1,1,1,0,1,1,0,0,5,0,NA,9999,1,1,1
653,"UKRN04","Full-time","No","Year 1",3,"Psychology","Female","UKRN",1,1,1,1,1,1,1,1,1,8,1,0,0,0,0,1
654,"UKRN04","Full-time","No","Year 1",3,"Education and psychology ","Female","UKRN",1,1,0,1,0,1,1,0,1,5,0,NA,9999,0,0,1
656,"UKRN04","Full-time","No","Year 1",3,"education and psychology","female","UKRN",1,1,0,1,1,0,1,0,1,5,1,1,1,0,0,1
658,"UKRN04","Full-time","No","Year 1",3,"Psychology BSc","Female","UKRN",1,1,1,1,1,1,1,0,1,7,1,1,0,1,1,1
659,"UKRN04","Full-time","No","Year 1",3,"Psychology Bsc","Female ","UKRN",1,1,1,0,1,1,1,1,1,7,0,NA,9999,0,0,1
660,"UKRN04","Full-time","No","Year 1",4,"Psychology","Female","UKRN",1,1,1,1,1,1,1,1,1,8,1,1,1,1,1,1
661,"UKRN04","Full-time","No","Year 1",3,"Psychology","Female","UKRN",1,0,0,0,0,0,0,0,1,1,0,NA,9999,0,0,1
664,"UKRN04","Full-time","No","Year 1",3,"Psychology ","male","UKRN",1,1,1,1,1,1,1,1,1,8,0,NA,9999,1,1,1
667,"UKRN04","Full-time","No","Year 1",3,"Psychology and criminology ","Female ","UKRN",1,1,0,1,0,0,0,1,1,4,1,0,9999,0,1,1
669,"UKRN04","Full-time","No","Year 1",3,"Psychology BCs","Female ","UKRN",1,1,1,0,1,1,1,1,0,6,1,1,9999,0,0,1
670,"UKRN04","Full-time","No","Year 1",3,"BSc (Hons) Psychology","Female","UKRN",1,1,1,1,1,0,1,1,1,7,1,1,1,1,1,1
673,"UKRN04","Full-time","Yes","Year 1",3,"Psychology","female","UKRN",1,1,1,1,0,1,0,0,1,5,1,1,1,1,1,1
676,"UKRN04","Full-time","No","Year 1",3,"Psychology Bsc","Female ","UKRN",1,1,1,0,1,1,0,1,0,5,1,1,1,0,0,1
677,"UKRN07","Full-time","No","Year 1",3,"BSc Psychology","Woman","UKRN",1,1,1,1,1,1,1,0,1,7,1,0,1,1,0,1
695,"UKRN04","Full-time","Other (Please specify)","Year 1",3,"Psychology","female","UKRN",1,1,1,1,1,1,0,1,1,7,1,1,1,0,1,1
700,"UKRN07","Full-time","No","Year 2",3,"Mathematics and Psychology ","Female","UKRN",1,1,1,0,1,1,0,1,0,5,0,NA,9999,0,0,1
702,"UKRN04","Full-time","No","Year 1",3,"Psychology","Female ","UKRN",1,1,1,1,0,0,1,1,1,6,1,1,0,1,1,1
714,"UKRN08","Full-time","No","Year 1",3,"Psychology ","Female","UKRN",1,1,1,1,1,1,1,1,1,8,1,1,1,0,1,1
715,"UKRN08","Full-time","Yes","Year 2",3,"Psychology","Male","UKRN",1,1,1,0,1,0,1,0,1,5,1,1,1,1,1,1
718,"UKRN08","Full-time","Yes","Year 2",3,"Psychology ","F","UKRN",1,1,0,0,1,1,0,0,0,3,1,1,1,0,1,1
719,"UKRN08","Full-time","No","Year 1",3,"Psychology","Female","UKRN",1,1,1,1,1,0,1,0,1,6,1,1,0,0,0,1
720,"UKRN08","Full-time","No","Year 2",3,"Bsc (hons) Psychology with Criminology ","Female","UKRN",1,1,1,1,1,1,1,1,1,8,1,1,1,1,1,1
723,"UKRN08","Full-time","No","Year 2",3,"Psychology BSc","Female","UKRN",1,1,0,1,1,0,1,0,1,5,1,1,1,0,1,1
726,"UKRN08","Full-time","No","Year 2",3,"BSc Hons Psychology ","Female","UKRN",1,1,1,1,1,1,1,1,1,8,1,0,0,1,0,1
727,"UKRN08","Full-time","Yes","Year 2",3,"Psychology BSc","Female","UKRN",1,0,0,0,0,0,1,0,0,1,1,1,0,1,1,1
728,"UKRN08","Full-time","No","Year 1",4,"Psychology with Criminology (BSc) ","Female","UKRN",1,1,1,1,1,1,1,1,1,8,1,1,1,1,1,1
729,"UKRN08","Full-time","No","Year 1",3,"Psychology ","Female ","UKRN",1,1,1,1,1,0,0,0,0,4,1,1,1,1,1,1
733,"UKRN08","Full-time","Yes","Year 2",3,"Psychology ","Male ","UKRN",1,1,1,1,1,1,1,1,0,7,1,1,1,0,0,1
735,"UKRN08","Full-time","No","Year 1",3,"Psychology with Criminology ","Female ","UKRN",1,1,0,1,1,0,1,0,1,5,1,1,1,1,1,1
736,"UKRN08","Full-time","No","Year 1",3,"Psychology ","Female","UKRN",1,0,0,0,1,0,1,0,0,2,1,1,1,0,0,1
740,"UKRN08","Full-time","Yes","Year 1",4,"Psychology ","Male","UKRN",1,0,0,0,1,0,0,1,0,2,1,1,1,0,0,1
759,"UKRN08","Full-time","Yes","Year 2",3,"Psychology with Criminology","Female","UKRN",1,0,0,0,0,1,0,0,0,1,1,0,1,0,0,1
761,"UKRN08","Full-time","No","Year 1",3,"Psychology ","Female","UKRN",1,1,1,1,1,1,1,0,1,7,1,1,0,0,0,1
777,"UKRN08","Full-time","No","Year 2",3,"Psychology (BSc)","Female","UKRN",1,1,1,1,1,0,1,1,1,7,1,1,1,0,0,1
778,"UKRN08","Full-time","Yes","Year 2",3,"Psychology","Female","UKRN",1,1,0,1,1,0,1,1,1,6,1,1,0,1,1,1
780,"UKRN08","Full-time","No","Year 1",3,"BSC (Hons) Psychology","Female ","UKRN",1,0,0,1,1,0,0,1,1,4,1,1,1,0,1,1
784,"UKRN08","Full-time","No","Year 2",3,"Psychology with Sociology ","Female ","UKRN",1,1,0,1,1,0,0,1,1,5,1,1,1,0,1,1
791,"UKRN08","Full-time","No","Year 2",3,"Psychology with Criminology ","Female","UKRN",1,0,1,1,0,1,0,0,0,3,1,1,0,0,0,1
796,"UKRN08","Full-time","Yes","Year 1",4,"Psychology Bsc with foundation year","Male","UKRN",1,1,1,1,1,0,0,0,0,4,1,1,9999,0,0,1
799,"UKRN08","Full-time","Yes","Year 2",3,"Psychology BSc (Hons)","Female","UKRN",1,1,0,0,1,1,1,1,0,5,1,1,0,1,1,1
800,"UKRN08","Full-time","Yes","Year 2",4,"Psychology with Criminology","Female","UKRN",1,0,0,0,1,1,1,1,0,4,1,1,0,0,0,1
826,"UKRN08","Full-time","Yes","Year 2",3,"Psychology","Female ","UKRN",1,1,0,1,1,0,0,0,1,4,1,1,1,0,0,1
862,"UKRN08","Full-time","Yes","Year 2",3,"Psychology ","Female","UKRN",1,1,1,0,0,0,0,0,0,2,1,1,1,1,1,1
863,"UKRN08","Full-time","No","Year 2",3,"Psychology ","male","UKRN",1,0,0,1,0,0,1,0,1,3,1,NA,9999,NA,NA,1
864,"UKRN08","Full-time","Yes","Year 1",4,"Psychology Bsc","Female","UKRN",1,0,0,0,0,0,0,0,0,0,NA,NA,9999,NA,NA,1
879,"UKRN08","Full-time","No","Year 1",4,"Psychology","female","UKRN",1,0,0,0,1,0,0,0,1,2,1,1,1,1,1,1
887,"UKRN08","Full-time","Other (Please specify)","Year 1",3,"BsC Psychology","Female","UKRN",1,0,0,0,0,1,0,1,0,2,1,1,1,1,1,1
889,"UKRN08","Full-time","Yes","Year 2",4,"Foundation psychology with criminology ","F","UKRN",1,1,1,1,1,1,1,1,1,8,NA,NA,9999,NA,NA,1
723,"UKRN01","Full-time","Yes","Year 2",3,"Psychology counselling and mental health","Female","UKRN",2,1,0,1,1,1,1,1,1,7,1,NA,NA,NA,NA,1
277,"UKRN01","Full-time","Yes","Year 2",4,"psychology ","female ","UKRN",2,1,0,1,0,0,0,1,1,4,1,1,0,0,0,1
212,"UKRN01","Full-time","Yes","Year 2",4,"Psychology","Female","UKRN",2,1,1,0,1,1,0,1,0,5,0,NA,NA,1,0,1
78,"UKRN08","Full-time","No","Year 2",3,"Psychology","Female","UKRN",2,1,1,0,1,1,1,0,1,6,1,1,1,0,0,1
85,"UKRN01","Full-time","No","Year 2",3,"Psychology","Female","UKRN",2,1,1,0,1,1,0,0,1,5,1,1,1,0,0,1
18,"UKRN08","Full-time","No","Year 2",3,"psychology with criminology","female","UKRN",2,0,0,1,0,0,0,0,1,2,1,1,1,0,0,1
123,"UKRN01","Full-time","No","Year 2",3,"PSYchology","male","UKRN",2,1,0,0,0,1,1,1,1,5,1,0,0,0,0,1
468,"UKRN01","Full-time","Yes","Year 2",3,"Bsc Psychology","female","UKRN",2,0,0,0,0,0,0,0,0,0,NA,NA,NA,NA,NA,1
42,"UKRN08","Full-time","No","Year 2",3,"BSC Hons Psychology ","Female","UKRN",2,1,0,1,1,0,1,0,1,5,1,1,0,0,1,1
24,"UKRN08","Full-time","Yes","Year 2",3,"Psychology","Female ","UKRN",2,0,0,1,1,0,1,1,1,5,1,1,1,0,1,1
205,"UKRN08","Full-time","No","Year 2",3,"BSC Honors Psychology","Female","UKRN",2,1,0,1,1,0,0,1,1,5,1,1,1,1,1,1
315,"UKRN01","Full-time","Yes","Year 1",4,"Psychology ","Female","UKRN",2,0,0,1,0,0,1,0,1,3,0,NA,NA,0,0,1
45,"UKRN08","Full-time","No","Year 2",3,"Psychology Bsc(Hons)","Male","UKRN",2,1,1,1,0,0,1,1,1,6,1,1,1,1,0,1
26,"UKRN08","Full-time","Yes","Year 1",4,"Psychology","Female","UKRN",2,1,1,1,1,1,1,0,1,7,1,1,1,1,1,1
66,"UKRN08","Full-time","No","Year 1",3,"Psychology","Female","UKRN",2,1,1,1,1,1,1,0,1,7,1,1,1,0,1,1
168,"UKRN08","Full-time","Other (Please specify)","Year 2",3,"psychology with criminology","male","UKRN",2,0,0,1,1,0,1,1,1,5,1,1,1,0,0,1
139,"UKRN01","Full-time","Yes","Year 2",4,"Psychology","Female","UKRN",2,1,1,1,0,0,1,1,1,6,1,1,1,1,1,1
57,"UKRN08","Full-time","No","Year 1",4,"Psychology","Male","UKRN",2,1,0,1,0,0,1,0,1,4,0,NA,NA,0,0,1
341,"UKRN04","Full-time","No","Year 2",3,"Psychology","Female","UKRN",2,1,0,1,0,0,1,1,1,5,1,1,1,0,0,1
84,"UKRN08","Full-time","No","Year 2",3,"Psychology with Criminology ","Female ","UKRN",2,0,0,1,0,1,0,0,1,3,1,1,1,0,0,1
148,"UKRN08","Full-time","Other (Please specify)","Year 1",3,"Bsc Psychology ","Female ","UKRN",2,1,0,1,1,1,1,0,1,6,1,1,1,1,1,1
174,"UKRN01","Full-time","No","Year 1",3,"Psychology BSc (Hons)","Male","UKRN",2,1,1,1,1,1,1,0,1,7,0,NA,NA,1,0,1
384,"UKRN01","Full-time","No","Year 2",3,"Psychology","female","UKRN",2,1,0,1,0,0,1,0,1,4,1,1,1,1,1,1
113,"UKRN08","Full-time","Yes","Year 2",4,"Psychology and Criminology","Female","UKRN",2,1,1,1,1,1,1,1,0,7,1,1,0,0,0,1
136,"UKRN08","Full-time","No","Year 1",3,"Psychology with Criminology","female","UKRN",2,1,0,1,0,0,0,1,1,4,1,1,0,0,0,1
317,"UKRN01","Full-time","Yes","Year 1",4,"Psychology","Female","UKRN",2,0,0,0,1,0,1,0,1,3,0,NA,NA,0,0,1
181,"UKRN08","Full-time","Yes","Year 2",3,"BSc (Hons) Psychology ","Female","UKRN",2,1,1,1,1,0,1,0,1,6,1,1,1,1,1,1
279,"UKRN01","Full-time","No","Year 2",3,"Psychology ","Female","UKRN",2,1,1,1,1,1,1,0,1,7,0,NA,NA,1,0,1
122,"UKRN01","Full-time","Yes","Year 2",4,"psychology bsc","female","UKRN",2,1,1,0,1,0,0,0,1,4,0,NA,NA,1,1,1
87,"UKRN01","Full-time","No","Year 1",3,"BSc Psychology","Female","UKRN",2,0,0,1,1,0,1,0,1,4,0,NA,NA,0,0,1
20,"UKRN08","Full-time","Yes","Year 1",3,"Psychology","Male","UKRN",2,1,1,1,1,0,1,0,1,6,1,1,1,0,1,1
70,"UKRN01","Full-time","Yes","Year 2",4,"Psychology BSc","Male","UKRN",2,1,0,1,0,0,1,0,1,4,0,NA,NA,1,0,1
54,"UKRN01","Full-time","Yes","Year 2",4,"Psycho ","Female ","UKRN",2,1,0,1,1,0,1,1,1,6,0,NA,NA,0,0,1
35,"UKRN08","Full-time","No","Year 2",3,"Psychology","Male","UKRN",2,1,1,1,1,1,1,1,1,8,1,1,0,1,1,1
390,"UKRN04","Full-time","No","Year 2",3,"Psychology and education joint honours","female","UKRN",2,1,1,1,1,1,1,1,1,8,0,NA,NA,1,1,1
27,"UKRN08","Full-time","No","Year 1",4,"Psychology with Criminology ","Female ","UKRN",2,1,0,1,0,1,1,0,1,5,1,1,0,0,0,1
467,"UKRN04","Full-time","No","Year 2",3,"BSc (Hons) Psychology","Female","UKRN",2,0,0,0,1,0,0,0,1,2,1,0,1,0,0,1
129,"UKRN08","Full-time","Yes","Year 1",4,"Psychology BSc (Hons)","Non-binary","UKRN",2,1,1,0,1,1,0,1,1,6,1,1,0,0,0,1
102,"UKRN01","Full-time","Yes","Year 2",4,"Psychology","Male","UKRN",2,0,0,1,0,0,1,0,1,3,0,NA,0,0,0,1
103,"UKRN01","Full-time","Yes","Year 1",4,"BSCH Psychology","Female","UKRN",2,1,1,1,1,1,1,0,1,7,1,1,0,1,0,1
28,"UKRN08","Full-time","Yes","Year 2",3,"Psychology Bsc ","male","UKRN",2,1,0,1,0,0,1,0,1,4,1,1,0,1,1,1
34,"UKRN01","Full-time","Yes","Year 1",4,"Psychology","Female","UKRN",2,1,0,0,0,1,0,0,1,3,0,NA,NA,0,0,1
31,"UKRN01","Full-time","No","Year 2",3,"Psychology","Male","UKRN",2,1,1,1,1,1,1,1,1,8,1,1,1,0,0,1
124,"UKRN01","Full-time","No","Year 1",3,"Psychology","male","UKRN",2,1,1,1,0,0,1,0,1,5,1,0,0,1,0,1
30,"UKRN08","Full-time","Yes","Year 1",4,"psychology ","female","UKRN",2,1,0,1,0,0,1,0,1,4,1,1,1,0,0,1
146,"UKRN01","Full-time","Yes","Year 1",4,"Psychology","Female","UKRN",2,1,1,1,1,1,1,1,1,8,1,1,0,0,0,1
152,"UKRN01","Full-time","Yes","Year 1",4,"Psychology","female","UKRN",2,1,1,1,1,1,1,1,0,7,0,NA,NA,1,1,1
150,"UKRN08","Full-time","Yes","Year 2",4,"Psychology ","Female","UKRN",2,1,0,1,1,0,0,0,1,4,1,1,0,0,1,1
60,"UKRN08","Full-time","Yes","Year 1",3,"BSc Criminology with Psychology","Female","UKRN",2,1,1,0,0,0,1,0,1,4,1,1,1,0,1,1
36,"UKRN01","Full-time","Yes","Year 1",4,"psychology","female","UKRN",2,1,1,0,0,1,1,1,1,6,0,NA,NA,0,0,1
182,"UKRN01","Full-time","Yes","Year 1",4,"Psychology","Female","UKRN",2,0,0,1,0,1,0,0,1,3,0,NA,NA,0,0,1
394,"UKRN01","Full-time","Yes","Year 1",4,"Psychology ","Female ","UKRN",2,0,0,1,0,0,0,0,1,2,0,NA,NA,0,0,1
130,"UKRN08","Full-time","No","Year 2",3,"<Psychology with Criminology","female","UKRN",2,1,1,1,1,1,1,1,1,8,1,1,1,0,0,1
161,"UKRN08","Full-time","Yes","Year 1",4,"Psychology with criminology","female","UKRN",2,1,1,1,0,0,1,0,1,5,1,1,1,1,0,1
59,"UKRN08","Full-time","Yes","Year 2",3,"Psychology","Female","UKRN",2,1,0,1,1,0,0,0,1,4,1,1,0,1,1,1
80,"UKRN08","Full-time","No","Year 1",3,"Bsc Psychology","Female","UKRN",2,0,0,1,0,0,1,0,1,3,1,1,0,0,0,1
158,"UKRN01","Full-time","No","Year 1",3,"Psychology","Female","UKRN",2,1,0,0,0,1,0,0,1,3,1,1,0,1,0,1
127,"UKRN01","Full-time","Yes","Year 1",4,"Psychology BSc","Female","UKRN",2,1,1,1,1,1,0,1,1,7,0,NA,NA,0,0,1
151,"UKRN08","Full-time","Yes","Year 1",3,"Criminology with Psychology","Female ","UKRN",2,0,0,1,1,1,0,1,0,4,1,1,1,0,1,1
156,"UKRN08","Full-time","No","Year 2",3,"Psychology BSc","Female","UKRN",2,0,0,0,1,0,0,1,1,3,1,1,0,0,1,1
220,"UKRN01","Full-time","Yes","Year 2",4,"Psychology ","Female ","UKRN",2,0,0,1,1,0,1,1,1,5,0,NA,NA,0,0,1
16,"UKRN08","Full-time","Other (Please specify)","Year 1",3,"Psychology","Woman","UKRN",2,1,1,1,1,0,1,0,1,6,1,1,1,0,0,1
131,"UKRN08","Full-time","No","Year 2",3,"Psychology","Female ","UKRN",2,1,1,1,1,1,1,1,1,8,1,1,1,1,1,1
147,"UKRN01","Full-time","No","Year 2",3,"Psychology BSc","Female","UKRN",2,0,0,1,0,1,1,0,1,4,1,1,1,0,0,1
76,"UKRN08","Full-time","Yes","Year 2",4,"Psychology with Criminology","Female","UKRN",2,1,1,1,1,1,1,0,1,7,1,1,1,0,1,1
170,"UKRN08","Full-time","No","Year 1",4,"Psychology with Foundation Year","Female","UKRN",2,1,1,1,1,0,0,0,0,4,0,NA,NA,0,0,1
91,"UKRN01","Full-time","No","Year 2",3,"Psychology","Female","UKRN",2,0,0,0,0,0,0,0,1,1,0,NA,NA,0,0,1
68,"UKRN08","Full-time","No","Year 1",3,"Criminology with psychology ","female","UKRN",2,0,0,0,0,0,0,0,1,1,0,NA,NA,0,1,1
13,"UKRN08","Full-time","No","Year 2",3,"BSc(Hons) Psychology","Male","UKRN",2,1,1,1,1,1,1,1,1,8,1,1,1,1,1,1
171,"UKRN01","Full-time","Yes","Year 2",4,"UG Psychology","Female","UKRN",2,1,1,1,1,1,1,0,1,7,0,NA,NA,1,0,1
11,"UKRN01","Full-time","No","Year 1",3,"Psychology","Female","UKRN",2,1,1,1,1,0,1,0,1,6,0,NA,NA,0,0,1
169,"UKRN08","Full-time","Yes","Year 2",3,"Psychology ","MALE","UKRN",2,1,1,1,1,0,1,0,1,6,1,1,1,1,1,1
39,"UKRN08","Full-time","No","Year 2",3,"Psychology","Female","UKRN",2,0,0,1,1,0,0,1,1,4,1,1,1,1,1,1
21,"UKRN08","Full-time","Yes","Year 2",3,"Psychology with Criminology","Female","UKRN",2,1,1,0,1,1,1,1,1,7,1,1,0,0,0,1
117,"UKRN01","Full-time","Yes","Year 1",4,"Psychology BSc ","Female","UKRN",2,0,0,1,0,0,1,0,1,3,0,NA,NA,0,0,1
110,"UKRN08","Full-time","No","Year 2",3,"psychology ","female","UKRN",2,1,0,0,1,0,0,1,1,4,1,1,1,0,0,1
65,"UKRN08","Full-time","Other (Please specify)","Year 1",3,"(BSc) Psychology","Female","UKRN",2,0,0,0,1,0,0,0,0,1,1,1,1,0,1,1
160,"UKRN01","Full-time","Yes","Year 1",4,"Psychology BSc","Female","UKRN",2,1,0,1,1,0,0,0,1,4,0,NA,NA,1,0,1
118,"UKRN01","Full-time","Other (Please specify)","Year 1",3,"psychology","male","UKRN",2,1,0,1,0,0,1,1,1,5,0,NA,NA,1,0,1
351,"UKRN01","Full-time","Yes","Year 2",4,"Psychology","Female","UKRN",2,1,1,1,1,0,0,1,1,6,1,1,1,0,0,1
215,"UKRN01","Full-time","Yes","Year 2",4,"BSc Psychology ","Female","UKRN",2,1,1,0,0,1,0,0,0,3,1,1,0,0,1,1
155,"UKRN08","Full-time","No","Year 1",3,"Psychology","Female","UKRN",2,1,1,1,1,0,1,0,1,6,1,1,0,0,0,1
74,"UKRN01","Full-time","Yes","Year 1",4,"Psychology BSc","Female","UKRN",2,0,0,1,1,0,1,0,1,4,0,NA,NA,0,0,1
142,"UKRN08","Full-time","No","Year 2",3,"psychology with criminology","male","UKRN",2,1,0,1,1,0,1,1,1,6,1,1,1,0,0,1
93,"UKRN08","Full-time","No","Year 1",3,"Criminology and psychology ","Female","UKRN",2,0,0,1,1,0,1,0,1,4,1,1,0,0,0,1
132,"UKRN08","Full-time","Yes","Year 1",4,"Psychology BSc (Hons)","Female","UKRN",2,1,1,1,1,0,1,0,1,6,1,1,0,1,1,1
184,"UKRN01","Full-time","Yes","Year 2",3,"psychology","male","UKRN",2,1,1,1,1,1,1,0,1,7,0,NA,NA,1,0,1
53,"UKRN08","Full-time","Yes","Year 2",4,"Psychology Single Honours (BSc) ","Male","UKRN",2,1,1,1,1,0,1,0,1,6,1,1,1,0,0,1
167,"UKRN01","Full-time","Yes","Year 1",4,"Psychology ","Female","UKRN",2,1,1,0,0,0,0,0,1,3,0,NA,NA,0,0,1
56,"UKRN08","Full-time","No","Year 2",3,"Psychology with Criminology","Female","UKRN",2,0,0,1,1,1,0,1,1,5,1,1,1,0,0,1
405,"UKRN01","Full-time","Yes","Year 2",4,"Psychology","Female","UKRN",2,1,0,1,1,0,1,0,1,5,1,0,0,0,0,1
107,"UKRN01","Full-time","Yes","Year 2",4,"Psychology","Female","UKRN",2,1,1,1,1,1,1,1,1,8,0,NA,NA,0,1,1
37,"UKRN08","Full-time","No","Year 2",3,"Psychology","Female","UKRN",2,1,1,1,1,0,0,1,1,6,1,1,1,1,1,1
4,"UKRN08","Full-time","No","Year 2",3,"Psychology","Female","UKRN",2,1,1,1,1,1,1,1,1,8,1,1,1,1,1,1
121,"UKRN01","Full-time","Yes","Year 1",4,"Psychology","Female","UKRN",2,1,1,1,1,1,1,1,1,8,0,NA,NA,1,0,1
207,"UKRN01","Full-time","Yes","Year 2",4,"BSc Psychology UG","Male","UKRN",2,0,0,1,1,0,1,0,1,4,0,NA,NA,0,0,1
64,"UKRN08","Full-time","No","Year 2",3,"Psychology with Criminology ","Female ","UKRN",2,0,0,1,1,0,0,0,1,3,1,1,1,1,1,1
125,"UKRN08","Full-time","No","Year 2",3,"Psychology with Criminology","Female","UKRN",2,1,1,1,1,0,1,1,0,6,1,1,1,0,0,1
49,"UKRN08","Full-time","No","Year 1",3,"BSC Criminology with Psychology","Male","UKRN",2,1,1,0,1,0,0,0,0,3,1,1,1,0,1,1
19,"UKRN08","Full-time","Yes","Year 2",4,"BSc Psychology","Female","UKRN",2,0,0,1,1,0,1,0,1,4,1,1,1,0,0,1
141,"UKRN08","Full-time","No","Year 2",2,"Psychology with Criminology","Female","UKRN",2,1,1,1,1,1,1,1,1,8,1,1,0,1,1,1
61,"UKRN08","Full-time","No","Year 2",3,"Psychology with Criminology","Female","UKRN",2,0,0,1,0,0,1,1,1,4,1,1,0,0,0,1
109,"UKRN08","Full-time","No","Year 2",3,"Psychology","Male","UKRN",2,1,1,1,1,1,1,1,1,8,1,1,0,1,1,1
149,"UKRN08","Full-time","No","Year 1",4,"Psychology with Criminology Foundation Year ","Male ","UKRN",2,1,0,1,0,0,0,0,1,3,0,NA,NA,1,0,1
319,"UKRN01","Full-time","Yes","Year 2",4,"Psychology","Female","UKRN",2,1,0,0,0,0,0,1,1,3,0,NA,NA,1,0,1
157,"UKRN08","Full-time","No","Year 1",3,"Criminology with psychology","female","UKRN",2,0,0,0,0,0,0,0,1,1,1,1,0,0,0,1
14,"UKRN08","Full-time","Yes","Year 2",3,"Psychology with Criminology","Female","UKRN",2,1,1,1,1,0,0,0,1,5,1,1,0,1,0,1
89,"UKRN01","Full-time","Yes","Year 2",4,"Psychology BSc (Hons)","Female","UKRN",2,1,0,1,0,0,0,1,1,4,1,0,0,0,1,1
373,"UKRN04","Full-time","No","Year 2",3,"BSc Criminology and Psychology","Female","UKRN",2,1,1,1,0,0,1,0,1,5,0,NA,NA,1,1,1
73,"UKRN08","Full-time","No","Year 1",4,"Criminology with Psychology (with foundation year)","Female","UKRN",2,0,0,1,0,0,0,0,1,2,0,NA,NA,0,0,1
316,"UKRN01","Full-time","No","Year 1",3,"Psychology BSc","Male","UKRN",2,1,0,1,1,0,1,0,1,5,1,0,0,1,0,1
69,"UKRN08","Full-time","No","Year 1",3,"Psychology","Female","UKRN",2,0,0,0,1,0,0,0,0,1,1,1,0,1,1,1
17,"UKRN01","Full-time","Yes","Year 1",4,"Psychology","Female","UKRN",2,1,1,1,1,1,1,1,1,8,1,1,0,1,0,1
98,"UKRN08","Full-time","Yes","Year 2",4,"Psychology BSc","Female","UKRN",2,0,0,0,1,1,0,0,1,3,1,1,0,0,0,1
120,"UKRN01","Full-time","Yes","Year 2",4,"BSc Psychology","Female","UKRN",2,1,1,0,0,1,0,0,0,3,1,0,0,0,0,1
222,"UKRN01","Full-time","Yes","Year 2",4,"Psychology ","Female","UKRN",2,1,1,0,1,0,0,1,0,4,0,NA,NA,0,0,1
97,"UKRN01","Full-time","Yes","Year 2",4,"Psychology","Male","UKRN",2,0,1,0,0,1,0,1,1,4,0,NA,NA,0,0,1
162,"UKRN08","Full-time","No","Year 1",1,"Criminology and Psychology ","Female ","UKRN",2,1,1,1,1,1,1,1,1,8,1,1,NA,0,0,1
106,"UKRN08","Full-time","No","Year 2",3,"Psychology","Female","UKRN",2,1,1,1,1,1,1,0,1,7,1,1,1,1,1,1
126,"UKRN08","Full-time","No","Year 2",3,"Psychology with criminology","female","UKRN",2,1,0,1,1,0,1,0,1,5,0,NA,NA,0,1,1
96,"UKRN08","Full-time","Yes","Year 2",4,"Psychology","Female","UKRN",2,1,1,1,1,0,0,1,1,6,1,1,0,1,1,1
143,"UKRN08","Full-time","No","Year 2",3,"Psychology with Criminology","female","UKRN",2,0,1,0,1,0,0,1,1,4,1,1,0,0,0,1
111,"UKRN08","Full-time","Yes","Year 2",4,"Psychology","Female","UKRN",2,1,1,1,0,1,1,0,1,6,1,1,0,1,1,1
359,"UKRN04","Full-time","No","Year 1",3,"Psychology","Female","UKRN",2,1,0,1,1,0,0,0,1,4,1,1,1,1,1,1
137,"UKRN08","Full-time","Yes","Year 1",4,"Criminology with Psychology","Female","UKRN",2,0,0,1,0,0,0,0,1,2,1,1,0,0,0,1
320,"UKRN01","Full-time","Yes","Year 2",3,"Psychology","Male","UKRN",2,1,1,0,0,0,0,0,1,3,1,1,1,0,0,1
448,"UKRN04","Full-time","No","Year 1",3,"Criminology and Psychology","F","UKRN",2,1,1,1,1,1,1,1,1,8,1,1,0,1,1,1
165,"UKRN08","Full-time","No","Year 2",3,"psychology with criminology","female","UKRN",2,1,1,0,1,0,0,0,0,3,1,1,1,0,0,1
23,"UKRN08","Full-time","Yes","Year 2",3,"Psychology","Male","UKRN",2,1,0,1,1,0,1,1,1,6,1,1,NA,0,1,1
101,"UKRN08","Full-time","No","Year 1",3,"Psychology","Female","UKRN",2,1,1,0,1,1,0,1,0,5,1,1,0,0,0,1
81,"UKRN08","Full-time","Yes","Year 2",3,"Psychology","Female","UKRN",2,0,0,1,1,0,0,0,1,3,1,1,1,0,0,1
153,"UKRN08","Full-time","Yes","Year 2",3,"Psychology with criminology","Female","UKRN",2,1,0,0,1,0,0,1,1,4,1,1,1,0,0,1
166,"UKRN01","Full-time","Yes","Year 1",4,"Psychology BSc","Female","UKRN",2,0,0,0,1,0,1,0,1,3,0,NA,NA,0,0,1
116,"UKRN08","Full-time","Yes","Year 2",3,"Psychology","Female","UKRN",2,1,0,1,1,0,1,1,1,6,1,1,1,1,1,1
115,"UKRN08","Full-time","Yes","Year 1",4,"Psychology with Foundation year","Female","UKRN",2,1,1,1,0,0,1,0,1,5,0,NA,NA,0,0,1
262,"UKRN01","Full-time","Yes","Year 2",4,"Psychology","Male","UKRN",2,1,0,1,0,1,0,1,1,5,1,1,1,0,0,1
209,"UKRN01","Full-time","No","Year 2",3,"Psychology","Female","UKRN",2,1,0,1,0,1,1,1,1,6,1,0,0,0,1,1
144,"UKRN08","Full-time","No","Year 1",4,"Psychology with Criminology","Female","UKRN",2,0,0,1,0,1,1,1,1,5,0,NA,NA,0,0,1
135,"UKRN01","Full-time","Yes","Year 2",3,"Psychology","Female","UKRN",2,1,1,0,1,1,0,0,0,4,1,0,0,0,0,1
378,"UKRN04","Full-time","No","Year 2",3,"Psychology","Male","UKRN",2,1,1,1,0,0,1,0,1,5,1,1,1,1,0,1
108,"UKRN08","Full-time","Yes","Year 2",4,"Psychology Bsc","Female","UKRN",2,0,0,0,1,1,0,1,1,4,1,1,1,1,1,1
391,"UKRN01","Full-time","Yes","Year 2",4,"BSc Hons Psychology","male","UKRN",2,1,1,0,1,1,0,1,1,6,1,1,0,0,0,1
44,"UKRN08","Full-time","Yes","Year 2",3,"Psychology Bsc","Female","UKRN",2,0,1,0,1,1,0,1,1,5,1,1,1,1,1,1
172,"UKRN08","Full-time","Yes","Year 1",4,"Single Hons Psychology","Woman","UKRN",2,1,1,1,1,1,1,1,1,8,1,1,1,0,0,1
164,"UKRN08","Full-time","No","Year 2",3,"psychology bsc","female","UKRN",2,1,0,1,1,1,1,1,1,7,1,1,0,0,1,1
48,"UKRN08","Full-time","No","Year 2",3,"Psychology","Female","UKRN",2,1,1,0,1,1,1,0,1,6,1,1,1,0,1,1
94,"UKRN08","Full-time","Yes","Year 2",3,"Psychology with Criminology","Male","UKRN",2,1,0,1,0,0,0,0,1,3,1,1,1,0,0,1
83,"UKRN08","Full-time","Yes","Year 2",3,"Psychology with Criminology","Female","UKRN",2,0,0,1,1,0,1,0,1,4,1,1,0,0,0,1
361,"UKRN04","Full-time","No","Year 1",3,"Bsc Psychology ","Male ","UKRN",2,1,0,1,1,1,1,0,1,6,1,1,1,1,1,1
105,"UKRN08","Full-time","Yes","Year 1",4,"Psychology BSc","Female ","UKRN",2,1,0,0,0,0,1,0,1,3,1,1,1,1,1,1
100,"UKRN08","Full-time","Yes","Year 2",3,"psychology","female","UKRN",2,1,0,1,1,0,0,0,1,4,1,1,1,1,1,1
140,"UKRN08","Full-time","Yes","Year 1",4,"Psychology","Female","UKRN",2,0,0,1,1,0,0,0,1,3,1,1,1,1,1,1
173,"UKRN01","Full-time","No","Year 1",3,"Psychology","female","UKRN",2,1,0,1,0,0,1,0,1,4,0,NA,NA,0,0,1
41,"UKRN08","Full-time","No","Year 1",4,"PSYCHOLOGY ","female ","UKRN",2,0,0,0,0,0,0,0,1,1,0,NA,NA,0,0,1
211,"UKRN01","Full-time","Yes","Year 2",4,"Psychology","Female","UKRN",2,1,0,1,1,1,0,1,1,6,1,0,1,0,0,1
38,"UKRN01","Full-time","Yes","Year 1",4,"psychology","female","UKRN",2,1,1,1,1,1,0,1,1,7,0,NA,NA,0,0,1
51,"UKRN08","Full-time","Yes","Year 2",4,"pscyhology","female","UKRN",2,1,0,1,1,0,1,1,1,6,1,1,1,1,1,1
114,"UKRN08","Full-time","Yes","Year 2",3,"Bsc Psychology ","Female ","UKRN",2,1,1,1,1,0,1,1,1,7,1,1,0,1,1,1
71,"UKRN08","Full-time","Yes","Year 1",4,"Psychology","Female ","UKRN",2,1,1,1,1,1,1,1,1,8,1,1,0,1,1,1
344,"UKRN04","Full-time","Yes","Year 2",3,"Psychology ","Male","UKRN",2,1,1,1,1,1,1,0,1,7,1,1,0,0,0,1
99,"UKRN08","Full-time","No","Year 2",3,"Psychology","Female","UKRN",2,1,0,1,0,0,0,0,0,2,1,1,0,0,0,1
190,"UKRN01","Full-time","Yes","Year 1",4,"Psychology","Female","UKRN",2,1,1,1,1,0,1,0,1,6,1,1,1,1,0,1
221,"UKRN01","Full-time","Yes","Year 1",4,"Psychology Bsc","Female","UKRN",2,0,0,1,0,1,1,0,1,4,0,NA,NA,0,0,1
128,"UKRN08","Full-time","Yes","Year 1",4,"Psychology with Criminology Foundation ","Female","UKRN",2,0,0,1,0,0,0,0,1,2,1,1,0,0,0,1
75,"UKRN08","Full-time","Yes","Year 2",3,"Psychology","Female","UKRN",2,1,1,0,0,1,1,1,0,5,1,1,1,0,0,1
119,"UKRN01","Full-time","Yes","Year 2",4,"Bsc Psychology (Hons)","Female ","UKRN",2,0,0,0,0,0,0,1,0,1,0,NA,NA,0,0,1
88,"UKRN01","Full-time","Yes","Year 2",4,"Psychology BSc","female","UKRN",2,1,1,1,0,0,0,1,1,5,0,NA,NA,0,0,1
175,"UKRN01","Full-time","Yes","Year 2",4,"Psychology BSc","Male","UKRN",2,1,1,1,1,1,1,1,1,8,1,0,0,0,1,1
25,"UKRN01","Full-time","Yes","Year 2",4,"BSc Psychology","Female","UKRN",2,1,1,1,1,1,1,1,1,8,1,1,0,1,0,1
265,"UKRN01","Full-time","Yes","Year 1",3,"Psychology ","Female ","UKRN",2,0,0,1,0,0,1,0,1,3,0,NA,NA,0,0,1
188,"UKRN01","Full-time","Yes","Year 2",4,"Psychology","Female","UKRN",2,1,1,1,1,1,0,1,1,7,1,1,1,1,1,1
92,"UKRN01","Full-time","Yes","Year 2",4,"Psychology ","Female ","UKRN",2,1,1,1,0,0,1,1,1,6,0,NA,NA,1,0,1
104,"UKRN08","Full-time","No","Year 2",3,"Psychology","female","UKRN",2,1,1,0,1,0,0,1,1,5,1,1,0,0,0,1
180,"UKRN08","Full-time","Yes","Year 1",4,"BSc (Honours) Psychology","female","UKRN",2,0,0,0,1,1,0,1,0,3,1,1,0,0,1,1
267,"UKRN01","Full-time","Yes","Year 2",4,"Psychology","female","UKRN",2,1,1,1,1,1,1,1,1,8,1,1,1,0,1,1
67,"UKRN01","Full-time","Yes","Year 2",4,"Psychology","Female","UKRN",2,0,0,1,1,0,0,1,1,4,0,NA,NA,0,0,1
340,"UKRN04","Full-time","No","Year 2",3,"BSc (hons) Psychology","Female","UKRN",2,1,1,1,1,0,1,0,1,6,1,1,1,0,1,1
55,"UKRN01","Full-time","Yes","Year 1",4,"Psychology","Female","UKRN",2,0,0,1,1,0,1,0,1,4,1,0,0,0,0,1
7,"UKRN01","Full-time","Other (Please specify)","Year 1",3,"Psychology Bsc","Female","UKRN",2,1,1,1,0,0,1,0,1,5,1,0,0,1,0,1
77,"UKRN08","Full-time","Yes","Year 2",4,"Psychology","Female","UKRN",2,0,0,1,1,0,1,0,1,4,1,1,1,0,0,1
145,"UKRN08","Full-time","No","Year 1",3,"Psychology","Female","UKRN",2,0,0,1,1,0,0,0,1,3,1,1,0,0,0,1
393,"UKRN01","Full-time","Yes","Year 1",4,"Psychology","Male","UKRN",2,0,0,1,0,0,0,0,1,2,0,NA,NA,0,0,1
82,"UKRN08","Full-time","No","Year 2",3,"Psychology (Hons)","Female","UKRN",2,1,0,1,0,0,0,0,1,3,1,1,1,0,1,1
318,"UKRN01","Full-time","Yes","Year 1",4,"Psychology","Female","UKRN",2,1,1,0,0,0,0,1,1,4,0,NA,NA,0,1,1
3,"UKRN09",NA,NA,"Year 1",NA,NA,"2","UKRN",3,1,1,1,1,1,1,1,1,8,1,1,1,0,0,1
4,"UKRN09",NA,NA,"Year 2",NA,NA,"2","UKRN",3,1,1,1,1,1,1,1,1,8,0,0,NA,1,0,1
5,"UKRN09",NA,NA,"Year 2",NA,NA,"2","UKRN",3,1,1,1,1,1,1,1,1,8,0,0,NA,1,1,1
6,"UKRN09",NA,NA,"Year 2",NA,NA,"2","UKRN",3,1,1,1,1,1,1,1,1,8,1,1,0,0,1,1
8,"UKRN09",NA,NA,"Year 2",NA,NA,"2","UKRN",3,1,1,1,1,1,1,1,1,8,1,0,1,0,0,1
9,"UKRN09",NA,NA,"Year 2",NA,NA,"2","UKRN",3,1,1,1,1,1,1,1,1,8,0,0,NA,0,0,1
10,"UKRN09",NA,NA,"Year 2",NA,NA,"2","UKRN",3,1,1,1,1,1,1,1,1,8,0,0,NA,1,1,1
12,"UKRN09",NA,NA,"Year 2",NA,NA,"2","UKRN",3,1,1,1,1,1,1,1,1,8,1,1,1,1,1,1
13,"UKRN09",NA,NA,"Year 1",NA,NA,"2","UKRN",3,1,1,1,1,1,1,1,1,8,0,0,NA,0,0,1
14,"UKRN09",NA,NA,"Year 2",NA,NA,"2","UKRN",3,1,1,1,1,1,1,1,1,8,1,1,0,1,1,1
15,"UKRN09",NA,NA,"Year 2",NA,NA,"1","UKRN",3,1,1,1,1,1,1,1,1,8,1,1,0,0,0,1
16,"UKRN09",NA,NA,"Year 2",NA,NA,"2","UKRN",3,1,1,1,1,1,1,1,1,8,0,0,NA,1,0,1
17,"UKRN09",NA,NA,"Year 1",NA,NA,"2","UKRN",3,1,1,1,1,1,1,1,1,8,1,1,1,1,1,1
18,"UKRN09",NA,NA,"Year 1",NA,NA,"2","UKRN",3,1,1,1,1,1,1,1,1,8,1,1,0,1,1,1
19,"UKRN09",NA,NA,"Year 2",NA,NA,"2","UKRN",3,1,1,1,1,1,1,1,1,8,1,0,0,0,0,1
20,"UKRN09",NA,NA,"Year 2",NA,NA,"2","UKRN",3,1,1,1,1,1,1,1,1,8,1,1,1,0,1,1
21,"UKRN09",NA,NA,"Year 2",NA,NA,"2","UKRN",3,1,1,1,1,1,1,1,1,8,0,0,NA,1,0,1
23,"UKRN09",NA,NA,"Year 2",NA,NA,"2","UKRN",3,1,1,1,1,1,1,1,1,8,0,0,NA,1,0,1
24,"UKRN09",NA,NA,"Year 2",NA,NA,"2","UKRN",3,1,1,1,1,1,1,1,1,8,1,0,1,1,0,1
27,"UKRN09",NA,NA,"Year 2",NA,NA,"2","UKRN",3,1,1,1,1,1,1,1,1,8,1,1,1,1,1,1
28,"UKRN09",NA,NA,"Year 2",NA,NA,"1","UKRN",3,1,1,1,1,1,1,1,1,8,0,0,NA,1,0,1
29,"UKRN09",NA,NA,"Year 1",NA,NA,"1","UKRN",3,1,1,1,1,1,1,1,1,8,1,1,1,0,1,1
30,"UKRN09",NA,NA,"Year 1",NA,NA,"1","UKRN",3,1,1,1,1,1,1,1,1,8,0,0,NA,0,1,1
31,"UKRN09",NA,NA,"Year 2",NA,NA,"2","UKRN",3,1,1,1,1,1,1,1,1,8,0,0,NA,0,0,1
32,"UKRN09",NA,NA,"Year 2",NA,NA,"2","UKRN",3,1,1,1,1,1,1,1,1,8,1,1,1,1,1,1
34,"UKRN09",NA,NA,"Year 1",NA,NA,"2","UKRN",3,1,1,1,1,1,1,1,1,8,0,0,NA,1,0,1
37,"UKRN09",NA,NA,"Year 1",NA,NA,"2","UKRN",3,1,1,1,1,1,1,1,1,8,1,1,0,0,0,1
39,"UKRN09",NA,NA,"Year 1",NA,NA,"2","UKRN",3,1,1,1,1,1,1,1,1,8,1,1,1,1,1,1
40,"UKRN09",NA,NA,"Year 2",NA,NA,"2","UKRN",3,1,1,1,1,1,1,1,1,8,0,0,NA,0,0,1
43,"UKRN09",NA,NA,"Year 2",NA,NA,"2","UKRN",3,1,1,1,1,1,1,1,1,8,1,0,1,0,1,1
45,"UKRN09",NA,NA,"Year 1",NA,NA,"2","UKRN",3,1,1,1,1,1,1,1,1,8,0,0,NA,0,0,1
46,"UKRN09",NA,NA,"Year 1",NA,NA,"1","UKRN",3,1,1,1,1,1,1,1,1,8,0,0,NA,0,0,1
47,"UKRN09",NA,NA,"Year 2",NA,NA,"2","UKRN",3,1,1,1,1,1,1,1,1,8,0,0,NA,1,0,1
48,"UKRN09",NA,NA,"Year 1",NA,NA,"1","UKRN",3,1,1,1,1,1,1,1,1,8,1,0,1,0,0,1
50,"UKRN09",NA,NA,"Year 1",NA,NA,"1","UKRN",3,1,1,1,1,1,1,1,1,8,1,1,1,0,1,1
51,"UKRN09",NA,NA,"Year 1",NA,NA,"2","UKRN",3,1,1,1,1,1,1,1,1,8,1,1,0,0,0,1
53,"UKRN09",NA,NA,"Year 1",NA,NA,"1","UKRN",3,1,1,1,1,1,1,1,1,8,1,0,1,0,0,1
54,"UKRN09",NA,NA,"Year 1",NA,NA,"2","UKRN",3,1,1,1,1,1,1,1,1,8,1,1,1,1,1,1
55,"UKRN09",NA,NA,"Year 1",NA,NA,"1","UKRN",3,1,1,1,1,1,1,1,1,8,1,1,1,0,1,1
56,"UKRN09",NA,NA,"Year 1",NA,NA,"2","UKRN",3,1,1,1,1,1,1,1,1,8,1,1,1,1,1,1
58,"UKRN09",NA,NA,"Year 1",NA,NA,"3","UKRN",3,1,1,1,1,1,1,1,1,8,1,1,1,0,0,1
59,"UKRN09",NA,NA,"Year 2",NA,NA,"1","UKRN",3,1,1,1,1,1,1,1,1,8,0,0,NA,1,1,1
60,"UKRN09",NA,NA,"Year 2",NA,NA,"2","UKRN",3,1,1,1,1,1,1,1,1,8,0,0,NA,1,0,1
63,"UKRN09",NA,NA,"Year 1",NA,NA,"2","UKRN",3,1,1,1,1,1,1,1,1,8,0,0,NA,0,1,1
64,"UKRN09",NA,NA,"Year 1",NA,NA,"2","UKRN",3,1,1,1,1,1,1,1,1,8,1,1,1,1,0,1
65,"UKRN09",NA,NA,"Year 2",NA,NA,"2","UKRN",3,1,1,1,1,1,1,1,1,8,0,0,NA,0,0,1
66,"UKRN09",NA,NA,"Year 1",NA,NA,"2","UKRN",3,1,1,1,1,1,1,1,1,8,0,0,NA,0,0,1
68,"UKRN09",NA,NA,"Year 1",NA,NA,"2","UKRN",3,1,1,1,1,1,1,1,1,8,1,1,0,0,1,1
70,"UKRN09",NA,NA,"Year 1",NA,NA,"1","UKRN",3,1,1,1,1,1,1,1,1,8,1,1,0,1,1,1
71,"UKRN09",NA,NA,"Year 1",NA,NA,"2","UKRN",3,1,1,1,1,1,1,1,1,8,1,1,0,0,0,1
73,"UKRN09",NA,NA,"Year 1",NA,NA,"2","UKRN",3,1,1,1,1,1,1,1,1,8,1,1,0,1,1,1
76,"UKRN09",NA,NA,"Year 1",NA,NA,"2","UKRN",3,1,1,1,1,1,1,1,1,8,1,1,1,1,1,1
82,"UKRN09",NA,NA,"Year 2",NA,NA,"2","UKRN",3,1,1,1,1,1,1,1,1,8,1,1,0,0,0,1
83,"UKRN09",NA,NA,"Year 1",NA,NA,"2","UKRN",3,1,1,1,1,1,1,1,1,8,1,0,0,0,0,1
85,"UKRN09",NA,NA,"Year 2",NA,NA,"2","UKRN",3,1,1,1,1,1,1,1,1,8,1,0,1,1,0,1
91,"UKRN09",NA,NA,"Year 1",NA,NA,"2","UKRN",3,1,1,1,1,1,1,1,1,8,0,0,NA,1,0,1
93,"UKRN09",NA,NA,"Year 1",NA,NA,"2","UKRN",3,1,1,1,1,1,1,1,1,8,0,0,NA,0,0,1
97,"UKRN09",NA,NA,"Year 1",NA,NA,"2","UKRN",3,1,1,1,1,1,1,1,1,8,1,1,0,0,1,1
100,"UKRN09",NA,NA,"Year 2",NA,NA,"2","UKRN",3,1,1,1,1,1,1,1,1,8,0,0,NA,0,0,1
101,"UKRN09",NA,NA,"Year 1",NA,NA,"2","UKRN",3,1,1,1,1,1,1,1,1,8,1,1,1,1,1,1
106,"UKRN09",NA,NA,"Year 2",NA,NA,"2","UKRN",3,1,1,1,1,1,1,1,1,8,0,0,NA,1,1,1
107,"UKRN09",NA,NA,"Year 2",NA,NA,"2","UKRN",3,1,1,1,1,1,1,1,1,8,1,1,0,1,1,1
109,"UKRN09",NA,NA,"Year 2",NA,NA,"2","UKRN",3,1,1,1,1,1,1,1,1,8,1,0,0,1,0,1
110,"UKRN09",NA,NA,"Year 2",NA,NA,"1","UKRN",3,1,1,1,1,1,1,1,1,8,1,1,0,0,0,1
111,"UKRN09",NA,NA,"Year 1",NA,NA,"1","UKRN",3,1,1,1,1,1,1,1,1,8,1,1,1,1,1,1
112,"UKRN09",NA,NA,"Year 2",NA,NA,"2","UKRN",3,1,1,1,1,1,1,1,1,8,0,0,NA,1,1,1
113,"UKRN09",NA,NA,"Year 2",NA,NA,"2","UKRN",3,1,1,1,1,1,1,1,1,8,0,0,NA,0,0,1
114,"UKRN09",NA,NA,"Year 2",NA,NA,"2","UKRN",3,1,1,1,1,1,1,1,1,8,1,1,1,0,0,1
122,"UKRN09",NA,NA,"Year 2",NA,NA,"2","UKRN",3,1,1,1,1,1,1,1,1,8,1,0,1,0,1,1
123,"UKRN09",NA,NA,"Year 2",NA,NA,"2","UKRN",3,1,1,1,1,1,1,1,1,8,1,1,0,1,1,1
124,"UKRN09",NA,NA,"Year 2",NA,NA,"2","UKRN",3,1,1,1,1,1,1,1,1,8,1,1,1,1,1,1
125,"UKRN09",NA,NA,"Year 2",NA,NA,"2","UKRN",3,1,1,1,1,1,1,1,1,8,1,1,1,0,0,1
126,"UKRN09",NA,NA,"Year 1",NA,NA,"2","UKRN",3,1,1,1,1,1,1,1,1,8,1,1,1,1,1,1
128,"UKRN09",NA,NA,"Year 2",NA,NA,"2","UKRN",3,1,1,1,1,1,1,1,1,8,1,1,1,0,1,1
129,"UKRN09",NA,NA,"Year 2",NA,NA,"2","UKRN",3,1,1,1,1,1,1,1,1,8,0,0,NA,1,0,1
132,"UKRN09",NA,NA,"Year 1",NA,NA,"2","UKRN",3,1,1,1,1,1,1,1,1,8,1,1,1,1,1,1
135,"UKRN09",NA,NA,"Year 2",NA,NA,"2","UKRN",3,1,1,1,1,1,1,1,1,8,0,0,NA,1,1,1
137,"UKRN09",NA,NA,"Year 1",NA,NA,"2","UKRN",3,1,1,1,1,1,1,1,1,8,1,1,0,0,0,1
138,"UKRN09",NA,NA,"Year 2",NA,NA,"2","UKRN",3,1,1,1,1,1,1,1,1,8,0,0,NA,1,0,1
139,"UKRN09",NA,NA,"Year 1",NA,NA,"2","UKRN",3,1,1,1,1,1,1,1,1,8,1,1,0,0,1,1
141,"UKRN09",NA,NA,"Year 1",NA,NA,"2","UKRN",3,1,1,1,1,1,1,1,1,8,1,0,0,0,0,1
143,"UKRN09",NA,NA,"Year 1",NA,NA,"2","UKRN",3,1,1,1,1,1,1,1,1,8,0,0,NA,0,0,1
145,"UKRN09",NA,NA,"Year 2",NA,NA,"2","UKRN",3,1,1,1,1,1,1,1,1,8,1,1,0,1,1,1
146,"UKRN09",NA,NA,"Year 1",NA,NA,"2","UKRN",3,1,1,1,1,1,1,1,1,8,0,0,NA,0,0,1
268,"UKRN06",NA,NA,"Year 2",NA,NA,"2","UKRN",3,1,1,1,1,1,1,1,1,8,1,1,0,1,1,1
270,"UKRN06",NA,NA,"Year 2",NA,NA,"2","UKRN",3,1,1,1,1,1,1,1,1,8,1,1,1,1,1,1
271,"UKRN06",NA,NA,"Year 2",NA,NA,"2","UKRN",3,1,1,1,1,1,1,1,1,8,1,1,0,1,1,1
272,"UKRN06",NA,NA,"Year 1",NA,NA,"1","UKRN",3,1,1,1,1,1,1,1,1,8,1,0,0,1,1,1
273,"UKRN06",NA,NA,"Year 2",NA,NA,"1","UKRN",3,1,1,1,1,1,1,1,1,8,1,1,1,0,0,1
274,"UKRN06",NA,NA,"Year 1",NA,NA,"2","UKRN",3,1,1,1,1,1,1,1,1,8,1,1,0,0,0,1
277,"UKRN06",NA,NA,"Year 2",NA,NA,"2","UKRN",3,1,1,1,1,1,1,1,1,8,1,1,1,0,0,1
279,"UKRN06",NA,NA,"Year 1",NA,NA,"2","UKRN",3,1,1,1,1,1,1,1,1,8,0,0,NA,1,0,1
283,"UKRN06",NA,NA,"Year 2",NA,NA,"2","UKRN",3,1,1,1,1,1,1,1,1,8,1,1,1,1,1,1
284,"UKRN06",NA,NA,"Year 1",NA,NA,"2","UKRN",3,1,1,1,1,1,1,1,1,8,0,0,NA,0,1,1
285,"UKRN06",NA,NA,"Year 2",NA,NA,"2","UKRN",3,1,1,1,1,1,1,1,1,8,1,1,0,0,0,1
289,"UKRN06",NA,NA,"Year 2",NA,NA,"2","UKRN",3,1,1,1,1,1,1,1,1,8,0,0,NA,0,0,1
291,"UKRN06",NA,NA,"Year 2",NA,NA,"2","UKRN",3,1,1,1,1,1,1,1,1,8,1,1,0,0,1,1
293,"UKRN06",NA,NA,"Year 1",NA,NA,"2","UKRN",3,1,1,1,1,1,1,1,1,8,1,0,0,0,1,1
297,"UKRN06",NA,NA,"Year 1",NA,NA,"1","UKRN",3,1,1,1,1,1,1,1,1,8,0,0,NA,0,0,1
298,"UKRN06",NA,NA,"Year 1",NA,NA,"2","UKRN",3,1,1,1,1,1,1,1,1,8,0,0,NA,1,1,1
300,"UKRN06",NA,NA,"Year 1",NA,NA,"2","UKRN",3,1,1,1,1,1,1,1,1,8,1,0,0,0,0,1
304,"UKRN06",NA,NA,"Year 2",NA,NA,"1","UKRN",3,1,1,1,1,1,1,1,1,8,1,1,1,1,1,1
309,"UKRN06",NA,NA,"Year 2",NA,NA,"2","UKRN",3,1,1,1,1,1,1,1,1,8,1,1,0,1,0,1
310,"UKRN06",NA,NA,"Year 1",NA,NA,"2","UKRN",3,1,1,1,1,1,1,1,1,8,0,0,NA,0,1,1
311,"UKRN06",NA,NA,"Year 1",NA,NA,"2","UKRN",3,1,1,1,1,1,1,1,1,8,1,1,1,0,0,1
314,"UKRN06",NA,NA,"Year 1",NA,NA,"2","UKRN",3,1,1,1,1,1,1,1,1,8,0,0,NA,0,0,1
315,"UKRN06",NA,NA,"Year 1",NA,NA,"2","UKRN",3,1,1,1,1,1,1,1,1,8,1,1,1,0,0,1
316,"UKRN06",NA,NA,"Year 2",NA,NA,"2","UKRN",3,1,1,1,1,1,1,1,1,8,0,0,NA,0,0,1
320,"UKRN06",NA,NA,"Year 2",NA,NA,"1","UKRN",3,1,1,1,1,1,1,1,1,8,1,1,1,1,1,1
325,"UKRN06",NA,NA,"Year 1",NA,NA,"2","UKRN",3,1,1,1,1,1,1,1,1,8,1,1,1,1,1,1
328,"UKRN06",NA,NA,"Year 1",NA,NA,"2","UKRN",3,1,1,1,1,1,1,1,1,8,1,1,0,0,0,1
329,"UKRN06",NA,NA,"Year 2",NA,NA,"2","UKRN",3,1,1,1,1,1,1,1,1,8,1,1,0,0,1,1
330,"UKRN06",NA,NA,"Year 1",NA,NA,"1","UKRN",3,1,1,1,1,1,1,1,1,8,1,0,0,0,0,1
331,"UKRN06",NA,NA,"Year 2",NA,NA,"2","UKRN",3,1,1,1,1,1,1,1,1,8,1,1,0,1,1,1
334,"UKRN06",NA,NA,"Year 1",NA,NA,"2","UKRN",3,1,1,1,1,1,1,1,1,8,0,0,NA,0,0,1
339,"UKRN06",NA,NA,"Year 1",NA,NA,"2","UKRN",3,1,1,1,1,1,1,1,1,8,1,1,0,0,0,1
340,"UKRN06",NA,NA,"Year 2",NA,NA,"2","UKRN",3,1,1,1,1,1,1,1,1,8,1,1,0,1,1,1
346,"UKRN06",NA,NA,"Year 1",NA,NA,"2","UKRN",3,1,1,1,1,1,1,1,1,8,1,0,0,1,0,1
354,"UKRN06",NA,NA,"Year 2",NA,NA,"1","UKRN",3,1,1,1,1,1,1,1,1,8,1,0,0,0,1,1
356,"UKRN06",NA,NA,"Year 1",NA,NA,"1","UKRN",3,1,1,1,1,1,1,1,1,8,0,0,NA,1,1,1
359,"UKRN06",NA,NA,"Year 1",NA,NA,"2","UKRN",3,1,1,1,1,1,1,1,1,8,1,1,0,1,1,1
360,"UKRN06",NA,NA,"Year 2",NA,NA,"2","UKRN",3,1,1,1,1,1,1,1,1,8,1,1,1,0,1,1
365,"UKRN06",NA,NA,"Year 2",NA,NA,"2","UKRN",3,1,1,1,1,1,1,1,1,8,0,0,NA,0,0,1
367,"UKRN06",NA,NA,"Year 2",NA,NA,"2","UKRN",3,1,1,1,1,1,1,1,1,8,1,1,0,1,1,1
369,"UKRN06",NA,NA,"Year 1",NA,NA,"2","UKRN",3,1,1,1,1,1,1,1,1,8,1,1,1,1,0,1
371,"UKRN06",NA,NA,"Year 1",NA,NA,"1","UKRN",3,1,1,1,1,1,1,1,1,8,1,1,1,0,0,1
373,"UKRN06",NA,NA,"Year 1",NA,NA,"2","UKRN",3,1,1,1,1,1,1,1,1,8,1,1,0,1,1,1
374,"UKRN06",NA,NA,"Year 1",NA,NA,"2","UKRN",3,1,1,1,1,1,1,1,1,8,0,0,NA,0,0,1
376,"UKRN06",NA,NA,"Year 1",NA,NA,"2","UKRN",3,1,1,1,1,1,1,1,1,8,1,1,1,1,1,1
377,"UKRN06",NA,NA,"Year 1",NA,NA,"2","UKRN",3,1,1,1,1,1,1,1,1,8,1,1,1,0,0,1
379,"UKRN06",NA,NA,"Year 2",NA,NA,"1","UKRN",3,1,1,1,1,1,1,1,1,8,0,0,NA,1,1,1
385,"UKRN06",NA,NA,"Year 2",NA,NA,"2","UKRN",3,1,1,1,1,1,1,1,1,8,1,0,0,1,0,1
386,"UKRN06",NA,NA,"Year 1",NA,NA,"1","UKRN",3,1,1,1,1,1,1,1,1,8,0,0,NA,1,1,1
388,"UKRN06",NA,NA,"Year 1",NA,NA,"2","UKRN",3,1,1,1,1,1,1,1,1,8,0,0,NA,0,0,1
389,"UKRN06",NA,NA,"Year 2",NA,NA,"2","UKRN",3,1,1,1,1,1,1,1,1,8,1,1,1,1,1,1
393,"UKRN06",NA,NA,"Year 2",NA,NA,"2","UKRN",3,1,1,1,1,1,1,1,1,8,1,1,0,0,0,1
398,"UKRN06",NA,NA,"Year 2",NA,NA,"2","UKRN",3,1,1,1,1,1,1,1,1,8,1,1,1,0,1,1
399,"UKRN06",NA,NA,"Year 1",NA,NA,"2","UKRN",3,1,1,1,1,1,1,1,1,8,1,1,1,0,1,1
403,"UKRN06",NA,NA,"Year 1",NA,NA,"1","UKRN",3,1,1,1,1,1,1,1,1,8,0,0,NA,0,0,1
405,"UKRN06",NA,NA,"Year 2",NA,NA,"2","UKRN",3,1,1,1,1,1,1,1,1,8,1,1,0,1,1,1
407,"UKRN06",NA,NA,"Year 2",NA,NA,"2","UKRN",3,1,1,1,1,1,1,1,1,8,1,1,1,0,1,1
409,"UKRN06",NA,NA,"Year 1",NA,NA,"1","UKRN",3,1,1,1,1,1,1,1,1,8,0,0,NA,1,1,1
412,"UKRN06",NA,NA,"Year 2",NA,NA,"2","UKRN",3,1,1,1,1,1,1,1,1,8,1,1,1,0,0,1
413,"UKRN06",NA,NA,"Year 1",NA,NA,"2","UKRN",3,1,1,1,1,1,1,1,1,8,0,0,NA,1,0,1
414,"UKRN06",NA,NA,"Year 2",NA,NA,"1","UKRN",3,1,1,1,1,1,1,1,1,8,1,1,1,1,1,1
415,"UKRN06",NA,NA,"Year 1",NA,NA,"2","UKRN",3,1,1,1,1,1,1,1,1,8,1,1,1,0,1,1
417,"UKRN06",NA,NA,"Year 2",NA,NA,"2","UKRN",3,1,1,1,1,1,1,1,1,8,1,1,1,1,1,1
418,"UKRN06",NA,NA,"Year 1",NA,NA,"2","UKRN",3,1,1,1,1,1,1,1,1,8,0,0,NA,1,1,1
423,"UKRN06",NA,NA,"Year 1",NA,NA,"2","UKRN",3,1,1,1,1,1,1,1,1,8,1,1,1,0,0,1
427,"UKRN06",NA,NA,"Year 2",NA,NA,"2","UKRN",3,1,1,1,1,1,1,1,1,8,1,1,1,1,1,1
428,"UKRN06",NA,NA,"Year 1",NA,NA,"2","UKRN",3,1,1,1,1,1,1,1,1,8,0,0,NA,1,1,1
429,"UKRN06",NA,NA,"Year 2",NA,NA,"2","UKRN",3,1,1,1,1,1,1,1,1,8,1,1,0,1,1,1
475,"UKRN01",NA,NA,"Year 2",NA,NA,"2","UKRN",3,1,1,1,1,1,1,1,1,8,1,1,1,1,1,1
476,"UKRN01",NA,NA,"Year 2",NA,NA,"2","UKRN",3,1,1,1,1,1,1,1,1,8,1,1,1,0,0,1
478,"UKRN01",NA,NA,"Year 1",NA,NA,"2","UKRN",3,1,1,1,1,1,1,1,1,8,0,0,NA,0,0,1
480,"UKRN01",NA,NA,"Year 1",NA,NA,"2","UKRN",3,1,1,1,1,1,1,1,1,8,0,0,NA,1,1,1
482,"UKRN01",NA,NA,"Year 1",NA,NA,"3","UKRN",3,1,1,1,1,1,1,1,1,8,0,0,NA,1,0,1
483,"UKRN01",NA,NA,"Year 1",NA,NA,"2","UKRN",3,1,1,1,1,1,1,1,1,8,0,0,NA,1,0,1
488,"UKRN01",NA,NA,"Year 1",NA,NA,"2","UKRN",3,1,1,1,1,1,1,1,1,8,1,0,0,0,0,1
491,"UKRN01",NA,NA,"Year 1",NA,NA,"2","UKRN",3,1,1,1,1,1,1,1,1,8,0,0,NA,0,0,1
492,"UKRN01",NA,NA,"Year 2",NA,NA,"2","UKRN",3,1,1,1,1,1,1,1,1,8,1,1,1,0,0,1
493,"UKRN01",NA,NA,"Year 1",NA,NA,"2","UKRN",3,1,1,1,1,1,1,1,1,8,0,0,NA,0,0,1
496,"UKRN01",NA,NA,"Year 1",NA,NA,"1","UKRN",3,1,1,1,1,1,1,1,1,8,0,0,NA,1,1,1
500,"UKRN01",NA,NA,"Year 2",NA,NA,"2","UKRN",3,1,1,1,1,1,1,1,1,8,0,0,NA,0,1,1
501,"UKRN01",NA,NA,"Year 2",NA,NA,"2","UKRN",3,1,1,1,1,1,1,1,1,8,1,1,0,0,0,1
503,"UKRN01",NA,NA,"Year 2",NA,NA,"2","UKRN",3,1,1,1,1,1,1,1,1,8,1,1,1,1,1,1
504,"UKRN01",NA,NA,"Year 1",NA,NA,"2","UKRN",3,1,1,1,1,1,1,1,1,8,0,0,NA,0,0,1
506,"UKRN01",NA,NA,"Year 2",NA,NA,"2","UKRN",3,1,1,1,1,1,1,1,1,8,0,0,NA,1,1,1
511,"UKRN01",NA,NA,"Year 2",NA,NA,"2","UKRN",3,1,1,1,1,1,1,1,1,8,0,0,NA,1,1,1
517,"UKRN01",NA,NA,"Year 2",NA,NA,"2","UKRN",3,1,1,1,1,1,1,1,1,8,1,0,1,0,0,1
520,"UKRN01",NA,NA,"Year 1",NA,NA,"1","UKRN",3,1,1,1,1,1,1,1,1,8,0,0,NA,1,0,1
523,"UKRN01",NA,NA,"Year 2",NA,NA,"2","UKRN",3,1,1,1,1,1,1,1,1,8,1,1,1,0,1,1
524,"UKRN01",NA,NA,"Year 2",NA,NA,"2","UKRN",3,1,1,1,1,1,1,1,1,8,0,0,NA,0,1,1
526,"UKRN01",NA,NA,"Year 2",NA,NA,"2","UKRN",3,1,1,1,1,1,1,1,1,8,1,1,1,1,1,1
528,"UKRN01",NA,NA,"Year 1",NA,NA,"2","UKRN",3,1,1,1,1,1,1,1,1,8,0,0,NA,1,1,1
529,"UKRN01",NA,NA,"Year 2",NA,NA,"2","UKRN",3,1,1,1,1,1,1,1,1,8,1,1,0,0,0,1
532,"UKRN01",NA,NA,"Year 2",NA,NA,"2","UKRN",3,1,1,1,1,1,1,1,1,8,1,1,0,0,0,1
533,"UKRN01",NA,NA,"Year 1",NA,NA,"2","UKRN",3,1,1,1,1,1,1,1,1,8,0,0,NA,0,0,1
538,"UKRN08",NA,NA,"Year 1",NA,NA,"2","UKRN",3,1,1,1,1,1,1,1,1,8,0,0,NA,0,0,1
543,"UKRN08",NA,NA,"Year 2",NA,NA,"2","UKRN",3,1,1,1,1,1,1,1,1,8,1,1,1,0,0,1
544,"UKRN08",NA,NA,"Year 1",NA,NA,"2","UKRN",3,1,1,1,1,1,1,1,1,8,1,1,0,0,1,1
546,"UKRN08",NA,NA,"Year 2",NA,NA,"2","UKRN",3,1,1,1,1,1,1,1,1,8,1,1,1,0,1,1
548,"UKRN08",NA,NA,"Year 2",NA,NA,"1","UKRN",3,1,1,1,1,1,1,1,1,8,1,1,1,0,0,1
549,"UKRN08",NA,NA,"Year 2",NA,NA,"1","UKRN",3,1,1,1,1,1,1,1,1,8,1,1,1,0,0,1
550,"UKRN08",NA,NA,"Year 2",NA,NA,"2","UKRN",3,1,1,1,1,1,1,1,1,8,0,0,NA,0,0,1
551,"UKRN08",NA,NA,"Year 2",NA,NA,"2","UKRN",3,1,1,1,1,1,1,1,1,8,1,1,0,0,1,1
552,"UKRN08",NA,NA,"Year 2",NA,NA,"2","UKRN",3,1,1,1,1,1,1,1,1,8,0,0,NA,0,0,1
556,"UKRN08",NA,NA,"Year 1",NA,NA,"2","UKRN",3,1,1,1,1,1,1,1,1,8,0,0,NA,0,0,1
558,"UKRN08",NA,NA,"Year 1",NA,NA,"2","UKRN",3,1,1,1,1,1,1,1,1,8,1,1,1,1,1,1
559,"UKRN08",NA,NA,"Year 2",NA,NA,"2","UKRN",3,1,1,1,1,1,1,1,1,8,1,1,1,1,1,1
561,"UKRN08",NA,NA,"Year 1",NA,NA,"2","UKRN",3,1,1,1,1,1,1,1,1,8,1,1,1,1,1,1
562,"UKRN08",NA,NA,"Year 1",NA,NA,"2","UKRN",3,1,1,1,1,1,1,1,1,8,1,1,1,1,1,1
563,"UKRN08",NA,NA,"Year 1",NA,NA,"2","UKRN",3,1,1,1,1,1,1,1,1,8,1,1,1,0,1,1
565,"UKRN08",NA,NA,"Year 2",NA,NA,"2","UKRN",3,1,1,1,1,1,1,1,1,8,1,1,0,1,1,1
566,"UKRN08",NA,NA,"Year 1",NA,NA,"1","UKRN",3,1,1,1,1,1,1,1,1,8,1,1,1,0,0,1
567,"UKRN08",NA,NA,"Year 1",NA,NA,"2","UKRN",3,1,1,1,1,1,1,1,1,8,1,1,0,0,0,1
568,"UKRN08",NA,NA,"Year 1",NA,NA,"2","UKRN",3,1,1,1,1,1,1,1,1,8,1,1,0,1,1,1
569,"UKRN08",NA,NA,"Year 1",NA,NA,"2","UKRN",3,1,1,1,1,1,1,1,1,8,1,1,1,0,0,1
570,"UKRN08",NA,NA,"Year 1",NA,NA,"2","UKRN",3,1,1,1,1,1,1,1,1,8,1,1,0,0,0,1
571,"UKRN08",NA,NA,"Year 2",NA,NA,"2","UKRN",3,1,1,1,1,1,1,1,1,8,1,1,1,1,1,1
574,"UKRN08",NA,NA,"Year 1",NA,NA,"2","UKRN",3,1,1,1,1,1,1,1,1,8,1,1,0,1,1,1
576,"UKRN08",NA,NA,"Year 1",NA,NA,"2","UKRN",3,1,1,1,1,1,1,1,1,8,1,1,0,0,1,1
577,"UKRN08",NA,NA,"Year 1",NA,NA,"2","UKRN",3,1,1,1,1,1,1,1,1,8,1,1,0,0,0,1
578,"UKRN08",NA,NA,"Year 1",NA,NA,"2","UKRN",3,1,1,1,1,1,1,1,1,8,0,0,NA,0,0,1
579,"UKRN08",NA,NA,"Year 2",NA,NA,"2","UKRN",3,1,1,1,1,1,1,1,1,8,0,0,NA,0,0,1
581,"UKRN08",NA,NA,"Year 1",NA,NA,"2","UKRN",3,1,1,1,1,1,1,1,1,8,0,0,NA,0,0,1
582,"UKRN08",NA,NA,"Year 1",NA,NA,"2","UKRN",3,1,1,1,1,1,1,1,1,8,1,1,0,1,1,1
584,"UKRN08",NA,NA,"Year 1",NA,NA,"2","UKRN",3,1,1,1,1,1,1,1,1,8,1,1,0,0,0,1
585,"UKRN08",NA,NA,"Year 2",NA,NA,"2","UKRN",3,1,1,1,1,1,1,1,1,8,1,0,1,0,0,1
586,"UKRN08",NA,NA,"Year 1",NA,NA,"2","UKRN",3,1,1,1,1,1,1,1,1,8,1,1,1,1,1,1
588,"UKRN08",NA,NA,"Year 1",NA,NA,"2","UKRN",3,1,1,1,1,1,1,1,1,8,1,1,0,1,1,1
591,"UKRN08",NA,NA,"Year 1",NA,NA,"2","UKRN",3,1,1,1,1,1,1,1,1,8,0,0,NA,1,0,1
592,"UKRN08",NA,NA,"Year 1",NA,NA,"2","UKRN",3,1,1,1,1,1,1,1,1,8,1,1,1,1,1,1
593,"UKRN08",NA,NA,"Year 2",NA,NA,"1","UKRN",3,1,1,1,1,1,1,1,1,8,0,0,NA,0,0,1
594,"UKRN08",NA,NA,"Year 1",NA,NA,"2","UKRN",3,1,1,1,1,1,1,1,1,8,1,1,1,0,1,1
600,"UKRN08",NA,NA,"Year 2",NA,NA,"2","UKRN",3,1,1,1,1,1,1,1,1,8,1,1,1,0,0,1
601,"UKRN08",NA,NA,"Year 1",NA,NA,"2","UKRN",3,1,1,1,1,1,1,1,1,8,1,1,1,1,1,1
602,"UKRN08",NA,NA,"Year 1",NA,NA,"2","UKRN",3,1,1,1,1,1,1,1,1,8,1,1,1,0,1,1
604,"UKRN08",NA,NA,"Year 1",NA,NA,"2","UKRN",3,1,1,1,1,1,1,1,1,8,1,1,1,1,1,1
605,"UKRN08",NA,NA,"Year 2",NA,NA,"2","UKRN",3,1,1,1,1,1,1,1,1,8,1,1,1,0,0,1
610,"UKRN08",NA,NA,"Year 1",NA,NA,"1","UKRN",3,1,1,1,1,1,1,1,1,8,0,0,NA,0,0,1
612,"UKRN08",NA,NA,"Year 1",NA,NA,"2","UKRN",3,1,1,1,1,1,1,1,1,8,1,1,1,1,1,1
614,"UKRN08",NA,NA,"Year 1",NA,NA,"1","UKRN",3,1,1,1,1,1,1,1,1,8,0,0,NA,1,1,1
615,"UKRN08",NA,NA,"Year 1",NA,NA,"3","UKRN",3,1,1,1,1,1,1,1,1,8,1,0,0,0,1,1
616,"UKRN08",NA,NA,"Year 1",NA,NA,"2","UKRN",3,1,1,1,1,1,1,1,1,8,1,1,0,1,1,1
617,"UKRN08",NA,NA,"Year 2",NA,NA,"2","UKRN",3,1,1,1,1,1,1,1,1,8,0,0,NA,0,0,1
622,"UKRN08",NA,NA,"Year 1",NA,NA,"1","UKRN",3,1,1,1,1,1,1,1,1,8,0,0,NA,0,0,1
623,"UKRN08",NA,NA,"Year 1",NA,NA,"2","UKRN",3,1,1,1,1,1,1,1,1,8,0,0,NA,0,1,1
624,"UKRN08",NA,NA,"Year 1",NA,NA,"2","UKRN",3,1,1,1,1,1,1,1,1,8,1,1,0,1,1,1
629,"UKRN08",NA,NA,"Year 1",NA,NA,"2","UKRN",3,1,1,1,1,1,1,1,1,8,1,1,1,0,1,1
630,"UKRN08",NA,NA,"Year 1",NA,NA,"2","UKRN",3,1,1,1,1,1,1,1,1,8,1,1,1,1,1,1
632,"UKRN08",NA,NA,"Year 2",NA,NA,"2","UKRN",3,1,1,1,1,1,1,1,1,8,1,1,1,0,0,1
634,"UKRN08",NA,NA,"Year 1",NA,NA,"2","UKRN",3,1,1,1,1,1,1,1,1,8,1,1,0,1,0,1
637,"UKRN08",NA,NA,"Year 1",NA,NA,"2","UKRN",3,1,1,1,1,1,1,1,1,8,1,1,0,1,1,1
639,"UKRN08",NA,NA,"Year 1",NA,NA,"2","UKRN",3,1,1,1,1,1,1,1,1,8,1,1,0,0,1,1
640,"UKRN08",NA,NA,"Year 2",NA,NA,"2","UKRN",3,1,1,1,1,1,1,1,1,8,1,1,1,0,0,1
641,"UKRN08",NA,NA,"Year 2",NA,NA,"2","UKRN",3,1,1,1,1,1,1,1,1,8,1,1,0,0,0,1
643,"UKRN08",NA,NA,"Year 1",NA,NA,"1","UKRN",3,1,1,1,1,1,1,1,1,8,1,1,1,0,0,1
644,"UKRN08",NA,NA,"Year 2",NA,NA,"1","UKRN",3,1,1,1,1,1,1,1,1,8,0,0,NA,1,0,1
648,"UKRN08",NA,NA,"Year 1",NA,NA,"1","UKRN",3,1,1,1,1,1,1,1,1,8,1,1,1,1,1,1
650,"UKRN08",NA,NA,"Year 2",NA,NA,"2","UKRN",3,1,1,1,1,1,1,1,1,8,1,1,0,0,0,1
652,"UKRN08",NA,NA,"Year 1",NA,NA,"2","UKRN",3,1,1,1,1,1,1,1,1,8,1,1,0,1,1,1
653,"UKRN08",NA,NA,"Year 2",NA,NA,"1","UKRN",3,1,1,1,1,1,1,1,1,8,1,0,1,0,0,1
