"ID","Progress","Uni","PTY","Current_Year","Course_Duration","Course_Name","Previous_Training","Gender","UKRN","timepoint","Perception_Replication1","Perception_Replication2","Perception_Materials1","Perception_Materials2","Perception_Education1","Perception_Education2","Perception_Access1","Perception_Access2","Perception_Data1","Perception_Data2","Perception_Power1","Perception_Power2","Perception_Preregistration1","Perception_Preregistration2","Perception_Preprint1","Perception_Preprint2","Knowledge_Replication","Knowledge_Materials","Knowledge_Education","Knowledge_Access","Knowledge_Data","Knowledge_Power","Knowledge_Preregistration","Knowledge_Preprint","Awareness_Replication","Awareness_Materials","Awareness_Education","Awareness_Access","Awareness_Data","Awareness_Power","Awareness_Preregistration","Awareness_Preprint","Experience_Replication","Experience_Materials","Experience_Education","Experience_Access","Experience_Data","Experience_Power","Experience_Preregistration","Experience_Preprint","Perception_Score_Total","Perception_Score_Mean","Knowledge_Score_Total","Knowledge_Score_Mean","Awareness_Score_Total","Experience_Score_Total","crisis_aware","crisis_learnt","crisis_explain","os_explain","os_learnt","applicability","comments"
3,"100","UKRN09","","Year 1","","","","2","UKRN",3,2,1,1,1,1,1,2,1,2,1,2,1,0,1,-1,0,1,1,1,1,1,1,1,1,1,1,1,1,1,1,1,1,0,0,0,1,0,0,1,0,16,1,8,1,8,2,1,1,1,0,0,1,""
4,"100","UKRN09","","Year 2","","","","2","UKRN",3,2,2,0,1,0,-1,1,1,1,1,2,1,0,-1,-1,-2,1,1,2,1,-2,-1,1,1,1,1,1,1,1,1,1,1,1,1,1,1,1,1,0,1,7,0.4375,4,0.5,8,7,0,0,NA,1,0,0,""
5,"100","UKRN09","","Year 2","","","","2","UKRN",3,1,1,1,-1,0,2,1,-1,2,0,2,-2,2,-1,1,0,0,-1,1,1,-1,0,1,1,1,1,1,1,1,1,1,1,0,0,0,0,0,0,0,1,8,0.5,2,0.25,8,1,0,0,NA,1,1,1,""
6,"100","UKRN09","","Year 2","","","","2","UKRN",3,2,1,1,1,1,1,2,2,2,-1,0,2,1,0,0,-1,1,1,1,0,-1,-1,2,2,1,1,1,1,1,1,1,1,0,0,1,0,0,1,0,1,14,0.875,5,0.625,8,3,1,1,0,0,1,1,""
7,"100","UKRN09","","Year 1","","","","1","UKRN",3,2,1,-1,1,-1,1,2,2,2,1,1,-1,0,-1,0,-1,1,-1,1,1,1,1,-1,1,1,NA,1,1,NA,1,NA,1,0,0,1,0,0,1,0,1,8,0.5,4,0.5,NA,3,0,0,NA,1,1,1,""
8,"100","UKRN09","","Year 2","","","","2","UKRN",3,0,1,0,1,1,1,-1,-1,1,1,1,2,1,1,-1,0,1,1,1,0,0,1,1,1,1,1,1,1,1,1,1,1,0,0,1,1,0,0,0,0,8,0.5,6,0.75,8,2,1,0,1,0,0,1,""
9,"100","UKRN09","","Year 2","","","","2","UKRN",3,1,1,-1,0,1,0,2,1,1,1,1,-1,1,1,-1,-1,1,-1,1,-2,-1,0,1,-1,1,1,1,1,1,1,1,1,0,0,1,0,1,0,0,0,7,0.4375,-2,-0.25,8,2,0,0,NA,0,0,1,""
10,"100","UKRN09","","Year 2","","","","2","UKRN",3,-2,0,-1,0,-1,0,1,-1,0,0,0,1,0,-1,2,-1,2,0,1,0,2,1,1,1,1,1,1,1,1,1,1,1,0,0,0,0,0,0,0,1,-3,-0.1875,8,1,8,1,0,0,NA,1,1,1,""
11,"100","UKRN09","","Year 1","","","","2","UKRN",3,1,1,2,2,2,1,1,0,1,2,1,2,1,0,0,-1,2,2,2,2,-1,1,2,-2,1,NA,1,1,NA,1,NA,1,0,0,1,0,0,0,0,0,16,1,8,1,NA,1,1,1,1,0,0,0,""
12,"100","UKRN09","","Year 2","","","","2","UKRN",3,2,1,2,2,2,2,2,-1,2,2,2,2,0,2,-1,-2,2,-1,1,-2,-2,-1,2,2,1,1,1,1,1,1,1,1,1,1,1,1,0,1,1,1,19,1.1875,1,0.125,8,7,1,1,1,1,1,1,""
13,"100","UKRN09","","Year 1","","","","2","UKRN",3,1,1,1,1,2,2,2,2,1,-1,0,2,-1,-1,-1,0,0,1,2,-1,0,2,0,2,1,1,1,1,1,1,1,1,1,0,1,0,0,1,0,0,11,0.6875,6,0.75,8,3,0,0,NA,0,0,1,""
14,"100","UKRN09","","Year 2","","","","2","UKRN",3,1,1,1,-1,-1,1,2,0,1,-1,1,-1,1,-1,-1,-1,1,1,1,-1,1,-1,0,0,1,1,1,1,1,1,1,1,0,1,0,1,1,0,1,0,2,0.125,2,0.25,8,4,1,1,0,1,1,0,""
15,"100","UKRN09","","Year 2","","","","1","UKRN",3,2,2,2,2,1,1,2,1,2,2,2,1,2,1,-1,-2,1,1,2,0,-1,0,2,2,1,1,1,1,1,1,1,1,0,0,1,0,1,1,1,1,20,1.25,7,0.875,8,5,1,1,0,0,0,1,""
16,"100","UKRN09","","Year 2","","","","2","UKRN",3,2,1,1,1,1,1,1,0,1,2,2,1,0,0,1,2,1,0,1,0,-1,1,1,1,1,1,1,1,1,1,1,1,0,1,0,0,1,0,1,0,17,1.0625,4,0.5,8,3,0,0,NA,1,0,1,""
17,"100","UKRN09","","Year 1","","","","2","UKRN",3,2,2,1,-1,1,1,1,1,2,1,1,2,1,1,0,0,0,0,1,-1,-1,-1,1,1,1,1,1,1,1,1,1,1,0,0,0,0,0,1,0,1,16,1,0,0,8,2,1,1,1,1,1,1,""
18,"100","UKRN09","","Year 1","","","","2","UKRN",3,1,-1,-1,0,1,0,0,1,0,-1,0,0,0,0,1,-1,1,0,0,-1,0,1,0,1,1,1,1,1,1,1,1,1,0,1,1,1,1,0,0,1,0,0,2,0.25,8,5,1,1,0,1,1,1,""
19,"100","UKRN09","","Year 2","","","","2","UKRN",3,2,1,1,-1,1,1,1,-1,-1,-1,2,2,1,1,-1,-1,1,0,1,-2,-2,1,1,1,1,1,1,1,1,1,1,1,0,0,1,0,0,0,0,0,7,0.4375,1,0.125,8,1,1,0,0,0,0,0,""
20,"100","UKRN09","","Year 2","","","","2","UKRN",3,1,1,2,0,-1,0,2,0,1,0,2,1,0,-1,-1,-1,1,1,1,0,-1,0,1,2,1,1,1,1,1,1,1,1,0,0,1,0,0,1,1,1,6,0.375,5,0.625,8,4,1,1,1,0,1,1,""
21,"100","UKRN09","","Year 2","","","","2","UKRN",3,1,2,2,2,0,0,0,0,1,-2,2,2,0,2,-1,-2,2,2,0,-1,-2,-1,2,0,1,1,1,1,1,1,1,1,0,0,0,0,0,0,0,1,9,0.5625,2,0.25,8,1,0,0,NA,1,0,1,""
22,"100","UKRN09","","Year 2","","","","2","UKRN",3,1,1,1,-1,0,0,1,0,-1,-1,0,1,0,1,-1,-1,1,1,0,-1,-1,0,0,-1,1,NA,1,NA,NA,1,1,1,0,0,1,0,0,1,0,0,1,0.0625,-1,-0.125,NA,2,0,0,NA,0,0,1,""
23,"100","UKRN09","","Year 2","","","","2","UKRN",3,2,-1,1,-1,2,0,2,0,2,-1,1,-1,1,-1,-1,0,1,-1,1,-1,1,1,1,1,1,1,1,1,1,1,1,1,0,0,0,0,0,0,0,1,5,0.3125,4,0.5,8,1,0,0,NA,1,0,1,""
24,"100","UKRN09","","Year 2","","","","2","UKRN",3,1,1,1,1,1,1,0,0,1,1,0,0,1,1,1,1,1,-1,-1,-1,-1,-1,-1,1,1,1,1,1,1,1,1,1,0,0,0,1,1,0,0,0,12,0.75,-4,-0.5,8,2,1,0,1,1,0,1,""
25,"100","UKRN09","","Year 2","","","","1","UKRN",3,1,1,1,-1,1,1,1,0,1,-2,1,2,-1,-1,-1,-2,1,2,1,-1,-2,-2,1,2,1,1,1,NA,NA,1,1,1,1,0,1,0,0,0,0,1,2,0.125,2,0.25,NA,3,1,1,1,0,1,1,""
26,"100","UKRN09","","Year 1","","","","2","UKRN",3,1,1,1,-2,-1,-1,1,0,-1,-1,1,0,1,-1,-1,0,1,0,-1,-2,-1,0,1,0,1,1,1,NA,NA,1,NA,1,0,0,0,0,0,0,0,0,-2,-0.125,-2,-0.25,NA,0,1,1,0,1,1,1,""
27,"100","UKRN09","","Year 2","","","","2","UKRN",3,2,2,-2,-2,0,2,0,2,2,1,-1,-1,0,-1,2,-2,0,-1,1,1,-1,0,1,1,1,1,1,1,1,1,1,1,0,1,0,1,1,0,1,0,4,0.25,2,0.25,8,4,1,1,1,1,1,1,""
28,"100","UKRN09","","Year 2","","","","1","UKRN",3,1,-1,0,1,0,1,-1,0,1,1,0,2,0,0,0,2,0,0,1,0,0,1,-1,0,1,1,1,1,1,1,1,1,1,0,1,0,0,0,0,1,7,0.4375,1,0.125,8,3,0,0,NA,1,0,0,""
29,"100","UKRN09","","Year 1","","","","1","UKRN",3,-1,1,1,1,1,1,2,1,1,1,0,1,1,0,0,-1,1,1,1,1,-1,-1,1,1,1,1,1,1,1,1,1,1,0,0,1,0,0,1,0,0,10,0.625,4,0.5,8,2,1,1,1,0,1,1,"No"
30,"100","UKRN09","","Year 1","","","","1","UKRN",3,1,-1,-1,-1,-1,-1,1,-1,1,-1,-1,1,1,0,0,0,1,1,1,1,0,-1,-1,1,1,1,1,1,1,1,1,1,0,0,0,0,1,1,1,0,-3,-0.1875,3,0.375,8,3,0,0,NA,0,1,1,""
31,"100","UKRN09","","Year 2","","","","2","UKRN",3,-1,-1,1,2,0,0,1,1,0,0,1,2,0,1,-1,1,-1,1,-1,-1,-1,-1,1,0,1,1,1,1,1,1,1,1,0,0,0,0,0,1,1,0,7,0.4375,-3,-0.375,8,2,0,0,NA,0,0,1,""
32,"100","UKRN09","","Year 2","","","","2","UKRN",3,2,2,2,2,2,1,2,2,2,1,2,2,2,-1,2,-2,2,1,2,1,-1,1,1,2,1,1,1,1,1,1,1,1,0,0,0,0,0,0,0,0,23,1.4375,9,1.125,8,0,1,1,1,1,1,1,""
33,"100","UKRN09","","Year 1","","","","1","UKRN",3,1,1,1,-1,1,1,1,2,1,1,1,1,0,0,-1,-1,-2,2,-1,-1,-1,-1,0,1,1,1,NA,NA,1,1,NA,1,0,1,0,0,0,0,0,0,9,0.5625,-3,-0.375,NA,1,0,0,NA,0,0,0,""
34,"100","UKRN09","","Year 1","","","","2","UKRN",3,2,1,1,0,1,0,2,1,2,1,1,-1,1,-2,-1,-2,1,1,-1,-1,-2,0,1,0,1,1,1,1,1,1,1,1,0,0,1,0,1,1,0,1,7,0.4375,-1,-0.125,8,4,0,0,NA,1,0,1,""
35,"100","UKRN09","","Year 2","","","","2","UKRN",3,1,2,2,2,2,0,1,0,1,0,2,2,0,-1,0,0,1,0,-2,2,2,-1,-1,0,1,NA,1,1,1,1,1,1,1,0,0,0,0,0,0,0,14,0.875,1,0.125,NA,1,0,0,NA,0,0,0,""
36,"100","UKRN09","","Year 2","","","","2","UKRN",3,1,1,1,2,1,1,0,-1,0,0,0,2,0,0,-1,-1,2,1,1,-1,-1,1,0,1,1,1,1,1,NA,1,NA,1,1,1,0,0,0,0,0,0,6,0.375,4,0.5,NA,2,0,0,NA,1,1,1,"no"
37,"100","UKRN09","","Year 1","","","","2","UKRN",3,0,-1,0,-1,1,-1,0,1,1,-1,1,-1,1,-1,1,-1,1,-1,-1,-1,0,-1,0,1,1,1,1,1,1,1,1,1,0,0,0,0,1,0,0,1,-1,-0.0625,-2,-0.25,8,2,1,1,0,0,0,1,""
38,"100","UKRN09","","Year 1","","","","2","UKRN",3,1,2,1,0,1,0,1,-1,1,1,1,1,2,-1,-1,-1,1,1,0,1,-1,-1,1,-2,NA,NA,1,1,NA,NA,NA,1,0,0,1,0,0,0,0,0,8,0.5,0,0,NA,1,1,1,1,1,1,1,"N/A"
39,"100","UKRN09","","Year 1","","","","2","UKRN",3,2,1,1,2,2,0,2,1,2,2,2,0,2,1,-1,-1,2,2,2,2,-1,1,2,-1,1,1,1,1,1,1,1,1,0,0,0,0,0,0,0,0,18,1.125,9,1.125,8,0,1,1,1,1,1,1,""
40,"100","UKRN09","","Year 2","","","","2","UKRN",3,-2,1,-1,1,-1,2,-2,1,-1,1,-1,1,-1,1,-1,-1,-1,1,1,-1,0,-2,1,1,1,1,1,1,1,1,1,1,0,0,0,0,0,0,0,0,-3,-0.1875,0,0,8,0,0,0,NA,0,0,0,""
41,"100","UKRN09","","Year 2","","","","2","UKRN",3,1,2,2,2,1,1,1,1,2,2,2,2,1,2,0,-2,2,1,1,0,-1,1,2,2,1,NA,1,1,NA,NA,1,1,0,0,0,0,0,0,0,0,20,1.25,8,1,NA,0,1,1,0,1,1,1,""
42,"100","UKRN09","","Year 1","","","","1","UKRN",3,2,2,2,2,2,2,2,0,2,2,2,2,0,-2,0,-1,1,1,2,1,-1,-1,0,1,1,1,1,1,NA,NA,NA,1,1,1,1,0,0,0,0,0,19,1.1875,4,0.5,NA,3,0,0,NA,1,0,1,""
43,"100","UKRN09","","Year 2","","","","2","UKRN",3,-1,1,1,1,0,1,2,-1,1,-1,1,2,0,1,-1,-1,1,-1,0,-2,-1,1,1,0,1,1,1,1,1,1,1,1,1,1,1,1,0,1,1,1,6,0.375,-1,-0.125,8,7,1,0,1,0,1,1,""
44,"100","UKRN09","","Year 1","","","","2","UKRN",3,-1,0,0,1,1,1,1,0,1,1,1,1,0,1,0,0,1,1,1,-1,0,0,1,0,NA,NA,1,NA,NA,1,NA,1,0,0,1,0,0,0,0,0,8,0.5,3,0.375,NA,1,0,0,NA,0,1,0,""
45,"100","UKRN09","","Year 1","","","","2","UKRN",3,2,2,0,1,2,0,2,1,2,1,2,0,2,-2,1,1,2,2,0,1,2,2,0,2,1,1,1,1,1,1,1,1,0,0,1,0,0,0,1,1,17,1.0625,11,1.375,8,3,0,0,NA,0,0,1,""
46,"100","UKRN09","","Year 1","","","","1","UKRN",3,2,2,-1,2,1,2,1,1,2,0,1,2,1,-1,0,-2,2,2,1,-1,-1,1,1,1,1,1,1,1,1,1,1,1,0,0,1,1,0,1,0,1,13,0.8125,6,0.75,8,4,0,0,NA,0,0,1,""
47,"100","UKRN09","","Year 2","","","","2","UKRN",3,1,0,1,-1,1,0,1,0,1,-1,-1,0,1,0,-1,-1,1,1,0,-1,-2,1,-1,1,1,1,1,1,1,1,1,1,0,0,0,0,0,0,0,0,1,0.0625,0,0,8,0,0,0,NA,1,0,1,""
48,"100","UKRN09","","Year 1","","","","1","UKRN",3,2,-1,2,1,1,1,1,0,1,1,1,2,2,-2,1,-1,2,2,2,-1,0,1,1,1,1,1,1,1,1,1,1,1,0,0,1,1,0,0,0,0,12,0.75,8,1,8,2,1,0,1,0,0,1,"nope"
49,"100","UKRN09","","Year 2","","","","2","UKRN",3,1,-1,1,1,1,0,1,1,1,-1,1,-1,1,-1,1,0,1,1,1,-1,-1,0,1,0,1,1,1,NA,NA,1,NA,1,0,0,0,0,1,0,0,1,6,0.375,2,0.25,NA,2,1,1,1,0,0,0,""
50,"100","UKRN09","","Year 1","","","","1","UKRN",3,1,1,1,1,1,1,0,0,1,1,2,1,1,-1,0,-1,1,1,1,1,1,1,1,1,1,1,1,1,1,1,1,1,0,0,0,0,0,0,0,0,10,0.625,8,1,8,0,1,1,1,0,1,1,""
51,"100","UKRN09","","Year 1","","","","2","UKRN",3,2,2,2,2,-1,-1,2,2,2,2,0,1,0,0,-2,-2,2,1,-2,-2,-2,-1,0,0,1,1,1,1,1,1,1,1,0,0,1,0,1,1,0,1,11,0.6875,-4,-0.5,8,4,1,1,0,0,0,1,""
52,"100","UKRN09","","Year 1","","","","2","UKRN",3,2,0,1,2,2,2,2,2,2,2,0,2,0,-2,0,0,2,2,-1,-1,0,1,0,2,1,1,1,NA,NA,NA,NA,1,0,0,0,0,0,0,0,0,17,1.0625,5,0.625,NA,0,1,1,1,0,1,1,""
53,"100","UKRN09","","Year 1","","","","1","UKRN",3,2,2,2,0,0,0,2,2,2,1,0,1,1,1,0,0,1,0,2,-1,0,1,0,2,1,1,1,1,1,1,1,1,0,0,1,0,1,1,0,1,16,1,5,0.625,8,4,1,0,1,0,0,1,""
54,"100","UKRN09","","Year 1","","","","2","UKRN",3,1,1,0,0,0,0,1,0,0,-1,1,-1,1,0,0,0,1,0,0,-1,0,0,0,1,1,1,1,1,1,1,1,1,0,1,0,1,0,0,1,0,3,0.1875,1,0.125,8,3,1,1,1,1,1,1,""
55,"100","UKRN09","","Year 1","","","","1","UKRN",3,2,1,0,1,1,1,1,0,1,1,1,0,1,0,0,0,2,0,2,0,-1,1,1,0,1,1,1,1,1,1,1,1,0,0,1,0,1,1,0,1,11,0.6875,5,0.625,8,4,1,1,1,0,1,1,""
56,"100","UKRN09","","Year 1","","","","2","UKRN",3,2,1,2,2,2,1,2,1,2,2,1,2,2,2,1,0,2,2,2,2,0,1,2,-1,1,1,1,1,1,1,1,1,1,0,0,0,0,0,0,0,25,1.5625,10,1.25,8,1,1,1,1,1,1,1,""
57,"100","UKRN09","","Year 2","","","","1","UKRN",3,1,1,1,1,1,1,1,-1,1,1,2,2,2,2,0,0,1,1,-1,-2,0,1,1,1,1,1,1,NA,NA,1,1,1,1,0,1,0,0,1,0,0,16,1,2,0.25,NA,3,1,1,1,0,0,1,""
58,"100","UKRN09","","Year 1","","","","3","UKRN",3,2,1,1,2,2,1,2,0,2,-1,0,0,-1,0,-1,-1,2,1,0,-1,-1,-1,0,2,1,1,1,1,1,1,1,1,0,0,1,0,1,1,0,1,9,0.5625,2,0.25,8,4,1,1,1,0,0,1,""
59,"100","UKRN09","","Year 2","","","","1","UKRN",3,1,1,1,0,1,0,1,-1,1,1,1,2,1,0,-1,-1,1,1,1,0,-2,-1,0,1,1,1,1,1,1,1,1,1,0,1,1,0,1,1,0,1,8,0.5,1,0.125,8,5,0,0,NA,1,1,1,""
60,"100","UKRN09","","Year 2","","","","2","UKRN",3,1,0,1,1,1,0,1,1,1,1,2,0,0,0,0,-1,1,1,1,1,-1,-1,0,0,1,1,1,1,1,1,1,1,0,1,1,0,0,0,0,0,9,0.5625,2,0.25,8,2,0,0,NA,1,0,1,""
61,"100","UKRN09","","Year 1","","","","1","UKRN",3,1,2,1,0,0,0,1,-1,0,0,2,0,1,-2,-2,-2,1,1,0,-2,-2,1,0,1,NA,NA,1,NA,1,1,1,1,0,0,1,1,1,1,1,1,1,0.0625,0,0,NA,6,0,0,NA,0,0,0,""
62,"100","UKRN09","","Year 2","","","","2","UKRN",3,2,1,1,-2,0,1,1,-1,1,2,1,2,0,1,-1,-1,1,0,1,-1,-2,1,0,1,1,1,1,NA,NA,1,NA,1,1,1,1,0,0,1,0,0,8,0.5,1,0.125,NA,4,0,0,NA,1,0,1,""
63,"100","UKRN09","","Year 1","","","","2","UKRN",3,1,1,2,1,0,0,2,1,0,-1,0,1,0,1,-1,-1,1,1,1,-2,-2,0,0,0,1,1,1,1,1,1,1,1,0,0,1,0,0,1,0,0,7,0.4375,-1,-0.125,8,2,0,0,NA,0,1,1,""
64,"100","UKRN09","","Year 1","","","","2","UKRN",3,2,1,2,2,1,2,2,0,1,1,1,1,2,2,-1,-2,1,1,2,1,-2,1,1,2,1,1,1,1,1,1,1,1,1,0,0,1,0,0,1,0,17,1.0625,7,0.875,8,3,1,1,1,1,0,1,"no"
65,"100","UKRN09","","Year 2","","","","2","UKRN",3,0,0,-1,0,0,1,0,0,0,0,-1,0,0,0,-1,0,-1,0,-1,-1,0,-1,1,-1,1,1,1,1,1,1,1,1,0,0,0,0,0,0,0,0,-2,-0.125,-4,-0.5,8,0,0,0,NA,0,0,0,""
66,"100","UKRN09","","Year 1","","","","2","UKRN",3,1,1,1,0,1,0,1,0,1,0,1,1,0,0,-1,0,-2,-2,1,-1,0,1,0,1,1,1,1,1,1,1,1,1,0,0,1,0,0,1,0,0,7,0.4375,-2,-0.25,8,2,0,0,NA,0,0,1,""
67,"100","UKRN09","","Year 1","","","","1","UKRN",3,2,1,0,0,1,1,1,1,0,0,1,1,0,-1,-1,-1,-2,-1,0,-1,-2,1,1,0,1,1,1,1,1,1,NA,1,1,0,1,0,1,1,0,1,6,0.375,-4,-0.5,NA,5,0,0,NA,0,0,1,""
68,"100","UKRN09","","Year 1","","","","2","UKRN",3,1,1,1,-1,1,1,1,1,1,1,1,1,1,-1,1,-1,1,1,1,1,-2,-1,1,1,1,1,1,1,1,1,1,1,0,0,0,0,0,0,0,0,10,0.625,3,0.375,8,0,1,1,0,0,1,1,""
69,"100","UKRN09","","Year 1","","","","2","UKRN",3,1,1,1,1,1,1,1,-1,1,1,1,1,1,-1,1,0,1,1,0,-1,-1,1,1,1,NA,NA,1,NA,NA,NA,NA,1,0,0,0,0,0,0,0,0,11,0.6875,3,0.375,NA,0,0,0,NA,1,1,1,""
70,"100","UKRN09","","Year 1","","","","1","UKRN",3,2,-1,1,0,-1,-1,1,1,1,1,2,2,2,2,2,2,2,1,2,2,-2,-1,2,2,1,1,1,1,1,1,1,1,0,0,1,0,1,1,0,1,16,1,8,1,8,4,1,1,0,1,1,1,""
71,"100","UKRN09","","Year 1","","","","2","UKRN",3,1,1,1,1,1,0,1,0,1,-1,0,2,0,0,0,0,1,1,1,-1,-1,1,0,0,1,1,1,1,1,1,1,1,0,0,1,0,0,1,0,0,8,0.5,2,0.25,8,2,1,1,0,0,0,1,""
72,"100","UKRN09","","Year 1","","","","2","UKRN",3,1,1,0,0,1,0,2,1,1,0,1,0,0,0,0,0,1,-1,0,0,1,1,1,0,1,NA,1,NA,NA,NA,NA,NA,1,0,0,0,0,0,0,0,8,0.5,3,0.375,NA,1,0,0,NA,0,0,0,""
73,"100","UKRN09","","Year 1","","","","2","UKRN",3,1,2,2,2,0,0,0,-1,1,2,0,2,2,2,0,-1,2,1,2,2,0,1,1,0,1,1,1,1,1,1,1,1,0,1,1,0,1,1,0,1,14,0.875,9,1.125,8,5,1,1,0,1,1,0,""
74,"100","UKRN09","","Year 1","","","","2","UKRN",3,1,1,1,1,0,0,1,0,1,1,1,0,0,-1,0,-1,1,1,1,0,-1,1,1,0,1,NA,1,NA,NA,1,NA,1,0,0,0,0,0,0,0,0,6,0.375,4,0.5,NA,0,1,0,0,0,0,0,""
75,"100","UKRN09","","Year 1","","","","3","UKRN",3,1,1,2,0,1,1,2,2,2,2,0,2,-1,2,-1,-2,-1,-1,-2,-1,-2,0,1,2,1,NA,1,NA,NA,1,NA,1,0,0,0,0,0,0,0,0,14,0.875,-4,-0.5,NA,0,0,0,NA,1,1,0,""
76,"100","UKRN09","","Year 1","","","","2","UKRN",3,2,1,2,2,2,2,1,1,1,2,0,2,1,-2,0,0,2,2,1,0,-1,1,1,2,1,1,1,1,1,1,1,1,0,0,1,0,0,1,0,0,17,1.0625,8,1,8,2,1,1,1,1,1,1,""
78,"100","UKRN09","","Year 1","","","","2","UKRN",3,1,1,1,0,0,0,0,0,1,-1,1,-1,0,-1,1,0,-2,0,0,-1,0,0,0,1,NA,NA,NA,NA,NA,NA,NA,NA,0,0,0,0,0,0,0,0,3,0.1875,-2,-0.25,NA,0,0,0,NA,0,0,1,""
79,"100","UKRN09","","Year 2","","","","1","UKRN",3,2,2,0,0,1,0,1,-2,1,-2,1,-1,2,0,-2,-2,2,2,2,-2,-2,0,0,1,1,1,1,NA,NA,1,NA,1,0,0,0,0,0,0,0,0,1,0.0625,3,0.375,NA,0,0,0,NA,0,0,1,""
82,"100","UKRN09","","Year 2","","","","2","UKRN",3,2,1,0,1,1,0,2,1,1,1,1,1,1,-1,1,-1,2,1,1,-1,-2,-1,0,1,1,1,1,1,1,1,1,1,0,1,0,1,0,0,0,0,12,0.75,1,0.125,8,2,1,1,0,0,0,1,""
83,"100","UKRN09","","Year 1","","","","2","UKRN",3,0,2,0,-1,-1,0,0,1,1,-1,0,0,0,-2,-2,-1,0,1,0,1,0,-1,-2,1,1,1,1,1,1,1,1,1,0,1,1,0,1,0,1,0,-4,-0.25,0,0,8,4,1,0,0,0,0,0,""
84,"100","UKRN09","","Year 1","","","","2","UKRN",3,1,2,1,2,1,1,2,0,1,1,0,1,0,1,-1,0,1,1,2,0,0,1,1,1,1,1,1,1,1,1,NA,1,1,0,1,1,0,1,1,1,13,0.8125,7,0.875,NA,6,1,0,1,0,0,1,""
85,"97","UKRN09","","Year 2","","","","2","UKRN",3,1,-1,0,1,0,0,-1,-1,1,-1,1,-1,1,0,0,-1,1,-1,-1,-1,-1,0,1,1,1,1,1,1,1,1,1,1,0,0,0,0,0,0,0,0,-1,-0.0625,-1,-0.125,8,0,1,0,1,1,0,1,"n/a"
90,"100","UKRN09","","Year 1","","","","2","UKRN",3,0,-1,0,0,-1,0,1,0,-1,0,2,0,-1,0,0,0,1,0,0,0,0,0,0,0,1,1,1,NA,1,1,1,1,1,0,0,0,1,0,0,0,-1,-0.0625,1,0.125,NA,2,0,0,NA,0,0,0,""
91,"100","UKRN09","","Year 1","","","","2","UKRN",3,1,0,1,1,1,1,1,0,1,1,1,2,1,0,-1,0,1,1,1,0,-1,1,1,0,1,1,1,1,1,1,1,1,0,0,0,1,1,0,0,0,11,0.6875,4,0.5,8,2,0,0,NA,1,0,1,""
92,"100","UKRN09","","Year 2","","","","1","UKRN",3,0,0,0,0,0,0,0,0,0,0,0,0,0,0,0,0,0,0,0,0,0,0,0,0,NA,NA,NA,NA,NA,NA,NA,NA,0,0,0,0,0,0,0,0,0,0,0,0,NA,0,0,0,NA,0,0,1,""
93,"100","UKRN09","","Year 1","","","","2","UKRN",3,2,1,2,1,1,1,1,1,2,-1,2,-1,1,-2,-1,-1,1,-1,1,-2,-1,1,1,1,1,1,1,1,1,1,1,1,0,0,0,0,0,0,0,0,9,0.5625,1,0.125,8,0,0,0,NA,0,0,1,""
94,"100","UKRN09","","Year 1","","","","2","UKRN",3,1,1,0,1,1,1,1,1,1,1,1,1,0,0,0,-1,1,0,0,-1,-1,1,1,0,NA,NA,NA,NA,NA,NA,NA,NA,0,0,0,0,0,0,0,0,10,0.625,1,0.125,NA,0,1,0,0,0,0,1,""
95,"100","UKRN09","","Year 1","","","","1","UKRN",3,2,2,1,1,0,2,2,-1,2,1,2,1,-2,-1,-1,1,1,1,-1,-1,0,-1,1,0,1,1,1,1,1,1,NA,1,0,0,1,1,0,0,0,1,12,0.75,0,0,NA,3,0,0,NA,0,0,1,""
96,"100","UKRN09","","Year 1","","","","2","UKRN",3,1,1,2,-1,1,1,-1,-1,1,0,1,2,1,-1,-1,-1,1,1,1,1,-1,1,1,1,1,1,1,1,NA,1,NA,1,0,1,1,0,0,1,0,0,5,0.3125,6,0.75,NA,3,1,1,0,0,1,1,""
97,"100","UKRN09","","Year 1","","","","2","UKRN",3,2,1,2,1,2,2,1,1,1,1,2,1,1,-1,-1,-1,1,1,-1,-1,-1,-1,1,1,1,1,1,1,1,1,1,1,0,0,0,0,0,0,0,0,15,0.9375,0,0,8,0,1,1,0,0,1,1,""
98,"100","UKRN09","","Year 1","","","","2","UKRN",3,2,2,2,1,0,1,0,-1,1,1,2,1,2,-1,1,-1,2,2,2,0,-2,-1,2,1,NA,NA,1,1,NA,NA,NA,1,0,0,1,1,0,0,0,0,13,0.8125,6,0.75,NA,2,1,1,0,0,1,1,""
99,"100","UKRN09","","Year 1","","","","2","UKRN",3,2,1,1,1,1,0,2,2,1,0,1,2,1,-1,-1,-1,1,1,-1,-1,-2,0,-1,-1,1,1,1,NA,NA,NA,NA,1,0,0,0,0,0,0,0,0,12,0.75,-4,-0.5,NA,0,0,0,NA,1,0,1,""
100,"71","UKRN09","","Year 2","","","","2","UKRN",3,2,1,2,2,2,1,-1,1,1,1,1,1,2,-1,-1,-2,2,1,-1,-1,1,-1,2,2,1,1,1,1,1,1,1,1,0,1,0,1,1,0,1,0,12,0.75,5,0.625,8,4,0,0,NA,0,0,1,""
101,"100","UKRN09","","Year 1","","","","2","UKRN",3,2,2,1,-1,0,0,1,1,0,-1,-1,1,2,-2,0,-1,2,2,2,-2,-2,1,-1,-1,1,1,1,1,1,1,1,1,0,0,0,0,0,0,0,0,4,0.25,1,0.125,8,0,1,1,1,1,1,1,""
102,"100","UKRN09","","Year 1","","","","2","UKRN",3,2,1,1,-2,1,1,2,1,-1,0,-1,-1,1,0,1,-1,1,0,-1,-1,1,1,1,1,1,NA,NA,NA,NA,NA,NA,1,0,0,0,0,0,0,0,0,5,0.3125,3,0.375,NA,0,1,1,1,0,0,0,""
104,"100","UKRN09","","Year 1","","","","2","UKRN",3,1,1,0,1,1,1,1,2,0,0,1,1,0,0,0,0,1,1,1,0,0,1,0,-1,NA,NA,NA,NA,NA,NA,NA,NA,0,0,0,0,0,0,0,0,10,0.625,3,0.375,NA,0,0,0,NA,0,0,0,""
106,"100","UKRN09","","Year 2","","","","2","UKRN",3,1,1,1,-1,1,0,0,-1,1,-1,1,0,1,-1,0,2,1,1,1,-1,0,-1,1,1,1,1,1,1,1,1,1,1,0,0,1,0,1,1,0,1,5,0.3125,3,0.375,8,4,0,0,NA,1,1,1,""
107,"100","UKRN09","","Year 2","","","","2","UKRN",3,1,1,0,-1,-1,-1,0,1,1,-1,1,1,1,-1,-1,-1,1,1,-1,-1,-1,-1,1,1,1,1,1,1,1,1,1,1,0,0,0,0,1,0,0,0,0,0,0,0,8,1,1,1,0,1,1,1,"no"
108,"100","UKRN09","","Year 1","","","","2","UKRN",3,1,2,1,1,1,2,2,2,2,1,1,1,0,2,-1,-1,1,2,2,0,-2,1,2,1,1,NA,1,NA,1,1,1,1,0,0,1,0,0,0,0,0,17,1.0625,7,0.875,NA,1,1,1,0,0,0,1,"N/A"
109,"100","UKRN09","","Year 2","","","","2","UKRN",3,-1,-1,0,1,1,-1,1,1,1,1,0,0,1,0,1,-1,1,0,2,-1,-1,1,-1,-1,1,1,1,1,1,1,1,1,0,1,1,0,0,0,0,1,4,0.25,0,0,8,3,1,0,0,1,0,1,""
110,"100","UKRN09","","Year 2","","","","1","UKRN",3,-2,0,-1,0,-1,0,0,0,1,0,1,-1,1,-1,2,-1,1,1,-1,-2,1,-1,2,-1,1,1,1,1,1,1,1,1,0,0,1,1,1,0,0,1,-2,-0.125,0,0,8,4,1,1,0,0,0,0,"No"
111,"100","UKRN09","","Year 1","","","","1","UKRN",3,1,1,0,0,1,0,1,0,1,0,1,1,1,0,0,0,1,0,1,0,0,1,2,0,1,1,1,1,1,1,1,1,0,0,1,0,0,1,0,0,8,0.5,5,0.625,8,2,1,1,1,1,1,0,"Objectively speaking, it can be a question mark when a significant study is not able to be replicated. However, I believe in a positive progress from Open Science's purpose and intentions. I may not have enough context or qualifications to pose a valid and authentic opinion, but I believe that the more detailedly transparent studies continue to be, whether they are significant or not, the easier it could become for them to be replicated in their intricacies or to find motives behind the impossibility of reproducibility. "
112,"100","UKRN09","","Year 2","","","","2","UKRN",3,2,1,0,-1,0,0,-1,-1,1,1,1,1,1,0,0,0,1,-1,1,-2,-1,0,-1,1,1,1,1,1,1,1,1,1,0,0,1,0,1,1,0,1,5,0.3125,-2,-0.25,8,4,0,0,NA,1,1,1,""
113,"100","UKRN09","","Year 2","","","","2","UKRN",3,2,1,0,0,1,1,2,0,0,0,1,-1,1,-1,-1,-1,1,0,1,0,-1,0,0,1,1,1,1,1,1,1,1,1,0,0,1,0,1,1,0,0,5,0.3125,2,0.25,8,3,0,0,NA,0,0,1,""
114,"100","UKRN09","","Year 2","","","","2","UKRN",3,1,1,1,2,-2,-2,-2,-2,-2,-2,-2,-2,0,-2,-2,2,1,1,-1,-1,-2,-1,1,1,1,1,1,1,1,1,1,1,0,0,1,1,1,0,0,0,-13,-0.8125,-1,-0.125,8,3,1,1,1,0,0,1,""
115,"100","UKRN09","","Year 2","","","","2","UKRN",3,0,1,0,2,-1,0,1,1,-2,1,1,2,2,2,1,-2,1,2,1,-1,-2,-1,2,1,1,1,1,NA,1,NA,1,1,0,0,1,0,0,0,0,1,9,0.5625,3,0.375,NA,2,1,1,1,0,1,1,"no"
116,"100","UKRN09","","Year 2","","","","1","UKRN",3,2,2,1,1,1,1,1,0,1,0,1,0,0,-1,0,-2,1,1,1,-1,0,1,-1,1,NA,NA,1,NA,NA,1,NA,1,0,0,1,0,0,0,0,1,8,0.5,3,0.375,NA,2,0,0,NA,1,0,1,""
117,"100","UKRN09","","Year 2","","","","2","UKRN",3,1,0,0,-1,-1,0,1,0,1,-1,1,-1,0,0,1,-1,1,0,1,-1,-1,1,0,0,1,1,1,1,NA,NA,1,1,0,0,1,0,0,0,0,1,0,0,1,0.125,NA,2,0,0,NA,0,0,1,""
119,"100","UKRN09","","Year 1","","","","2","UKRN",3,2,2,1,-2,1,1,1,-1,1,-1,1,-1,0,-1,-1,-1,1,1,-1,-1,-2,1,1,1,1,1,1,1,NA,1,NA,1,0,0,0,0,0,0,0,0,2,0.125,1,0.125,NA,0,1,1,0,1,1,1,""
120,"100","UKRN09","","Year 1","","","","2","UKRN",3,1,2,0,1,-2,1,1,1,1,1,1,1,0,-1,-2,-2,1,1,1,-1,-1,-1,1,1,1,NA,1,NA,NA,NA,NA,1,0,0,1,0,0,0,0,0,4,0.25,2,0.25,NA,1,1,1,1,0,1,1,""
121,"100","UKRN09","","Year 2","","","","2","UKRN",3,2,2,2,2,2,2,2,2,2,1,0,2,2,2,-1,-2,2,2,2,2,-2,-1,1,0,1,1,1,1,1,NA,NA,1,1,0,0,0,0,0,0,1,22,1.375,6,0.75,NA,2,1,1,1,1,1,1,""
122,"100","UKRN09","","Year 2","","","","2","UKRN",3,2,1,2,1,2,2,0,0,1,1,1,0,1,0,-2,-2,1,1,0,-1,-2,-1,0,1,1,1,1,1,1,1,1,1,0,1,0,1,1,1,0,0,10,0.625,-1,-0.125,8,4,1,0,1,0,1,1,""
123,"100","UKRN09","","Year 2","","","","2","UKRN",3,1,2,1,1,1,1,1,1,1,1,1,2,0,1,-1,-1,2,1,-1,-1,-2,-1,-1,1,1,1,1,1,1,1,1,1,0,0,1,0,0,1,1,1,13,0.8125,-2,-0.25,8,4,1,1,0,1,1,1,""
124,"100","UKRN09","","Year 2","","","","2","UKRN",3,1,1,1,1,1,1,2,2,1,-1,2,1,0,1,-2,-2,1,1,2,0,-2,-1,1,1,1,1,1,1,1,1,1,1,1,0,1,0,0,1,0,1,10,0.625,3,0.375,8,4,1,1,1,1,1,1,""
125,"100","UKRN09","","Year 2","","","","2","UKRN",3,1,1,-2,0,1,1,2,1,1,0,1,1,1,-1,0,0,2,0,2,1,0,2,0,0,1,1,1,1,1,1,1,1,1,0,1,0,0,0,0,0,8,0.5,7,0.875,8,2,1,1,1,0,0,1,""
126,"100","UKRN09","","Year 1","","","","2","UKRN",3,2,1,1,1,1,1,1,1,1,1,0,2,1,1,-1,-1,1,1,1,1,-1,-1,-1,1,1,1,1,1,1,1,1,1,0,0,0,0,1,0,0,0,13,0.8125,2,0.25,8,1,1,1,1,1,1,1,""
127,"100","UKRN09","","Year 2","","","","2","UKRN",3,2,2,-1,1,1,1,1,0,0,1,2,2,0,1,-1,-2,-1,-2,-1,-1,0,0,1,1,1,NA,1,NA,NA,NA,NA,1,0,0,0,0,0,0,0,0,10,0.625,-3,-0.375,NA,0,0,0,NA,1,1,1,""
128,"100","UKRN09","","Year 2","","","","2","UKRN",3,1,1,2,1,1,0,1,-1,1,-1,1,2,1,2,-1,-1,2,1,0,-1,-1,-1,1,1,1,1,1,1,1,1,1,1,0,0,1,0,0,1,0,0,10,0.625,2,0.25,8,2,1,1,1,0,1,1,""
129,"100","UKRN09","","Year 2","","","","2","UKRN",3,2,1,1,0,1,0,-1,-1,0,0,2,1,0,-2,0,-1,2,0,1,-1,-1,0,0,1,1,1,1,1,1,1,1,1,0,0,0,0,0,0,0,0,3,0.1875,2,0.25,8,0,0,0,NA,1,0,0,""
130,"100","UKRN09","","Year 1","","","","2","UKRN",3,-1,-1,1,1,2,1,2,2,2,1,1,1,1,-1,0,-1,2,1,2,1,-1,1,1,1,1,NA,1,NA,NA,NA,NA,1,0,0,0,0,0,0,0,1,11,0.6875,8,1,NA,1,0,0,NA,1,0,1,""
131,"100","UKRN09","","Year 2","","","","2","UKRN",3,2,2,1,1,1,1,0,1,1,1,2,2,1,2,-2,-2,1,1,-1,-1,-1,-1,1,1,1,NA,NA,NA,NA,NA,1,1,0,0,0,0,0,1,0,0,14,0.875,0,0,NA,1,1,1,1,0,0,1,"no"
132,"100","UKRN09","","Year 1","","","","2","UKRN",3,1,1,1,0,0,-1,2,-1,1,-1,1,0,2,1,0,-1,2,1,1,0,-1,1,0,-1,1,1,1,1,1,1,1,1,0,0,1,0,0,1,0,0,6,0.375,3,0.375,8,2,1,1,1,1,1,1,"N/A"
133,"100","UKRN09","","Year 2","","","","2","UKRN",3,1,1,1,-1,1,1,1,-1,1,1,1,1,1,-1,0,-1,-1,-1,0,-1,-1,-1,1,1,1,1,1,1,NA,1,NA,1,1,0,1,0,0,1,0,0,7,0.4375,-3,-0.375,NA,3,0,0,NA,1,1,1,""
134,"100","UKRN09","","Year 2","","","","2","UKRN",3,2,1,1,0,-1,-1,1,1,0,0,1,1,0,1,-1,-1,1,1,1,-1,1,0,2,-1,1,NA,1,1,NA,1,NA,1,0,0,0,0,0,0,0,0,5,0.3125,4,0.5,NA,0,0,0,NA,0,0,1,""
135,"100","UKRN09","","Year 2","","","","2","UKRN",3,1,1,1,1,1,1,2,2,2,2,1,2,1,-2,0,1,1,1,-2,-2,1,1,-1,0,1,1,1,1,1,1,1,1,0,0,0,1,1,0,0,0,17,1.0625,-1,-0.125,8,2,0,0,NA,1,1,1,""
136,"100","UKRN09","","Year 2","","","","2","UKRN",3,1,2,1,1,1,1,2,2,0,1,1,2,0,1,-1,-1,2,1,1,-2,-1,0,0,1,1,1,1,1,NA,NA,NA,1,0,0,1,0,0,0,0,0,14,0.875,2,0.25,NA,1,1,1,1,1,1,1,""
137,"100","UKRN09","","Year 1","","","","2","UKRN",3,2,2,1,0,1,0,2,2,1,0,1,2,1,0,-1,0,2,1,1,-1,-2,-1,-1,0,1,1,1,1,1,1,1,1,0,0,0,1,1,1,0,0,14,0.875,-1,-0.125,8,3,1,1,0,0,0,1,""
138,"100","UKRN09","","Year 2","","","","2","UKRN",3,0,1,1,2,2,-1,0,-1,-1,-1,0,0,0,1,1,0,-1,-1,0,2,-2,-1,0,-1,1,1,1,1,1,1,1,1,1,1,0,1,1,1,0,0,4,0.25,-4,-0.5,8,5,0,0,NA,1,0,1,""
139,"100","UKRN09","","Year 1","","","","2","UKRN",3,1,1,1,1,2,1,1,-1,2,0,1,-1,1,-1,1,-1,1,0,1,-1,-1,-1,1,-1,1,1,1,1,1,1,1,1,0,0,1,0,0,0,0,1,9,0.5625,-1,-0.125,8,2,1,1,0,0,1,1,""
140,"100","UKRN09","","Year 1","","","","2","UKRN",3,0,-1,0,1,2,0,2,0,1,-1,1,-1,-1,0,0,-1,2,-1,1,-1,-2,0,1,1,NA,1,1,NA,NA,1,NA,1,0,0,0,0,0,0,0,1,2,0.125,1,0.125,NA,1,1,1,0,1,0,1,""
141,"100","UKRN09","","Year 1","","","","2","UKRN",3,1,1,-1,0,0,1,-1,-1,1,0,0,-1,1,-1,1,0,-1,-1,-1,-1,-1,-1,1,-1,1,1,1,1,1,1,1,1,0,0,0,0,0,0,1,0,1,0.0625,-6,-0.75,8,1,1,0,0,0,0,1,""
142,"100","UKRN09","","Year 1","","","","2","UKRN",3,2,2,2,0,0,0,2,0,2,0,1,1,2,-2,2,0,2,1,2,1,-1,1,0,0,1,1,1,1,NA,NA,NA,1,0,0,1,0,0,0,0,0,14,0.875,6,0.75,NA,1,1,1,1,0,0,1,""
143,"100","UKRN09","","Year 1","","","","2","UKRN",3,-1,1,0,0,1,0,1,0,1,-1,1,0,0,0,-1,-1,0,1,1,1,0,1,1,1,1,1,1,1,1,1,1,1,0,0,1,0,0,1,0,0,1,0.0625,6,0.75,8,2,0,0,NA,0,0,1,""
144,"100","UKRN09","","Year 1","","","","2","UKRN",3,1,1,1,1,1,1,-1,-1,1,-1,1,1,1,1,-1,-1,2,1,0,-1,-2,0,1,1,NA,NA,1,NA,NA,NA,1,1,0,0,0,0,0,0,0,0,6,0.375,2,0.25,NA,0,1,1,0,0,1,1,""
145,"100","UKRN09","","Year 2","","","","2","UKRN",3,1,1,1,1,2,1,0,-1,1,1,1,2,0,2,-2,-1,1,1,1,1,2,-2,1,1,1,1,1,1,1,1,1,1,0,0,1,0,0,1,0,0,10,0.625,6,0.75,8,2,1,1,0,1,1,1,""
146,"100","UKRN09","","Year 1","","","","2","UKRN",3,1,0,1,-1,-1,0,0,-1,-2,-2,1,1,1,-1,-1,2,-1,0,-1,-1,0,-1,1,0,1,1,1,1,1,1,1,1,1,0,1,0,0,1,0,1,-2,-0.125,-3,-0.375,8,4,0,0,NA,0,0,1,""
147,"100","UKRN09","","Year 1","","","","2","UKRN",3,1,2,2,0,1,2,2,2,2,1,0,0,2,0,0,0,2,1,2,2,0,0,1,1,1,1,1,1,NA,1,NA,1,0,0,1,0,0,0,0,0,17,1.0625,9,1.125,NA,1,1,0,1,0,0,1,""
149,"100","UNI10","","Final Year","","","","2","Non-UKRN",3,1,1,1,1,1,1,2,2,-1,-1,1,2,2,1,-1,-1,1,1,1,0,-1,0,1,1,NA,NA,1,NA,NA,NA,NA,1,0,0,0,0,0,0,0,0,12,0.75,4,0.5,NA,0,0,0,NA,0,0,0,"Research at an undergraduate level is rarely published in any academic journals prior to dissertation hand in, questions apply more to funded research for journal articles etc. "
150,"100","UNI10","","Year 1","","","","2","Non-UKRN",3,1,2,0,0,0,1,1,-1,0,0,2,1,1,0,2,-1,-1,-1,0,0,-2,0,2,1,1,1,1,1,1,1,1,1,1,1,0,0,0,0,0,0,9,0.5625,-1,-0.125,8,2,1,1,0,1,0,1,""
151,"100","UNI10","","Year 1","","","","2","Non-UKRN",3,1,1,0,1,-1,1,1,-1,-1,1,2,-1,2,-1,-1,-1,-1,-1,1,1,-2,-1,0,1,1,1,1,NA,NA,NA,NA,1,0,0,1,0,0,0,0,0,3,0.1875,-2,-0.25,NA,1,1,1,1,1,0,1,""
152,"100","UNI10","","Final Year","","","","2","Non-UKRN",3,1,1,0,1,1,1,0,-1,1,-1,1,2,1,0,0,-1,-1,0,1,0,-1,0,1,0,1,1,1,1,NA,NA,1,1,1,1,1,1,0,0,1,0,7,0.4375,0,0,NA,5,0,0,NA,0,0,1,""
153,"100","UNI10","","Year 1","","","","3","Non-UKRN",3,1,1,2,1,2,2,2,1,2,2,-1,2,0,1,1,1,2,2,2,-1,2,2,0,1,1,1,1,1,1,1,1,1,0,0,0,0,0,0,0,0,20,1.25,10,1.25,8,0,0,0,NA,0,0,0,""
154,"100","UNI10","","Final Year","","","","2","Non-UKRN",3,2,1,1,2,2,2,2,-1,2,1,1,1,1,1,-1,-1,-2,1,-1,-1,1,1,1,1,1,1,1,1,1,1,1,1,1,0,1,1,0,0,1,1,16,1,1,0.125,8,5,1,1,0,1,0,1,""
155,"64","UNI10","","Year 1","","","","2","Non-UKRN",3,2,2,1,0,1,1,1,0,2,1,1,2,2,-1,0,-2,2,2,2,-2,-2,-1,1,0,1,1,1,1,1,1,1,1,0,0,0,0,0,0,0,0,13,0.8125,2,0.25,8,0,1,0,0,0,0,0,""
156,"86","UNI10","","Final Year","","","","2","Non-UKRN",3,1,1,2,2,1,2,0,-1,-1,1,2,2,-1,2,-1,-1,2,2,2,0,-1,0,1,0,1,1,1,1,1,1,1,1,0,0,1,1,0,0,1,0,11,0.6875,6,0.75,8,3,1,0,1,0,0,1,""
159,"100","UNI10","","Year 2","","","","2","Non-UKRN",3,1,2,1,1,1,1,1,-1,0,0,-1,1,1,-1,-1,-2,1,1,-1,-1,-1,-1,-1,1,NA,NA,NA,NA,NA,NA,NA,NA,0,0,0,0,0,0,0,0,4,0.25,-2,-0.25,NA,0,1,0,1,0,0,1,""
161,"79","UNI10","","Year 2","","","","2","Non-UKRN",3,1,1,1,1,2,1,2,2,2,1,2,1,0,0,-1,-2,1,1,2,-1,0,1,1,0,1,1,1,1,NA,1,1,1,0,0,1,0,0,0,0,0,14,0.875,5,0.625,NA,1,0,0,NA,0,0,1,""
196,"100","UNI79","","Year 2","","","","2","Non-UKRN",3,2,2,0,2,2,0,0,0,2,2,1,2,1,2,-2,-2,2,1,2,-1,-2,-2,0,0,1,NA,1,NA,NA,NA,NA,NA,0,0,1,0,0,0,0,0,14,0.875,0,0,NA,1,0,0,NA,0,0,1,""
197,"100","UNI79","","Year 1","","","","1","Non-UKRN",3,1,1,1,1,1,1,2,-1,1,1,0,1,0,1,0,-1,-1,0,1,0,-1,1,1,1,1,1,1,1,1,1,1,1,0,0,1,0,0,1,0,0,10,0.625,2,0.25,8,2,0,0,NA,0,0,1,""
198,"100","UNI79","","Year 1","","","","2","Non-UKRN",3,2,2,2,-1,2,0,2,1,2,0,2,1,0,-2,-1,-1,2,1,1,-1,-2,1,0,1,1,1,1,1,1,1,1,1,0,0,0,1,0,0,1,0,11,0.6875,3,0.375,8,2,0,0,NA,0,0,1,"I am only in my second semester, so I‚Äôm thinking that year 3 students probably have a lot more knowledge and I don‚Äôt know if my answers would indicate something about the way of teaching in my school. I would know much more if I had studied for a longer period of time. "
199,"100","UNI79","","Year 2","","","","1","Non-UKRN",3,2,2,1,1,2,1,2,2,2,2,2,1,1,2,-1,-2,1,-1,2,1,-1,1,2,1,1,NA,1,NA,1,1,NA,1,1,0,1,0,1,1,0,1,20,1.25,6,0.75,NA,5,1,0,0,0,0,0,""
200,"100","UNI79","","Year 2","","","","2","Non-UKRN",3,1,-1,-1,-2,-1,-2,1,1,1,0,2,0,-1,1,-2,-2,-2,0,0,-2,-1,-1,1,-1,1,1,1,1,1,1,1,1,0,0,0,1,1,0,1,0,-5,-0.3125,-6,-0.75,8,3,0,0,NA,0,0,1,""
201,"100","UNI79","","Final Year","","","","2","Non-UKRN",3,1,1,2,2,2,1,2,2,2,2,1,2,1,0,-1,-1,1,1,2,-1,0,1,1,1,1,1,1,NA,1,1,1,1,0,0,0,0,0,0,0,0,19,1.1875,6,0.75,NA,0,1,0,1,0,0,1,"This was very heavily quant-focussed. Some things like adding additional participants for ex is not so problematic for a qual study."
202,"100","UNI79","","Year 1","","","","2","Non-UKRN",3,2,2,2,-2,2,-2,2,-2,-2,-2,1,2,-1,-2,-2,2,2,-2,-2,-2,2,-2,-1,1,NA,NA,NA,NA,NA,NA,1,1,0,0,0,0,0,0,0,0,0,0,-4,-0.5,NA,0,1,1,0,0,0,1,""
207,"79","UNI79","","Year 1","","","","4","Non-UKRN",3,1,1,1,1,1,-1,1,1,-1,-1,1,1,1,-1,-1,-1,1,-1,-2,-2,-2,-1,-1,1,1,1,1,1,1,1,1,1,0,0,0,0,1,0,0,1,4,0.25,-7,-0.875,8,2,0,0,NA,0,0,0,""
208,"61","UNI79","","Year 2","","","","2","Non-UKRN",3,1,1,1,1,0,0,1,1,1,0,1,1,0,0,-1,-1,-1,1,1,-1,-2,-1,1,0,NA,NA,1,1,NA,1,NA,1,0,0,0,0,0,0,0,0,7,0.4375,-2,-0.25,NA,0,1,1,0,0,0,1,""
209,"88","UNI79","","Final Year","","","","2","Non-UKRN",3,1,2,1,-1,-1,0,1,0,1,-1,1,2,0,2,-1,-1,1,1,0,-1,0,-1,1,0,NA,NA,NA,NA,NA,NA,NA,1,0,0,0,0,0,0,0,0,6,0.375,1,0.125,NA,0,0,0,NA,0,0,1,""
211,"100","UNI79","","Year 2","","","","2","Non-UKRN",3,1,1,1,0,1,0,2,1,1,0,1,1,1,-1,-1,-1,1,0,2,-1,-1,-1,1,1,1,NA,1,NA,NA,1,NA,1,0,0,0,0,0,0,0,0,8,0.5,2,0.25,NA,0,0,0,NA,0,0,1,""
213,"100","UNI79","","Final Year","","","","2","Non-UKRN",3,1,1,-1,-1,-1,1,1,1,1,1,1,1,1,1,-1,-1,1,1,0,-1,-2,-1,0,0,1,1,1,1,1,1,1,1,0,0,0,0,0,0,0,1,6,0.375,-2,-0.25,8,1,0,0,NA,0,0,0,""
215,"100","UNI19","","Year 1","","","","1","Non-UKRN",3,2,1,1,0,1,1,2,1,1,1,1,1,1,0,-1,-1,1,1,1,1,1,1,2,1,NA,1,NA,NA,NA,1,NA,1,0,0,0,0,0,0,0,0,12,0.75,9,1.125,NA,0,1,0,0,0,0,1,""
216,"100","UNI19","","Year 1","","","","2","Non-UKRN",3,1,1,0,0,0,0,1,-1,1,0,1,0,1,-1,0,0,0,1,1,-1,0,1,2,0,1,1,1,1,1,1,1,1,0,0,0,0,0,0,0,0,4,0.25,4,0.5,8,0,0,0,NA,0,0,1,""
217,"100","UNI19","","Year 1","","","","2","Non-UKRN",3,2,2,2,-2,1,0,0,-2,1,-1,2,2,2,-2,2,1,-1,-1,2,1,-2,1,2,0,1,1,1,1,NA,NA,NA,1,0,0,0,0,0,0,0,0,10,0.625,2,0.25,NA,0,1,1,0,0,0,0,""
218,"100","UNI19","","Year 1","","","","2","Non-UKRN",3,-1,1,-2,1,-1,-1,-1,-1,-2,1,1,2,0,0,-1,-1,1,-2,-1,-2,-1,0,2,0,1,1,1,1,1,1,1,1,0,0,0,0,0,0,0,0,-5,-0.3125,-3,-0.375,8,0,1,1,0,0,0,1,"n/a"
219,"100","UNI19","","Year 1","","","","1","Non-UKRN",3,2,2,2,2,2,2,1,-1,1,2,2,2,2,-2,-2,-2,1,1,1,1,-2,-2,2,0,1,NA,1,1,NA,NA,NA,1,0,0,0,0,0,0,0,0,15,0.9375,2,0.25,NA,0,1,1,1,0,0,1,""
220,"100","UNI19","","Year 1","","","","2","Non-UKRN",3,1,1,1,-1,1,1,2,1,1,1,1,1,1,-1,-1,-1,1,1,1,-1,-1,1,1,-1,NA,1,1,NA,1,1,1,1,0,1,1,0,1,1,0,1,9,0.5625,2,0.25,NA,5,0,0,NA,0,0,1,""
221,"100","UNI19","","Year 1","","","","2","Non-UKRN",3,1,1,1,1,0,0,-1,0,0,1,1,1,-1,1,-2,-2,1,1,-2,-2,0,1,1,1,1,1,1,1,1,1,1,1,0,0,1,0,0,0,0,1,2,0.125,1,0.125,8,2,0,0,NA,1,0,1,""
222,"100","UNI19","","Year 1","","","","2","Non-UKRN",3,2,1,0,1,1,1,0,2,0,1,2,1,0,1,-1,-1,1,0,-1,-2,-1,0,1,0,1,1,1,1,1,1,1,1,0,0,0,1,0,1,0,0,11,0.6875,-2,-0.25,8,2,0,0,NA,0,0,1,""
223,"100","UNI19","","Year 1","","","","1","Non-UKRN",3,1,2,1,1,0,1,0,0,1,1,1,2,1,-1,-1,0,1,1,1,-1,0,1,-1,1,1,1,1,NA,NA,1,NA,1,0,0,1,0,0,1,0,1,10,0.625,3,0.375,NA,3,1,1,0,0,0,0,""
224,"100","UNI19","","Year 1","","","","1","Non-UKRN",3,2,1,2,2,2,2,0,-2,0,2,0,2,1,-1,0,0,1,2,-2,-2,-1,0,2,0,1,1,1,NA,1,1,NA,1,0,0,0,0,0,0,0,0,13,0.8125,0,0,NA,0,0,0,NA,0,0,1,""
226,"100","UNI19","","Year 1","","","","3","Non-UKRN",3,1,1,0,1,1,0,2,1,2,2,2,2,2,1,-1,0,0,0,1,0,-1,-1,2,2,1,1,1,1,NA,1,1,1,0,0,1,0,0,1,0,0,17,1.0625,3,0.375,NA,2,1,1,0,1,1,1,""
227,"100","UNI19","","Year 1","","","","2","Non-UKRN",3,1,1,1,1,0,0,2,1,1,1,2,1,0,-1,0,0,1,1,0,-1,-1,0,1,0,1,1,1,NA,NA,NA,NA,1,0,0,0,0,0,0,0,1,11,0.6875,1,0.125,NA,1,0,0,NA,1,0,1,""
228,"100","UNI19","","Year 1","","","","1","Non-UKRN",3,-1,1,0,1,0,1,1,0,1,1,1,1,1,1,0,0,1,0,1,1,-1,1,1,1,1,1,1,NA,NA,1,NA,1,0,0,1,0,0,1,0,0,9,0.5625,5,0.625,NA,2,1,0,1,0,0,1,""
229,"100","UNI19","","Year 1","","","","2","Non-UKRN",3,2,1,1,1,1,1,1,1,1,1,0,1,1,1,1,-1,1,1,-2,0,-1,1,0,1,1,NA,1,NA,1,1,NA,NA,0,0,1,0,0,1,0,0,14,0.875,1,0.125,NA,2,0,0,NA,0,0,1,""
231,"100","UNI19","","Year 1","","","","2","Non-UKRN",3,1,1,1,1,1,1,2,1,2,2,2,0,1,-1,0,-1,1,0,1,0,0,1,1,1,1,1,1,1,1,1,1,1,0,0,1,0,0,0,0,1,14,0.875,5,0.625,8,2,1,1,0,0,0,1,""
232,"100","UNI19","","Year 1","","","","2","Non-UKRN",3,1,0,0,-1,-1,1,1,1,0,0,1,1,1,0,0,-1,0,0,1,0,-1,0,0,0,1,1,1,1,1,1,1,1,0,0,1,1,1,1,0,0,4,0.25,0,0,8,4,1,1,0,0,0,1,""
233,"100","UNI19","","Year 1","","","","1","Non-UKRN",3,1,1,1,1,0,-1,1,-1,1,1,-1,1,-2,-1,-1,-1,1,1,1,-2,-1,1,0,1,1,1,1,1,NA,1,NA,1,0,0,0,0,0,0,0,0,0,0,2,0.25,NA,0,0,0,NA,1,1,1,""
234,"100","UNI19","","Year 1","","","","1","Non-UKRN",3,2,2,2,2,2,2,2,1,2,2,2,-1,1,-1,0,1,2,2,2,-2,-1,2,1,1,1,1,1,1,1,1,1,1,1,1,0,0,0,0,1,0,21,1.3125,7,0.875,8,3,0,0,NA,0,0,1,""
235,"100","UNI19","","Year 1","","","","2","Non-UKRN",3,2,0,1,0,0,1,0,-1,0,0,0,2,1,0,-1,-2,1,0,2,0,-1,1,1,0,1,1,1,1,1,1,1,1,0,0,0,0,0,0,0,1,3,0.1875,4,0.5,8,1,0,0,NA,0,0,1,""
236,"100","UNI19","","Year 1","","","","2","Non-UKRN",3,1,1,1,0,1,0,2,1,1,1,2,2,1,-1,-1,-2,1,1,1,1,-1,-1,1,-1,1,1,1,1,1,1,NA,1,1,1,1,1,0,1,0,1,10,0.625,2,0.25,NA,6,1,1,0,0,0,1,""
237,"100","UNI19","","Year 1","","","","2","Non-UKRN",3,2,1,2,0,0,0,1,1,2,1,2,2,2,2,-1,-2,-2,0,-2,2,-2,0,2,0,1,1,1,1,1,1,1,1,1,1,1,0,0,1,0,1,15,0.9375,-2,-0.25,8,5,1,1,0,0,0,1,""
240,"100","UNI19","","Year 1","","","","1","Non-UKRN",3,-1,-1,1,2,1,-1,1,-1,1,-1,0,-1,0,-1,0,0,2,1,2,0,1,1,0,1,1,1,1,1,1,1,1,1,0,0,1,1,1,1,1,1,-1,-0.0625,8,1,8,6,0,0,NA,0,0,1,""
241,"100","UNI19","","Year 1","","","","2","Non-UKRN",3,-1,1,1,-1,1,1,1,-1,-1,-1,1,2,-1,0,-1,-2,1,-1,1,-1,-2,-1,1,1,NA,NA,1,1,NA,1,NA,1,0,0,1,1,0,1,0,0,-1,-0.0625,-1,-0.125,NA,3,1,1,1,0,0,1,""
242,"100","UNI19","","Year 1","","","","1","Non-UKRN",3,1,2,-1,-1,0,0,-1,0,0,0,-1,1,0,-1,-1,0,1,0,-2,0,-1,-1,0,0,NA,1,1,1,1,NA,1,NA,0,1,1,1,0,0,0,0,-2,-0.125,-3,-0.375,NA,3,0,0,NA,0,0,0,""
243,"100","UNI19","","Year 1","","","","2","Non-UKRN",3,2,2,2,0,2,0,2,1,2,1,2,2,1,-1,-1,-2,2,0,2,-1,-2,0,2,2,1,1,1,1,1,1,1,1,1,1,1,0,0,1,0,1,15,0.9375,5,0.625,8,5,1,0,0,1,0,1,"n/a"
244,"100","UNI19","","Year 1","","","","2","Non-UKRN",3,1,1,-1,0,0,1,1,1,0,0,1,2,-1,1,-2,-1,-1,-2,-1,1,-1,1,1,-1,1,NA,NA,NA,NA,NA,NA,1,1,0,0,0,0,0,0,0,4,0.25,-3,-0.375,NA,1,0,0,NA,0,0,0,""
245,"76","UNI19","","Year 1","","","","2","Non-UKRN",3,2,2,2,2,2,1,2,1,2,2,0,1,0,-1,0,0,1,2,2,0,0,1,0,2,1,1,1,1,1,1,NA,1,0,0,0,0,0,0,0,0,18,1.125,8,1,NA,0,1,1,1,1,0,1,""
246,"100","UNI19","","Year 1","","","","1","Non-UKRN",3,-1,1,1,1,1,1,1,-1,1,2,1,0,1,-1,-1,-1,-1,1,1,-2,-2,0,1,0,1,1,1,1,1,1,1,1,0,1,0,1,1,0,1,0,6,0.375,-2,-0.25,8,4,0,0,NA,0,0,0,""
247,"100","UNI19","","Year 1","","","","2","Non-UKRN",3,2,1,1,0,1,0,1,0,0,0,1,0,1,-1,0,-1,-1,-1,1,0,-1,1,0,1,1,NA,1,1,1,1,NA,1,1,0,1,0,0,0,0,0,6,0.375,0,0,NA,2,1,0,0,0,0,1,""
248,"100","UNI19","","Year 1","","","","2","Non-UKRN",3,2,0,1,1,1,0,1,1,2,1,2,2,0,2,-1,-1,1,1,1,1,-1,1,2,2,1,1,1,1,1,1,1,1,0,1,0,1,0,0,1,0,14,0.875,8,1,8,3,0,0,NA,0,0,1,""
267,"100","UKRN06","","Year 1","","","","2","UKRN",3,2,1,0,1,1,0,0,0,2,0,1,2,1,-1,-2,-1,0,0,1,1,2,-1,0,0,NA,NA,1,NA,NA,NA,NA,1,0,0,0,0,1,0,0,1,7,0.4375,3,0.375,NA,2,0,0,NA,0,0,1,"No thank you"
268,"100","UKRN06","","Year 2","","","","2","UKRN",3,1,1,2,1,1,1,1,2,1,1,1,2,1,1,-1,-2,1,1,1,2,-1,1,1,1,1,1,1,1,1,1,1,1,0,0,0,0,1,1,0,0,14,0.875,7,0.875,8,2,1,1,0,1,1,1,""
269,"100","UKRN06","","Year 2","","","","2","UKRN",3,1,1,1,1,1,1,2,-1,2,2,1,1,2,2,0,-1,2,1,2,2,-1,2,1,1,1,1,1,1,NA,1,1,1,1,1,1,0,0,0,1,1,16,1,10,1.25,NA,5,1,1,1,1,1,1,""
270,"100","UKRN06","","Year 2","","","","2","UKRN",3,2,2,1,2,1,1,0,-1,2,2,2,2,2,2,1,0,2,1,2,2,0,2,2,1,1,1,1,1,1,1,1,1,1,1,0,1,0,0,1,1,21,1.3125,12,1.5,8,5,1,1,1,1,1,1,""
271,"100","UKRN06","","Year 2","","","","2","UKRN",3,1,0,2,1,1,1,0,1,1,2,1,2,0,1,0,-1,2,1,1,-1,-1,0,0,1,1,1,1,1,1,1,1,1,1,0,1,0,0,0,1,1,13,0.8125,3,0.375,8,4,1,1,0,1,1,0,""
272,"100","UKRN06","","Year 1","","","","1","UKRN",3,1,0,1,-1,0,0,1,0,1,0,1,0,1,-1,1,-1,1,-1,1,0,-1,0,-1,0,1,1,1,1,1,1,1,1,0,0,1,0,1,1,1,1,4,0.25,-1,-0.125,8,5,1,0,0,1,1,1,"na"
273,"100","UKRN06","","Year 2","","","","1","UKRN",3,2,1,1,1,1,1,2,2,1,2,-1,2,-1,1,-1,-2,1,1,1,1,1,-1,1,1,1,1,1,1,1,1,1,1,0,1,1,0,0,0,0,0,12,0.75,6,0.75,8,2,1,1,1,0,0,1,""
274,"100","UKRN06","","Year 1","","","","2","UKRN",3,2,1,0,-1,0,-1,2,-1,0,-1,1,2,2,-1,0,-1,-2,0,-1,-1,-1,-1,-1,1,1,1,1,1,1,1,1,1,0,0,1,0,0,1,0,1,4,0.25,-6,-0.75,8,3,1,1,0,0,0,1,""
275,"100","UKRN06","","Year 1","","","","2","UKRN",3,1,1,1,2,2,1,1,0,2,2,2,2,2,1,-1,-1,2,2,1,-1,-1,1,1,2,1,NA,1,NA,NA,1,NA,1,0,0,1,0,0,0,0,0,18,1.125,7,0.875,NA,1,1,0,0,1,1,1,""
276,"100","UKRN06","","Year 1","","","","2","UKRN",3,2,1,2,1,1,1,2,1,2,2,1,1,0,1,-1,-1,2,1,1,-1,-2,0,1,1,1,NA,NA,NA,NA,NA,1,1,0,0,0,0,0,0,0,0,16,1,3,0.375,NA,0,1,1,0,0,0,1,""
277,"100","UKRN06","","Year 2","","","","2","UKRN",3,1,1,1,2,0,1,2,1,0,1,1,2,2,1,0,-1,1,1,1,1,-1,0,2,1,1,1,1,1,1,1,1,1,1,0,1,0,0,1,1,1,15,0.9375,6,0.75,8,5,1,1,1,0,0,1,""
278,"100","UKRN06","","Year 1","","","","2","UKRN",3,2,2,2,2,2,2,2,2,2,2,-1,2,2,-2,-2,-1,2,2,2,0,-2,0,0,0,1,NA,1,NA,NA,1,NA,NA,0,0,1,0,0,1,0,0,18,1.125,4,0.5,NA,2,0,0,NA,0,0,0,""
279,"100","UKRN06","","Year 1","","","","2","UKRN",3,2,1,1,2,1,0,0,-1,1,0,2,2,2,-2,0,-2,1,1,-2,-1,-1,0,1,0,1,1,1,1,1,1,1,1,0,0,1,0,1,1,0,1,9,0.5625,-1,-0.125,8,4,0,0,NA,1,0,0,""
280,"100","UKRN06","","Year 1","","","","2","UKRN",3,1,1,0,0,1,0,1,1,1,1,1,2,1,-1,0,0,1,-1,0,-2,0,1,2,0,1,NA,1,NA,1,NA,NA,1,0,0,1,0,1,0,0,1,10,0.625,1,0.125,NA,3,0,0,NA,0,0,1,""
281,"100","UKRN06","","Year 1","","","","2","UKRN",3,2,2,0,2,1,1,2,1,-2,-2,2,2,2,2,-2,-2,1,1,1,-2,-2,-1,2,1,1,1,1,NA,NA,1,NA,1,1,0,1,0,0,1,1,0,11,0.6875,1,0.125,NA,4,1,0,1,1,0,1,""
282,"100","UKRN06","","Year 1","","","","2","UKRN",3,2,2,2,2,1,1,1,1,-1,-1,2,2,2,-2,-2,-2,1,1,1,2,-2,1,2,1,1,1,1,NA,NA,1,1,1,1,1,0,0,0,0,0,1,10,0.625,7,0.875,NA,3,1,1,1,0,1,1,""
283,"100","UKRN06","","Year 2","","","","2","UKRN",3,2,1,1,2,2,2,2,2,2,2,2,2,2,-1,-1,-1,1,1,2,2,-1,2,2,2,1,1,1,1,1,1,1,1,1,1,1,1,0,1,1,1,21,1.3125,11,1.375,8,7,1,1,1,1,1,1,"N/A"
284,"100","UKRN06","","Year 1","","","","2","UKRN",3,2,2,2,2,2,2,2,2,2,2,2,2,0,-2,2,-1,1,1,-1,-1,-1,1,1,1,1,1,1,1,1,1,1,1,0,1,0,1,0,1,0,0,23,1.4375,2,0.25,8,3,0,0,NA,0,1,1,""
285,"100","UKRN06","","Year 2","","","","2","UKRN",3,2,2,2,2,0,2,2,0,2,2,0,2,1,0,0,0,2,2,2,0,1,2,0,0,1,1,1,1,1,1,1,1,1,1,1,0,0,1,1,1,19,1.1875,9,1.125,8,6,1,1,0,0,0,1,""
286,"100","UKRN06","","Year 1","","","","2","UKRN",3,1,2,2,1,0,0,2,0,2,1,0,2,1,1,-2,-1,1,1,1,2,-2,0,1,1,1,1,1,NA,NA,1,NA,1,1,0,0,0,0,0,0,0,12,0.75,5,0.625,NA,1,0,0,NA,0,1,1,""
287,"100","UKRN06","","Year 2","","","","2","UKRN",3,1,1,1,1,0,0,1,-1,1,1,1,2,1,1,0,0,1,1,2,1,0,1,1,0,1,1,1,1,NA,1,1,1,0,0,1,0,0,0,1,0,11,0.6875,7,0.875,NA,2,0,0,NA,1,1,1,""
288,"100","UKRN06","","Year 2","","","","2","UKRN",3,1,1,1,1,1,0,1,1,1,0,0,2,2,0,0,0,2,1,2,2,0,1,0,0,1,1,1,1,NA,NA,1,1,0,0,1,0,0,0,1,1,12,0.75,8,1,NA,3,1,1,1,0,1,1,""
289,"100","UKRN06","","Year 2","","","","2","UKRN",3,0,0,1,1,-2,0,1,-1,0,-1,-2,1,0,0,0,0,0,1,1,-2,1,-2,1,2,1,1,1,1,1,1,1,1,1,1,0,0,1,1,1,0,-2,-0.125,2,0.25,8,5,0,0,NA,0,0,0,""
290,"100","UKRN06","","Year 1","","","","2","UKRN",3,0,1,1,1,1,0,2,1,1,1,0,2,0,-1,-1,-1,-1,1,2,0,-1,1,0,1,NA,1,1,NA,NA,1,1,1,1,0,0,0,0,1,1,1,8,0.5,3,0.375,NA,4,1,1,0,0,0,1,""
291,"100","UKRN06","","Year 2","","","","2","UKRN",3,2,2,1,2,1,2,2,1,2,2,1,1,2,1,0,-1,2,2,1,1,1,1,1,1,1,1,1,1,1,1,1,1,0,1,0,0,1,1,0,0,21,1.3125,10,1.25,8,3,1,1,0,0,1,1,""
292,"100","UKRN06","","Year 1","","","","2","UKRN",3,2,1,0,2,-1,-1,2,2,1,1,0,2,1,-1,1,0,2,1,1,-2,0,0,1,1,NA,NA,1,NA,NA,1,NA,NA,0,0,0,0,0,1,0,0,12,0.75,4,0.5,NA,1,0,0,NA,0,0,1,""
293,"100","UKRN06","","Year 1","","","","2","UKRN",3,1,1,1,0,1,0,1,0,1,1,2,1,1,-1,-1,-2,1,0,-1,-1,-2,0,1,0,1,1,1,1,1,1,1,1,0,0,0,0,0,0,0,0,7,0.4375,-2,-0.25,8,0,1,0,0,0,1,1,""
294,"100","UKRN06","","Year 1","","","","2","UKRN",3,2,2,1,2,1,1,2,1,1,-2,0,1,0,1,-1,-1,1,2,-1,0,-2,1,-1,1,NA,NA,1,NA,NA,1,NA,1,0,0,0,0,0,0,0,0,11,0.6875,1,0.125,NA,0,1,1,0,0,0,1,""
295,"100","UKRN06","","Year 2","","","","2","UKRN",3,1,1,2,1,2,1,1,0,1,0,1,1,1,-1,0,-1,2,1,-1,-1,-1,1,1,1,1,1,1,1,NA,1,1,1,1,1,1,0,0,0,1,1,11,0.6875,3,0.375,NA,5,1,1,1,0,0,1,""
296,"100","UKRN06","","Year 1","","","","2","UKRN",3,2,1,0,0,0,-1,2,1,1,2,1,1,-1,-1,-1,-2,-1,-1,2,-1,-2,1,1,1,1,NA,1,1,NA,1,NA,1,0,0,1,1,0,1,0,0,5,0.3125,0,0,NA,3,1,0,0,0,0,0,""
297,"100","UKRN06","","Year 1","","","","1","UKRN",3,1,1,0,-1,1,0,1,0,-1,-1,-1,2,0,1,0,-1,2,1,1,0,-1,-1,-1,0,1,1,1,1,1,1,1,1,1,1,1,0,0,1,0,0,2,0.125,1,0.125,8,4,0,0,NA,0,0,1,""
298,"100","UKRN06","","Year 1","","","","2","UKRN",3,2,2,1,-1,0,1,1,1,1,0,0,1,-1,-1,-1,-2,1,1,0,-1,-1,0,0,1,1,1,1,1,1,1,1,1,0,0,0,0,0,0,0,1,4,0.25,1,0.125,8,1,0,0,NA,1,1,0,""
299,"100","UKRN06","","Year 1","","","","2","UKRN",3,1,1,1,0,0,0,1,1,1,-1,1,2,1,2,0,-1,1,1,0,-1,-1,1,1,1,1,NA,1,NA,NA,NA,NA,1,0,0,0,0,0,0,0,0,10,0.625,3,0.375,NA,0,1,1,0,0,0,0,""
300,"100","UKRN06","","Year 1","","","","2","UKRN",3,2,2,1,2,1,1,0,0,0,0,1,2,0,-1,-1,-2,2,1,1,-2,-2,-2,1,1,1,1,1,1,1,1,1,1,0,0,0,1,0,0,0,1,8,0.5,0,0,8,2,1,0,0,0,0,1,""
301,"100","UKRN06","","Year 2","","","","2","UKRN",3,2,1,2,2,0,0,2,2,2,2,2,2,2,-1,0,0,2,2,2,2,-1,2,2,0,1,1,1,1,NA,1,1,1,1,1,0,0,0,0,1,1,20,1.25,11,1.375,NA,4,1,1,1,1,1,1,""
302,"100","UKRN06","","Year 1","","","","2","UKRN",3,-1,1,0,2,2,2,2,1,1,2,1,2,2,-1,-1,0,2,2,-1,-1,1,1,2,1,1,NA,1,NA,NA,NA,NA,1,0,0,0,0,0,0,0,0,15,0.9375,7,0.875,NA,0,1,1,1,1,1,1,""
303,"100","UKRN06","","Year 1","","","","2","UKRN",3,2,1,1,1,0,0,0,-1,-1,-2,-1,-2,0,1,2,0,1,1,1,-1,0,2,1,0,1,NA,1,NA,NA,1,NA,1,0,0,0,0,0,0,0,0,1,0.0625,5,0.625,NA,0,0,0,NA,1,1,1,""
304,"100","UKRN06","","Year 2","","","","1","UKRN",3,1,1,1,2,1,1,2,0,2,2,1,2,2,1,2,1,2,1,2,2,1,2,1,1,1,1,1,1,1,1,1,1,0,1,1,1,1,1,1,1,22,1.375,12,1.5,8,7,1,1,1,1,1,1,""
305,"100","UKRN06","","Year 1","","","","2","UKRN",3,1,2,2,2,1,2,0,0,2,2,1,2,0,0,-2,-2,2,1,-1,-2,-2,0,2,2,NA,1,1,1,NA,1,NA,1,0,0,0,0,0,0,0,0,13,0.8125,2,0.25,NA,0,0,0,NA,0,0,1,""
306,"100","UKRN06","","Year 1","","","","2","UKRN",3,2,1,1,1,1,-1,1,2,2,1,-1,2,2,0,-1,0,1,1,-2,-2,-1,0,-1,1,1,NA,NA,NA,NA,NA,NA,NA,0,0,0,0,0,0,0,0,13,0.8125,-3,-0.375,NA,0,0,0,NA,1,1,1,""
307,"100","UKRN06","","Year 1","","","","2","UKRN",3,1,2,0,-1,1,1,0,-1,1,1,2,1,1,1,-2,-1,-1,-1,1,-1,-1,1,2,0,1,1,1,NA,1,1,1,1,1,0,0,0,0,0,0,0,7,0.4375,0,0,NA,1,1,0,1,0,1,1,""
308,"100","UKRN06","","Year 1","","","","2","UKRN",3,2,0,1,2,0,1,1,-1,1,1,0,2,-1,1,-1,-1,-2,1,0,0,-1,0,2,-2,1,NA,1,NA,NA,NA,1,1,0,0,0,0,0,0,0,0,8,0.5,-2,-0.25,NA,0,0,0,NA,0,1,0,""
309,"100","UKRN06","","Year 2","","","","2","UKRN",3,1,0,1,1,0,1,1,-1,2,2,1,2,-2,1,-1,-1,2,0,2,-1,0,2,0,2,1,1,1,1,1,1,1,1,0,0,0,0,1,0,0,0,8,0.5,7,0.875,8,1,1,1,0,1,0,1,""
310,"100","UKRN06","","Year 1","","","","2","UKRN",3,1,1,0,-1,1,1,1,0,0,0,-2,2,1,0,-2,-2,2,0,0,0,-1,0,0,0,1,1,1,1,1,1,1,1,1,0,1,0,0,1,0,0,1,0.0625,1,0.125,8,3,0,0,NA,0,1,0,""
311,"100","UKRN06","","Year 1","","","","2","UKRN",3,2,2,2,1,1,1,1,-1,1,1,2,0,1,1,-1,-2,2,1,1,-2,-2,-1,1,0,1,1,1,1,1,1,1,1,0,0,0,1,1,0,1,0,12,0.75,0,0,8,3,1,1,1,0,0,1,"N/A"
312,"100","UKRN06","","Year 1","","","","2","UKRN",3,1,2,1,1,0,0,2,-1,1,1,1,1,1,1,-1,-1,1,-1,1,-1,-1,1,1,-1,1,1,1,NA,NA,NA,1,1,0,0,0,0,0,0,0,0,10,0.625,0,0,NA,0,1,0,1,0,0,0,""
313,"100","UKRN06","","Year 1","","","","2","UKRN",3,2,2,2,2,2,2,1,1,2,2,1,2,1,1,0,1,2,2,1,2,1,2,1,2,1,1,1,NA,NA,1,1,1,1,1,1,0,0,1,1,1,24,1.5,13,1.625,NA,6,1,1,1,1,1,1,""
314,"100","UKRN06","","Year 1","","","","2","UKRN",3,-2,1,-2,-1,-2,-1,-2,-1,-2,-1,-2,-2,2,-2,1,-1,1,1,1,1,-2,1,1,-1,1,1,1,1,1,1,1,1,0,0,0,0,0,0,0,0,-17,-1.0625,3,0.375,8,0,0,0,NA,0,0,0,""
315,"100","UKRN06","","Year 1","","","","2","UKRN",3,2,1,1,-1,0,0,2,0,1,1,1,2,1,1,-1,-2,1,-2,-1,1,-2,0,1,0,1,1,1,1,1,1,1,1,0,0,1,0,0,1,0,1,9,0.5625,-2,-0.25,8,3,1,1,1,0,0,1,""
316,"100","UKRN06","","Year 2","","","","2","UKRN",3,1,2,-1,-1,-1,0,1,0,1,2,1,1,1,1,0,-1,1,0,0,1,0,0,1,0,1,1,1,1,1,1,1,1,0,0,0,0,0,0,1,1,7,0.4375,3,0.375,8,2,0,0,NA,0,0,1,""
317,"100","UKRN06","","Year 1","","","","2","UKRN",3,2,1,1,2,2,2,2,-1,1,2,1,1,2,-1,0,-2,-1,1,-1,-1,-1,-1,2,2,1,1,1,1,NA,NA,NA,1,0,0,0,0,0,0,0,1,15,0.9375,0,0,NA,1,1,1,1,1,1,1,""
318,"100","UKRN06","","Year 1","","","","2","UKRN",3,1,1,1,0,0,1,2,1,1,0,1,2,2,0,0,0,1,0,2,0,-1,0,0,0,NA,NA,1,1,NA,NA,NA,NA,0,0,0,0,0,0,0,0,13,0.8125,2,0.25,NA,0,1,1,1,0,0,0,""
319,"100","UKRN06","","Year 2","","","","2","UKRN",3,1,1,1,1,1,1,1,1,1,1,1,1,0,0,0,-1,1,0,1,1,-1,1,0,1,1,NA,1,NA,NA,1,1,1,0,0,1,0,0,0,1,1,11,0.6875,4,0.5,NA,3,1,1,0,0,0,1,""
320,"100","UKRN06","","Year 2","","","","1","UKRN",3,2,2,2,2,1,0,1,1,0,2,2,2,2,-2,1,0,1,1,1,-1,0,2,2,1,1,1,1,1,1,1,1,1,0,0,0,0,1,1,0,0,18,1.125,7,0.875,8,2,1,1,1,1,1,1,""
321,"100","UKRN06","","Year 1","","","","1","UKRN",3,2,2,2,2,1,1,2,2,2,2,2,2,2,-2,-1,-1,2,2,2,-2,-2,2,2,2,1,1,1,1,NA,NA,1,1,1,0,1,0,0,0,1,1,20,1.25,8,1,NA,4,1,1,0,1,1,1,""
322,"100","UKRN06","","Year 1","","","","2","UKRN",3,1,1,1,-1,0,1,-1,-1,1,1,2,2,-1,-1,-1,-1,1,-2,1,0,-1,-1,1,1,1,1,1,NA,NA,NA,1,1,0,0,1,0,0,0,1,0,3,0.1875,0,0,NA,2,0,0,NA,1,0,1,""
323,"100","UKRN06","","Year 1","","","","2","UKRN",3,2,1,1,1,2,2,2,2,2,1,1,2,1,0,-1,-1,2,2,2,-1,-2,0,-1,-1,NA,NA,NA,NA,NA,NA,NA,1,0,0,0,0,0,0,0,0,18,1.125,1,0.125,NA,0,0,0,NA,0,0,1,""
324,"100","UKRN06","","Year 1","","","","2","UKRN",3,2,1,0,-1,-1,1,1,0,1,-1,2,1,1,1,-1,1,-1,1,-1,1,-1,1,1,1,1,1,NA,1,NA,NA,1,NA,0,0,0,0,0,0,0,0,8,0.5,2,0.25,NA,0,0,0,NA,1,0,0,"no"
325,"100","UKRN06","","Year 1","","","","2","UKRN",3,2,2,2,2,1,2,1,-1,2,2,2,0,1,1,1,1,2,1,2,2,1,2,1,1,1,1,1,1,1,1,1,1,1,1,0,0,0,0,0,0,21,1.3125,12,1.5,8,2,1,1,1,1,1,1,""
326,"100","UKRN06","","Year 1","","","","2","UKRN",3,1,1,2,2,2,2,2,1,2,2,0,2,0,0,-1,-1,2,1,1,-1,-1,0,0,1,NA,NA,1,NA,1,1,1,1,0,0,0,0,0,0,0,0,17,1.0625,3,0.375,NA,0,1,1,0,0,0,1," ."
327,"100","UKRN06","","Year 1","","","","2","UKRN",3,2,1,0,1,-1,-1,1,1,1,-1,-1,2,1,2,-1,-2,1,0,-1,-2,-2,-1,1,1,1,NA,1,NA,NA,NA,NA,1,0,0,1,0,0,0,0,0,5,0.3125,-3,-0.375,NA,1,0,0,NA,0,0,0,""
328,"100","UKRN06","","Year 1","","","","2","UKRN",3,2,2,0,1,1,-1,2,-1,2,1,1,2,1,-1,-1,-2,2,-1,1,1,-2,-1,1,-1,1,1,1,1,1,1,1,1,1,0,1,0,0,1,0,0,9,0.5625,0,0,8,3,1,1,0,0,0,1,""
329,"100","UKRN06","","Year 2","","","","2","UKRN",3,2,1,2,1,2,2,2,2,2,2,1,2,1,0,0,0,0,0,2,1,1,2,1,1,1,1,1,1,1,1,1,1,1,0,0,0,0,0,1,1,22,1.375,8,1,8,3,1,1,0,0,1,1,""
330,"100","UKRN06","","Year 1","","","","1","UKRN",3,1,1,1,1,1,1,2,2,1,1,0,-1,1,0,0,1,1,1,1,-2,1,1,0,-1,1,1,1,1,1,1,1,1,0,1,0,1,1,0,1,0,13,0.8125,2,0.25,8,4,1,0,0,0,0,1,""
331,"100","UKRN06","","Year 2","","","","2","UKRN",3,2,2,2,2,1,1,2,1,2,2,2,2,2,2,-1,-2,1,1,1,-2,-1,1,1,1,1,1,1,1,1,1,1,1,0,0,0,0,1,0,0,0,22,1.375,3,0.375,8,1,1,1,0,1,1,1,""
332,"100","UKRN06","","Final Year","","","","2","UKRN",3,1,2,2,2,1,0,2,-2,2,1,2,2,2,1,0,0,2,2,2,-2,0,1,2,2,1,1,1,1,1,1,1,1,1,1,0,0,0,0,1,1,18,1.125,9,1.125,8,4,1,1,0,1,1,1,""
333,"100","UKRN06","","Year 1","","","","2","UKRN",3,-1,2,0,2,2,2,2,-1,2,1,-1,2,1,0,-2,-2,-1,1,2,-1,-2,0,-1,2,1,1,1,NA,NA,NA,NA,1,0,0,1,0,0,0,0,1,9,0.5625,0,0,NA,2,0,0,NA,0,0,0,""
334,"100","UKRN06","","Year 1","","","","2","UKRN",3,1,1,1,1,0,0,1,1,1,1,1,1,0,0,0,-1,0,0,0,0,0,0,0,0,1,1,1,1,1,1,1,1,0,0,1,0,0,1,0,1,9,0.5625,0,0,8,3,0,0,NA,0,0,1,""
335,"100","UKRN06","","Year 2","","","","1","UKRN",3,1,1,2,2,2,2,2,2,2,2,1,2,2,1,-1,-2,2,2,2,2,-2,2,2,2,1,1,1,1,NA,1,1,1,1,1,1,0,0,1,1,1,21,1.3125,12,1.5,NA,6,1,1,1,1,1,1,""
336,"100","UKRN06","","Year 1","","","","2","UKRN",3,1,2,1,1,1,0,1,0,1,1,2,2,1,-2,-1,-2,2,1,0,1,-2,-1,1,0,1,1,1,NA,1,1,1,1,1,1,1,0,0,1,1,0,9,0.5625,2,0.25,NA,5,1,1,0,0,0,1,""
337,"100","UKRN06","","Year 2","","","","2","UKRN",3,1,2,1,1,1,1,-1,1,0,1,1,2,1,1,-1,-1,1,0,1,-1,-1,0,2,1,1,1,1,1,NA,1,1,1,1,1,1,0,0,0,1,1,11,0.6875,3,0.375,NA,5,1,1,1,0,0,1,""
338,"100","UKRN06","","Year 1","","","","2","UKRN",3,1,1,0,1,0,-1,1,-2,1,1,2,1,1,-1,-1,-1,1,1,2,1,-2,1,1,0,NA,NA,NA,NA,NA,NA,NA,NA,0,0,0,0,0,0,0,0,4,0.25,5,0.625,NA,0,1,0,1,0,0,1,""
339,"100","UKRN06","","Year 1","","","","2","UKRN",3,1,1,1,2,1,1,1,1,-1,2,0,2,0,1,-2,-1,1,-1,1,-1,1,1,0,0,1,1,1,1,1,1,1,1,0,0,1,0,0,0,0,1,10,0.625,2,0.25,8,2,1,1,0,0,0,1,""
340,"100","UKRN06","","Year 2","","","","2","UKRN",3,2,2,2,1,2,2,2,-1,1,2,2,2,-1,-1,-2,-2,2,2,2,2,-1,1,2,0,1,1,1,1,1,1,1,1,0,0,0,0,0,1,0,0,13,0.8125,10,1.25,8,1,1,1,0,1,1,1,""
341,"100","UKRN06","","Year 1","","","","2","UKRN",3,2,1,2,2,0,-1,2,1,1,0,2,2,2,0,-1,-2,2,1,1,-1,-2,1,1,1,1,1,1,NA,NA,NA,1,1,0,0,0,0,0,0,0,0,13,0.8125,4,0.5,NA,0,1,1,1,0,0,1,""
342,"100","UKRN06","","Year 1","","","","2","UKRN",3,2,1,1,2,1,1,2,2,2,1,0,2,0,-1,0,-2,2,0,2,-1,-2,1,1,1,1,NA,NA,NA,NA,NA,NA,1,0,0,0,0,0,0,0,1,14,0.875,4,0.5,NA,1,1,1,0,0,1,1,""
343,"100","UKRN06","","Year 1","","","","3","UKRN",3,1,1,1,1,1,1,2,1,1,1,1,2,0,-1,0,-1,-2,1,-2,0,0,0,-1,1,1,1,1,NA,NA,1,NA,NA,1,1,1,0,0,1,0,0,12,0.75,-3,-0.375,NA,4,0,0,NA,0,1,0,""
344,"100","UKRN06","","Year 2","","","","2","UKRN",3,2,1,1,1,1,1,2,0,1,1,2,2,2,2,-2,-1,1,1,2,1,-1,1,2,1,1,1,1,1,NA,1,1,1,1,0,1,1,0,1,1,1,16,1,8,1,NA,6,1,1,1,1,1,1,""
345,"100","UKRN06","","Year 2","","","","1","UKRN",3,1,2,1,1,1,1,2,1,2,2,0,1,1,1,-1,-1,-1,0,1,1,-1,1,1,1,1,1,1,1,NA,1,1,1,1,1,1,1,0,1,1,1,15,0.9375,3,0.375,NA,7,1,0,1,1,1,1,""
346,"100","UKRN06","","Year 1","","","","2","UKRN",3,2,2,1,1,1,1,1,0,1,2,2,2,0,1,-1,-1,2,1,0,-2,-1,1,2,2,1,1,1,1,1,1,1,1,0,0,0,0,0,0,0,1,15,0.9375,5,0.625,8,1,1,0,0,1,0,1,""
347,"100","UKRN06","","Year 1","","","","2","UKRN",3,2,1,2,1,1,1,2,-1,1,1,2,2,1,-1,-1,-2,-1,-1,-1,-1,-2,1,1,1,NA,NA,NA,NA,NA,NA,NA,1,0,0,0,0,0,0,0,0,12,0.75,-3,-0.375,NA,0,0,0,NA,0,0,1,""
348,"100","UKRN06","","Year 1","","","","2","UKRN",3,2,1,1,1,0,2,2,1,2,2,2,2,1,2,-2,1,2,1,2,2,-1,-2,1,2,1,1,1,1,NA,1,NA,1,0,1,1,1,0,1,0,0,20,1.25,7,0.875,NA,4,0,0,NA,0,0,1,""
349,"100","UKRN06","","Year 1","","","","2","UKRN",3,2,1,2,1,1,0,1,0,1,1,1,2,0,-1,-2,-2,0,-1,0,-2,-2,1,0,1,NA,NA,NA,NA,NA,NA,NA,NA,0,0,0,0,0,0,0,0,8,0.5,-3,-0.375,NA,0,0,0,NA,0,1,0,""
350,"100","UKRN06","","Year 1","","","","2","UKRN",3,1,2,2,2,2,1,-2,-1,2,2,2,2,0,0,0,-2,2,2,0,-1,-1,-2,1,1,1,NA,1,NA,NA,1,1,1,0,0,1,0,0,1,0,1,13,0.8125,2,0.25,NA,3,1,0,0,0,0,1,""
351,"100","UKRN06","","Year 1","","","","2","UKRN",3,0,0,0,-1,1,0,1,1,1,0,-1,2,0,0,-2,0,0,1,0,-1,-1,0,0,1,NA,NA,NA,NA,NA,NA,1,1,0,0,0,0,0,0,0,0,2,0.125,0,0,NA,0,0,0,NA,0,0,0,""
352,"100","UKRN06","","Year 2","","","","2","UKRN",3,2,2,2,2,1,1,2,2,1,1,1,1,2,-2,1,0,2,2,2,1,-1,1,1,1,1,NA,NA,1,NA,NA,1,1,1,0,0,1,0,0,1,1,19,1.1875,9,1.125,NA,4,1,1,1,0,1,1,""
353,"100","UKRN06","","Year 1","","","","2","UKRN",3,2,2,0,2,1,2,2,-1,2,2,2,2,0,1,-1,-2,1,1,1,1,-1,0,2,-2,NA,NA,1,NA,NA,NA,NA,1,0,0,0,0,0,0,0,1,16,1,3,0.375,NA,1,0,0,NA,0,0,0,""
354,"100","UKRN06","","Year 2","","","","1","UKRN",3,1,0,1,-1,0,-1,0,-1,0,-1,1,0,1,-2,1,0,0,1,1,-1,0,0,1,0,1,1,1,1,1,1,1,1,0,0,0,0,0,0,0,1,-1,-0.0625,2,0.25,8,1,1,0,0,0,1,1,"do some review"
355,"100","UKRN06","","Year 1","","","","2","UKRN",3,2,2,2,1,2,2,2,1,2,0,-1,2,2,1,-1,-2,-2,1,2,-1,-1,2,1,2,1,1,1,NA,NA,1,NA,1,0,0,0,0,0,1,0,0,17,1.0625,4,0.5,NA,1,1,0,1,1,1,1,""
356,"100","UKRN06","","Year 1","","","","1","UKRN",3,1,1,1,1,1,1,-1,-1,1,1,1,2,-1,-2,-2,-1,2,1,-1,-1,-2,0,0,1,1,1,1,1,1,1,1,1,1,1,1,0,1,0,1,1,3,0.1875,0,0,8,6,0,0,NA,1,1,1,""
357,"100","UKRN06","","Year 2","","","","2","UKRN",3,1,2,2,2,2,2,2,-2,2,2,1,2,2,1,0,0,2,1,2,2,1,1,1,1,1,1,1,1,NA,NA,1,1,1,1,0,0,0,0,0,0,21,1.3125,11,1.375,NA,2,1,1,1,1,1,1,""
358,"100","UKRN06","","Year 1","","","","2","UKRN",3,2,1,0,1,1,2,1,0,1,1,1,1,0,0,-1,-1,1,1,0,-1,-1,-1,1,1,1,1,1,NA,NA,1,1,NA,0,0,0,0,0,0,0,0,10,0.625,1,0.125,NA,0,1,1,1,1,0,0,""
359,"100","UKRN06","","Year 1","","","","2","UKRN",3,2,1,1,2,2,1,2,0,2,2,2,2,2,-1,0,-2,2,2,2,2,-1,1,2,-1,1,1,1,1,1,1,1,1,0,0,1,0,0,0,0,0,18,1.125,9,1.125,8,1,1,1,0,1,1,1,""
360,"100","UKRN06","","Year 2","","","","2","UKRN",3,2,2,2,2,2,2,0,0,0,1,0,0,1,0,1,-1,2,1,2,1,-1,1,1,0,1,1,1,1,1,1,1,1,0,0,0,0,0,0,0,0,14,0.875,7,0.875,8,0,1,1,1,0,1,1,"No"
361,"100","UKRN06","","Year 1","","","","2","UKRN",3,1,1,0,1,1,1,1,1,1,1,1,2,1,0,-1,-2,-1,0,1,-1,-1,1,1,1,1,NA,1,NA,NA,NA,NA,1,0,0,0,0,0,0,0,0,10,0.625,1,0.125,NA,0,0,0,NA,1,0,1,""
362,"100","UKRN06","","Year 1","","","","1","UKRN",3,2,2,1,2,0,0,1,-1,1,2,0,2,1,1,0,-2,1,1,1,-1,-1,2,1,2,NA,NA,1,NA,NA,NA,1,1,0,0,0,0,0,0,0,0,12,0.75,6,0.75,NA,0,0,0,NA,0,0,0,""
363,"100","UKRN06","","Year 1","","","","2","UKRN",3,2,1,0,0,0,0,2,1,1,1,0,1,1,-1,-2,-2,2,0,1,-1,-2,0,1,1,1,NA,1,NA,NA,1,1,NA,1,0,1,0,0,0,0,0,5,0.3125,2,0.25,NA,2,0,0,NA,1,0,1,""
364,"100","UKRN06","","Year 2","","","","1","UKRN",3,2,1,2,2,0,0,2,1,2,2,1,2,1,2,0,0,1,1,2,2,0,2,1,2,1,1,1,1,NA,1,1,1,1,1,0,0,0,0,1,1,20,1.25,11,1.375,NA,4,1,1,0,1,1,1,""
365,"100","UKRN06","","Year 2","","","","2","UKRN",3,-1,0,1,1,1,1,1,2,1,1,1,2,0,0,0,0,2,2,1,0,-1,-1,1,1,1,1,1,1,1,1,1,1,0,0,1,0,0,0,1,0,11,0.6875,5,0.625,8,2,0,0,NA,0,0,1,""
366,"100","UKRN06","","Year 1","","","","1","UKRN",3,1,1,2,2,-1,-1,2,1,1,1,1,2,1,1,-1,-1,2,2,2,-1,-2,-1,1,1,1,1,1,NA,1,1,NA,1,1,0,1,0,0,1,0,0,12,0.75,4,0.5,NA,3,1,1,0,1,1,1,""
367,"100","UKRN06","","Year 2","","","","2","UKRN",3,2,-2,0,-1,2,-2,0,-2,1,-1,2,-1,2,-2,2,-1,0,-1,-1,1,0,0,-1,0,1,1,1,1,1,1,1,1,1,1,1,1,1,1,1,1,-1,-0.0625,-2,-0.25,8,8,1,1,0,1,1,0,""
368,"100","UKRN06","","Year 1","","","","2","UKRN",3,2,1,1,1,2,2,2,2,2,2,0,1,1,-1,0,0,2,0,2,-1,0,2,0,2,NA,NA,NA,NA,NA,NA,NA,NA,0,0,0,0,0,0,0,0,18,1.125,7,0.875,NA,0,0,0,NA,0,0,1,""
369,"100","UKRN06","","Year 1","","","","2","UKRN",3,1,1,1,0,1,2,2,1,1,1,0,1,0,0,0,0,-1,1,2,1,0,0,1,1,1,1,1,1,1,1,1,1,0,0,1,0,0,0,0,0,12,0.75,5,0.625,8,1,1,1,1,1,0,1,""
370,"100","UKRN06","","Year 1","","","","2","UKRN",3,2,2,0,2,2,1,2,2,1,2,2,2,2,2,-2,-2,2,1,-2,-2,-2,1,1,2,1,NA,1,NA,NA,NA,NA,1,0,0,0,0,0,0,0,0,20,1.25,1,0.125,NA,0,0,0,NA,0,0,1,""
371,"100","UKRN06","","Year 1","","","","1","UKRN",3,2,2,2,-2,2,2,2,-1,2,0,2,2,2,-2,1,-2,2,2,2,2,-1,2,2,2,1,1,1,1,1,1,1,1,0,0,1,0,0,0,0,0,14,0.875,13,1.625,8,1,1,1,1,0,0,1,""
372,"100","UKRN06","","Year 2","","","","2","UKRN",3,1,1,1,2,0,0,1,1,0,-2,0,2,0,2,0,-1,1,1,0,2,-1,0,1,1,1,1,1,1,NA,1,1,1,1,1,0,1,0,1,1,1,8,0.5,5,0.625,NA,6,1,1,0,1,1,1,""
373,"100","UKRN06","","Year 1","","","","2","UKRN",3,2,1,2,1,1,1,2,2,1,1,1,2,1,1,0,-1,-1,1,0,-1,-1,1,2,1,1,1,1,1,1,1,1,1,0,1,1,0,0,1,0,0,18,1.125,2,0.25,8,3,1,1,0,1,1,1,"N/A"
374,"100","UKRN06","","Year 1","","","","2","UKRN",3,1,1,-1,-1,-1,-1,-2,-1,-1,-1,2,2,1,-1,1,0,-2,-2,1,-1,-1,1,-1,-1,1,1,1,1,1,1,1,1,1,0,0,0,0,0,0,1,-2,-0.125,-6,-0.75,8,2,0,0,NA,0,0,1,""
375,"100","UKRN06","","Year 1","","","","2","UKRN",3,2,2,2,2,2,2,2,1,2,2,1,2,1,0,-1,-1,2,2,2,-1,0,0,-1,2,1,1,1,NA,NA,1,NA,1,0,0,1,0,0,0,0,1,21,1.3125,6,0.75,NA,2,0,0,NA,1,1,1,""
376,"100","UKRN06","","Year 1","","","","2","UKRN",3,2,2,1,2,1,0,2,1,2,2,1,2,0,2,-1,-1,1,2,1,2,-1,1,2,0,1,1,1,1,1,1,1,1,0,0,0,0,1,1,0,0,18,1.125,8,1,8,2,1,1,1,1,1,1,"-"
377,"100","UKRN06","","Year 1","","","","2","UKRN",3,2,1,1,1,0,0,1,2,1,0,1,1,1,1,-1,-1,1,-1,2,-1,1,0,1,0,1,1,1,1,1,1,1,1,0,1,0,0,0,0,0,0,11,0.6875,3,0.375,8,1,1,1,1,0,0,1,""
378,"100","UKRN06","","Year 2","","","","2","UKRN",3,0,1,1,2,1,2,1,1,2,2,1,2,1,2,-2,-1,1,1,1,2,-2,0,1,2,1,1,1,1,NA,1,1,1,1,1,0,0,0,0,0,1,16,1,6,0.75,NA,3,1,1,0,1,1,1,""
379,"100","UKRN06","","Year 2","","","","1","UKRN",3,2,1,1,1,1,-1,2,1,2,1,1,0,1,1,0,-1,1,1,2,2,0,1,1,0,1,1,1,1,1,1,1,1,0,1,1,0,0,0,1,1,13,0.8125,8,1,8,4,0,0,NA,1,1,1,""
380,"100","UKRN06","","Year 1","","","","2","UKRN",3,0,-2,1,-2,0,0,-1,-1,-1,-1,0,0,1,-1,1,0,-1,-1,1,0,0,-1,-1,-1,1,1,1,NA,NA,1,NA,1,0,0,0,0,0,0,0,0,-6,-0.375,-4,-0.5,NA,0,0,0,NA,1,0,1,""
381,"93","UKRN06","","Final Year","","","","2","UKRN",3,2,2,2,2,2,2,2,0,2,2,2,2,2,2,0,-1,2,2,2,2,0,1,2,2,1,NA,1,1,1,1,1,1,0,0,0,0,0,0,1,0,25,1.5625,13,1.625,NA,1,1,1,1,1,1,1,""
383,"100","UKRN06","","Year 2","","","","1","UKRN",3,2,1,2,2,2,1,1,-1,1,1,1,1,1,0,-1,-2,1,0,1,-1,-1,1,1,1,1,1,1,NA,NA,1,1,1,1,1,1,0,0,1,0,1,12,0.75,3,0.375,NA,5,0,0,NA,1,0,1,""
384,"100","UKRN06","","Year 1","","","","1","UKRN",3,1,2,2,2,1,1,1,-1,2,2,1,2,1,2,-1,-1,-2,2,1,2,-1,2,2,0,1,1,1,NA,NA,1,1,1,0,0,1,0,0,0,0,1,17,1.0625,6,0.75,NA,2,1,1,1,1,1,1,""
385,"100","UKRN06","","Year 2","","","","2","UKRN",3,1,-1,1,2,1,0,1,1,1,1,-1,1,0,-1,-1,-1,1,2,1,-1,-1,0,-1,0,1,1,1,1,1,1,1,1,0,0,0,1,1,1,0,0,5,0.3125,1,0.125,8,3,1,0,0,1,0,1,""
386,"100","UKRN06","","Year 1","","","","1","UKRN",3,2,1,1,1,0,0,1,1,1,1,1,1,0,0,-1,-1,1,1,-1,-1,-1,0,1,-1,1,1,1,1,1,1,1,1,0,0,0,1,1,0,1,0,9,0.5625,-1,-0.125,8,3,0,0,NA,1,1,1,""
387,"100","UKRN06","","Year 1","","","","2","UKRN",3,1,1,1,1,1,-1,2,1,2,2,-1,2,0,0,-1,-1,1,1,2,-1,-1,1,2,1,1,1,1,NA,NA,NA,NA,1,0,0,1,0,0,0,0,0,10,0.625,6,0.75,NA,1,0,0,NA,1,1,1,""
388,"99","UKRN06","","Year 1","","","","2","UKRN",3,2,1,0,2,1,1,2,2,1,1,2,2,1,2,-1,-2,2,1,2,-1,-1,1,1,2,1,1,1,1,1,1,1,1,0,1,0,0,0,0,0,0,17,1.0625,7,0.875,8,1,0,0,NA,0,0,1,""
389,"100","UKRN06","","Year 2","","","","2","UKRN",3,1,1,1,1,1,1,2,0,1,1,0,1,2,1,0,-1,2,1,2,-2,1,0,1,1,1,1,1,1,1,1,1,1,0,0,0,0,1,0,0,0,13,0.8125,6,0.75,8,1,1,1,1,1,1,1,""
390,"100","UKRN06","","Year 1","","","","2","UKRN",3,2,2,0,2,0,1,2,2,2,1,1,2,0,0,-1,-2,2,0,2,1,0,1,1,1,1,1,1,NA,NA,NA,1,1,0,0,1,0,0,0,0,0,14,0.875,8,1,NA,1,1,0,0,0,0,1,""
391,"100","UKRN06","","Year 2","","","","2","UKRN",3,2,2,2,2,0,0,-1,1,1,2,2,1,1,-1,-1,-1,1,1,2,2,-1,2,2,1,1,1,1,1,NA,NA,1,1,0,1,0,0,0,0,0,0,12,0.75,10,1.25,NA,1,1,1,1,0,1,1,""
392,"100","UKRN06","","Year 1","","","","2","UKRN",3,1,1,0,1,1,1,1,1,1,1,1,2,0,1,-1,-1,1,0,1,-1,-1,1,0,1,NA,NA,1,NA,NA,1,NA,1,0,0,0,0,0,0,0,0,11,0.6875,2,0.25,NA,0,1,1,0,0,0,1,""
393,"100","UKRN06","","Year 2","","","","2","UKRN",3,1,1,-1,-1,1,-1,-1,-1,1,-1,0,0,0,0,-1,-1,0,-1,1,0,-1,-2,-1,-1,1,1,1,1,1,1,1,1,0,0,0,0,1,0,0,0,-4,-0.25,-5,-0.625,8,1,1,1,0,0,0,0,""
394,"100","UKRN06","","Final Year","","","","2","UKRN",3,1,1,-1,2,1,0,0,-1,0,2,1,2,0,2,1,-1,-1,2,1,0,-1,1,-1,0,1,1,1,1,NA,1,1,1,1,0,1,0,0,1,1,1,10,0.625,1,0.125,NA,5,1,1,1,1,1,1,""
395,"100","UKRN06","","Final Year","","","","2","UKRN",3,-1,1,0,1,-1,1,1,1,1,1,-2,2,-2,2,-2,-1,2,1,-1,-1,-1,-1,1,-1,1,1,1,1,1,1,1,1,0,0,0,0,1,0,0,0,2,0.125,-1,-0.125,8,1,1,1,0,1,0,1,""
396,"100","UKRN06","","Year 1","","","","2","UKRN",3,1,2,2,2,0,0,-1,-1,1,2,1,1,0,1,-1,-2,1,1,1,1,-1,0,1,0,1,1,1,1,NA,1,NA,1,0,0,1,0,0,1,0,0,8,0.5,4,0.5,NA,2,1,1,0,1,1,1,""
397,"100","UKRN06","","Year 2","","","","2","UKRN",3,1,-1,2,1,1,0,-1,0,-1,1,1,0,1,-1,0,-2,2,1,-1,2,-2,1,1,1,1,1,1,1,NA,NA,1,1,1,0,0,1,0,0,1,1,2,0.125,5,0.625,NA,4,1,1,0,0,1,1,""
398,"100","UKRN06","","Year 2","","","","2","UKRN",3,1,1,2,2,2,2,2,2,2,0,1,2,0,1,0,0,1,1,1,1,0,0,2,2,1,1,1,1,1,1,1,1,0,0,1,0,0,1,1,1,20,1.25,8,1,8,4,1,1,1,0,1,1,""
399,"100","UKRN06","","Year 1","","","","2","UKRN",3,1,1,1,1,0,0,2,1,2,-1,1,1,1,0,-1,-1,1,0,2,1,-1,0,1,1,1,1,1,1,1,1,1,1,0,1,1,0,0,1,0,0,9,0.5625,5,0.625,8,3,1,1,1,0,1,1,""
400,"100","UKRN06","","Year 1","","","","1","UKRN",3,2,2,1,2,0,0,0,0,1,1,0,1,1,2,1,0,2,1,1,1,0,1,1,1,1,1,1,NA,NA,NA,NA,1,0,0,0,0,0,0,0,0,14,0.875,8,1,NA,0,0,0,NA,0,0,1,""
401,"100","UKRN06","","Year 1","","","","2","UKRN",3,2,1,1,1,1,1,1,1,1,1,1,2,1,1,0,0,1,1,1,-1,0,1,1,1,NA,NA,1,NA,NA,NA,1,1,0,0,1,0,0,0,0,0,16,1,5,0.625,NA,1,0,0,NA,0,0,1,""
402,"100","UKRN06","","Year 2","","","","2","UKRN",3,2,1,2,2,2,1,2,2,2,2,1,-1,0,-1,-1,-2,2,2,2,2,-2,1,-1,1,1,1,1,1,NA,1,1,1,0,1,0,0,0,0,1,1,14,0.875,7,0.875,NA,3,1,1,1,1,1,1,""
403,"100","UKRN06","","Year 1","","","","1","UKRN",3,2,2,2,2,1,1,1,-1,1,1,1,2,0,0,0,0,2,1,2,1,-1,1,1,2,1,1,1,1,1,1,1,1,0,0,0,1,1,1,1,1,15,0.9375,9,1.125,8,5,0,0,NA,0,0,1,"N/A"
404,"100","UKRN06","","Year 2","","","","2","UKRN",3,2,2,2,2,1,1,2,2,2,1,1,1,1,1,0,-1,1,2,2,1,1,1,2,1,1,1,1,1,NA,1,1,1,1,1,1,0,0,1,1,1,20,1.25,11,1.375,NA,6,1,1,0,1,1,1,""
405,"100","UKRN06","","Year 2","","","","2","UKRN",3,2,1,2,1,0,0,1,1,-1,-1,1,2,1,2,-2,-2,1,-1,2,1,-2,-1,1,0,1,1,1,1,1,1,1,1,0,0,0,0,1,1,0,0,8,0.5,1,0.125,8,2,1,1,0,1,1,1,""
406,"100","UKRN06","","Year 2","","","","2","UKRN",3,1,2,2,1,1,1,2,0,1,1,1,1,0,0,0,0,1,1,2,0,1,2,1,1,1,1,1,1,NA,NA,1,1,1,0,1,0,0,0,1,1,14,0.875,9,1.125,NA,4,1,1,1,1,1,1,"No"
407,"100","UKRN06","","Year 2","","","","2","UKRN",3,1,0,1,-1,1,-1,0,-1,1,0,1,-1,1,0,1,-1,1,0,2,1,-1,1,0,1,1,1,1,1,1,1,1,1,0,0,0,0,0,0,0,0,2,0.125,5,0.625,8,0,1,1,1,0,1,1,""
408,"100","UKRN06","","Year 1","","","","2","UKRN",3,2,2,0,1,-1,0,0,0,1,0,1,2,0,0,-1,-2,2,1,-1,-1,-2,-2,0,1,NA,NA,1,1,NA,1,NA,1,0,0,1,1,0,1,0,1,5,0.3125,-2,-0.25,NA,4,0,0,NA,0,0,0,""
409,"100","UKRN06","","Year 1","","","","1","UKRN",3,2,0,1,1,0,-1,2,-1,2,-1,1,2,0,-1,-1,-2,2,1,2,-1,-1,-2,1,1,1,1,1,1,1,1,1,1,0,1,0,1,0,1,0,0,4,0.25,3,0.375,8,3,0,0,NA,1,1,1,""
410,"100","UKRN06","","Year 1","","","","2","UKRN",3,1,1,0,1,1,1,1,0,1,1,0,2,1,0,0,-1,0,-1,1,0,-1,-1,0,1,NA,NA,1,1,NA,1,NA,1,0,0,0,1,0,1,0,0,10,0.625,-1,-0.125,NA,2,0,0,NA,0,0,1,""
411,"100","UKRN06","","Year 2","","","","2","UKRN",3,2,2,2,2,2,0,2,1,1,1,1,2,1,2,0,-1,2,2,2,2,-1,2,2,0,1,NA,1,1,NA,NA,1,1,0,0,1,0,0,0,1,0,20,1.25,11,1.375,NA,2,1,1,1,0,0,1,""
412,"100","UKRN06","","Year 2","","","","2","UKRN",3,1,1,-1,1,1,1,1,-1,-1,0,2,0,2,-1,-1,-1,1,-1,0,1,-2,-1,2,1,1,1,1,1,1,1,1,1,0,1,0,1,1,1,0,0,4,0.25,1,0.125,8,4,1,1,1,0,0,1,""
413,"86","UKRN06","","Year 1","","","","2","UKRN",3,2,1,1,0,0,0,1,1,1,1,1,2,1,1,-1,-1,2,1,2,1,-1,-1,1,1,1,1,1,1,1,1,1,1,1,1,1,0,1,1,0,1,11,0.6875,6,0.75,8,6,0,0,NA,1,0,1,""
414,"100","UKRN06","","Year 2","","","","1","UKRN",3,2,1,2,1,1,1,2,2,2,2,-1,1,1,-1,1,-2,2,2,2,2,0,1,0,1,1,1,1,1,1,1,1,1,1,1,1,1,0,1,1,1,15,0.9375,10,1.25,8,7,1,1,1,1,1,1,""
415,"100","UKRN06","","Year 1","","","","2","UKRN",3,2,1,0,1,1,0,2,1,2,2,2,2,1,2,0,-1,1,1,1,0,-1,0,1,1,1,1,1,1,1,1,1,1,0,0,1,0,0,0,1,1,18,1.125,4,0.5,8,3,1,1,1,0,1,1,""
416,"100","UKRN06","","Year 1","","","","1","UKRN",3,2,2,1,2,2,2,-1,-2,-1,0,2,2,1,-1,1,-1,2,2,2,-1,-1,1,-1,1,1,NA,1,1,NA,1,1,1,0,0,0,0,0,0,0,0,11,0.6875,5,0.625,NA,0,1,0,0,0,0,1,""
417,"100","UKRN06","","Year 2","","","","2","UKRN",3,1,1,1,1,0,0,1,-1,1,1,1,2,1,2,-1,-1,1,1,1,1,1,1,1,0,1,1,1,1,1,1,1,1,0,0,0,0,0,0,0,0,10,0.625,7,0.875,8,0,1,1,1,1,1,1,""
418,"100","UKRN06","","Year 1","","","","2","UKRN",3,2,2,1,2,2,1,2,1,2,1,0,2,0,-1,0,-1,2,1,1,-1,-1,1,1,0,1,1,1,1,1,1,1,1,0,0,0,1,1,1,1,0,16,1,4,0.5,8,4,0,0,NA,1,1,1,""
419,"100","UKRN06","","Year 1","","","","1","UKRN",3,2,2,2,2,1,0,2,0,2,1,2,-1,0,-1,0,0,0,0,1,0,-1,0,2,0,1,1,NA,NA,NA,1,NA,NA,0,0,0,0,0,0,0,0,14,0.875,2,0.25,NA,0,0,0,NA,1,0,0,""
420,"100","UKRN06","","Year 2","","","","3","UKRN",3,0,1,1,-1,1,0,2,2,2,1,2,2,1,2,-1,-2,2,1,1,1,-2,-1,2,2,1,1,1,1,NA,1,1,1,1,1,0,0,0,0,1,1,13,0.8125,6,0.75,NA,4,1,1,1,1,1,1,""
421,"100","UKRN06","","Year 1","","","","2","UKRN",3,2,1,0,1,1,1,2,1,2,1,0,1,1,0,-1,1,1,1,1,0,-1,-1,1,1,1,NA,1,NA,NA,NA,NA,1,0,0,1,0,0,0,0,0,14,0.875,3,0.375,NA,1,0,0,NA,0,0,1,""
422,"100","UKRN06","","Year 1","","","","2","UKRN",3,2,1,2,2,1,1,2,2,2,2,1,2,2,-2,0,-2,1,-1,2,-2,-1,1,-1,1,NA,NA,1,NA,NA,NA,NA,1,0,0,1,0,0,0,0,1,18,1.125,0,0,NA,2,1,1,1,0,0,1,""
423,"100","UKRN06","","Year 1","","","","2","UKRN",3,1,1,0,-1,0,0,2,-1,2,-2,1,2,0,0,-1,-1,-1,1,2,0,-1,1,1,0,1,1,1,1,1,1,1,1,1,0,1,1,0,1,1,1,3,0.1875,3,0.375,8,6,1,1,1,0,0,1,""
424,"100","UKRN06","","Year 1","","","","1","UKRN",3,2,2,2,2,2,2,2,0,2,2,2,2,2,1,-1,-2,2,2,1,2,-2,1,1,0,NA,1,1,NA,NA,NA,1,1,0,0,0,0,0,0,0,0,22,1.375,7,0.875,NA,0,1,1,0,0,0,1,""
425,"100","UKRN06","","Year 1","","","","2","UKRN",3,2,2,0,1,1,1,2,0,1,0,0,0,0,-1,-1,-1,1,1,1,0,-1,1,0,1,1,1,1,NA,NA,1,NA,1,0,0,1,0,0,1,0,1,7,0.4375,4,0.5,NA,3,0,0,NA,0,1,0,""
426,"100","UKRN06","","Year 2","","","","2","UKRN",3,1,1,1,2,2,2,1,1,2,2,1,2,2,-1,0,-1,1,1,2,1,-1,2,1,1,1,1,1,NA,1,1,1,1,1,0,0,0,0,1,1,1,18,1.125,8,1,NA,4,0,0,NA,1,0,1,""
427,"100","UKRN06","","Year 2","","","","2","UKRN",3,1,2,1,0,0,-1,1,-1,1,1,0,1,1,0,-1,1,1,-2,2,2,2,2,2,0,1,1,1,1,1,1,1,1,0,0,0,0,0,0,0,0,7,0.4375,9,1.125,8,0,1,1,1,1,1,1,""
428,"100","UKRN06","","Year 1","","","","2","UKRN",3,1,2,1,2,0,0,2,1,1,0,-2,2,0,1,-2,0,1,0,2,0,0,1,1,1,1,1,1,1,1,1,1,1,1,1,1,0,0,0,0,0,9,0.5625,6,0.75,8,3,0,0,NA,1,1,1,""
429,"100","UKRN06","","Year 2","","","","2","UKRN",3,1,1,1,2,-2,1,2,1,2,2,1,-1,1,-2,-1,-1,1,-1,1,1,-1,1,-1,2,1,1,1,1,1,1,1,1,1,1,1,0,0,1,1,1,8,0.5,3,0.375,8,6,1,1,0,1,1,1,""
430,"97","UKRN06","","Final Year","","","","1","UKRN",3,-2,2,2,2,2,2,2,2,2,2,2,2,2,2,-1,-2,2,1,2,0,1,1,2,2,1,1,NA,1,NA,NA,1,1,0,0,0,0,0,0,0,1,21,1.3125,11,1.375,NA,1,1,1,1,1,1,1,""
472,"100","UKRN01","","Year 1","","","","2","UKRN",3,2,2,1,1,1,1,2,1,2,1,1,1,1,-1,-1,-2,1,1,-1,1,-2,-1,2,1,1,NA,NA,1,NA,NA,NA,1,1,0,0,0,0,0,0,0,13,0.8125,2,0.25,NA,1,1,1,1,1,0,1,""
473,"100","UKRN01","","Final Year","","","","2","UKRN",3,1,0,1,1,1,0,2,1,1,1,1,2,1,-1,0,0,1,0,1,0,-1,0,0,1,1,1,1,1,1,1,1,1,0,0,0,0,1,0,0,0,12,0.75,2,0.25,8,1,1,1,0,1,1,1,""
474,"100","UKRN01","","Year 1","","","","2","UKRN",3,1,1,0,1,1,1,0,-1,1,2,1,1,2,0,-2,0,1,1,1,0,-1,0,1,1,1,1,1,NA,1,1,NA,1,0,1,1,0,0,1,0,1,9,0.5625,4,0.5,NA,4,0,0,NA,0,0,1,""
475,"100","UKRN01","","Year 2","","","","2","UKRN",3,2,1,0,1,1,0,2,-1,0,0,1,1,2,2,0,-1,1,1,2,1,-1,1,0,1,1,1,1,1,1,1,1,1,0,0,0,0,0,0,0,0,11,0.6875,6,0.75,8,0,1,1,1,1,1,1,""
476,"100","UKRN01","","Year 2","","","","2","UKRN",3,2,1,2,2,1,1,2,2,-1,-1,1,1,0,1,-2,-2,2,1,-1,-2,-2,-2,1,-1,1,1,1,1,1,1,1,1,0,0,1,1,0,1,1,1,10,0.625,-4,-0.5,8,5,1,1,1,0,0,1,""
477,"100","UKRN01","","Year 1","","","","2","UKRN",3,1,1,0,-1,0,-1,0,-1,0,1,1,1,0,1,-1,0,-1,-1,1,1,-1,0,0,0,1,NA,1,1,NA,1,NA,1,0,0,1,0,0,1,0,0,2,0.125,-1,-0.125,NA,2,0,0,NA,0,0,1,""
478,"100","UKRN01","","Year 1","","","","2","UKRN",3,1,1,0,-1,0,1,1,-1,-1,0,0,0,0,0,-1,0,0,0,1,1,0,0,0,1,1,1,1,1,1,1,1,1,0,0,0,0,0,0,0,0,0,0,3,0.375,8,0,0,0,NA,0,0,0,""
479,"100","UKRN01","","Year 1","","","","2","UKRN",3,1,1,1,1,1,1,2,2,2,1,1,0,1,-1,0,0,-1,-1,-1,-1,-1,0,1,1,1,1,1,1,NA,1,1,1,0,0,1,0,0,1,0,1,14,0.875,-3,-0.375,NA,3,0,0,NA,0,0,0,""
480,"100","UKRN01","","Year 1","","","","2","UKRN",3,1,1,1,0,0,1,1,1,-1,-1,0,1,1,-1,0,0,0,0,1,-1,0,0,-1,1,1,1,1,1,1,1,1,1,0,0,1,1,1,0,0,0,5,0.3125,0,0,8,3,0,0,NA,1,1,0,""
481,"100","UKRN01","","Year 2","","","","1","UKRN",3,1,1,0,1,2,2,2,2,1,1,2,1,1,1,1,-1,1,0,0,-1,-1,0,-1,0,1,1,1,NA,NA,NA,NA,NA,1,0,0,0,0,0,0,0,18,1.125,-2,-0.25,NA,1,1,1,0,0,0,1,""
482,"100","UKRN01","","Year 1","","","","3","UKRN",3,1,1,0,1,1,1,1,0,1,1,1,-1,0,-1,1,1,-2,0,1,-1,-1,1,1,0,1,1,1,1,1,1,1,1,0,0,0,1,0,0,1,0,9,0.5625,-1,-0.125,8,2,0,0,NA,1,0,1,""
483,"100","UKRN01","","Year 1","","","","2","UKRN",3,1,1,1,0,-1,1,1,-1,-1,-1,1,1,-1,1,-1,-1,1,-1,0,2,-2,-1,1,0,1,1,1,1,1,1,1,1,0,1,1,0,1,1,0,1,1,0.0625,0,0,8,5,0,0,NA,1,0,0,""
484,"100","UKRN01","","Year 1","","","","2","UKRN",3,2,1,1,1,2,1,2,1,0,0,0,2,1,0,-1,0,1,0,1,1,0,1,0,0,1,1,1,1,1,NA,1,1,0,0,1,0,0,0,0,0,13,0.8125,4,0.5,NA,1,1,1,0,1,0,1,""
485,"100","UKRN01","","Year 1","","","","1","UKRN",3,1,1,1,1,0,-1,2,2,0,0,1,1,1,1,0,-2,2,1,1,0,-2,-2,1,0,1,NA,1,1,1,1,1,1,0,0,0,0,0,0,0,0,9,0.5625,1,0.125,NA,0,1,0,1,0,0,0,""
487,"100","UKRN01","","Year 2","","","","2","UKRN",3,2,1,2,2,2,2,0,0,2,2,2,2,2,2,0,-1,2,2,1,0,-2,1,0,1,NA,NA,NA,1,NA,NA,1,1,0,0,0,1,1,0,1,0,22,1.375,5,0.625,NA,3,1,1,1,0,1,0,""
488,"100","UKRN01","","Year 1","","","","2","UKRN",3,2,-1,0,-1,1,1,1,-1,1,1,1,-1,1,-1,1,-1,1,1,1,-1,-1,-1,1,1,1,1,1,1,1,1,1,1,1,0,1,0,0,1,0,0,4,0.25,2,0.25,8,3,1,0,0,0,0,1,""
489,"100","UKRN01","","Year 2","","","","2","UKRN",3,2,1,1,1,2,1,1,-1,2,1,1,1,2,0,1,-2,1,1,-1,-1,-1,-1,-1,1,1,NA,1,1,NA,1,1,1,0,0,0,0,0,0,0,0,14,0.875,-2,-0.25,NA,0,1,1,1,0,1,1,""
490,"100","UKRN01","","Year 1","","","","2","UKRN",3,1,1,0,1,1,1,1,1,1,1,0,1,1,0,-1,1,1,1,1,-1,-1,0,0,0,NA,NA,1,NA,1,NA,NA,1,0,0,0,0,1,0,0,1,11,0.6875,1,0.125,NA,2,0,0,NA,0,0,0,""
491,"100","UKRN01","","Year 1","","","","2","UKRN",3,1,1,0,0,1,0,2,1,-1,0,-1,-1,0,-1,0,1,1,-1,1,-1,-1,0,1,0,1,1,1,1,1,1,1,1,0,0,0,0,0,0,0,0,3,0.1875,0,0,8,0,0,0,NA,0,0,1,""
492,"100","UKRN01","","Year 2","","","","2","UKRN",3,1,1,2,-2,2,0,2,1,2,-1,2,-2,2,-1,-1,-1,1,1,1,1,1,1,2,1,1,1,1,1,1,1,1,1,1,1,1,0,0,1,0,0,7,0.4375,9,1.125,8,4,1,1,1,0,0,1,""
493,"100","UKRN01","","Year 1","","","","2","UKRN",3,2,2,-1,1,1,1,1,1,1,1,1,1,1,-1,-1,-1,2,2,2,1,0,-1,1,1,1,1,1,1,1,1,1,1,0,0,0,0,0,0,0,0,10,0.625,8,1,8,0,0,0,NA,0,0,1,""
496,"100","UKRN01","","Year 1","","","","1","UKRN",3,2,2,0,-1,-1,1,1,1,1,1,0,1,1,-1,-1,0,1,1,2,-1,1,1,1,0,1,1,1,1,1,1,1,1,0,0,0,0,0,0,0,0,7,0.4375,6,0.75,8,0,0,0,NA,1,1,1,""
497,"100","UKRN01","","Year 1","","","","2","UKRN",3,1,1,1,1,-1,1,1,2,1,-2,2,0,1,0,-1,-1,2,1,1,-2,-1,-1,1,0,NA,NA,1,1,NA,NA,NA,1,0,0,0,0,0,0,0,0,7,0.4375,1,0.125,NA,0,0,0,NA,0,0,0,""
498,"100","UKRN01","","Final Year","","","","2","UKRN",3,2,1,0,1,1,1,-1,1,-1,-1,2,1,1,-1,-1,-2,2,-1,1,-2,-2,-1,1,-1,1,1,1,1,1,1,1,1,0,0,0,0,1,1,0,0,4,0.25,-3,-0.375,8,2,1,1,1,1,1,1,""
499,"100","UKRN01","","Year 1","","","","1","UKRN",3,1,1,1,1,0,0,0,0,1,1,1,0,0,1,-1,1,1,0,1,0,1,1,1,1,1,1,1,NA,NA,1,NA,1,0,0,1,0,0,0,0,0,8,0.5,6,0.75,NA,1,0,0,NA,0,0,1,""
500,"100","UKRN01","","Year 2","","","","2","UKRN",3,1,0,1,1,1,1,1,0,1,1,1,1,0,-1,-1,0,1,-1,1,1,-1,-1,-1,1,1,1,1,1,1,1,1,1,0,0,0,1,0,0,0,1,8,0.5,0,0,8,2,0,0,NA,0,1,1,""
501,"100","UKRN01","","Year 2","","","","2","UKRN",3,1,2,1,1,0,2,1,1,1,1,2,2,0,2,-1,-2,2,1,0,-2,-2,1,1,1,1,1,1,1,1,1,1,1,0,0,1,1,0,0,0,0,14,0.875,2,0.25,8,2,1,1,0,0,0,0,""
502,"100","UKRN01","","Year 2","","","","2","UKRN",3,2,2,2,2,2,2,2,2,2,2,1,1,2,0,0,0,2,2,2,2,1,1,0,2,1,1,1,1,1,1,NA,1,0,0,1,0,0,0,0,0,24,1.5,12,1.5,NA,1,1,1,1,0,1,1,"None."
503,"100","UKRN01","","Year 2","","","","2","UKRN",3,2,2,2,2,2,2,2,2,2,2,1,2,2,0,2,2,2,2,2,2,1,1,-1,2,1,1,1,1,1,1,1,1,0,0,0,0,0,0,0,0,29,1.8125,11,1.375,8,0,1,1,1,1,1,1,""
504,"89","UKRN01","","Year 1","","","","2","UKRN",3,2,1,0,2,1,0,1,0,1,1,1,1,1,-1,1,-2,1,1,-1,-1,-1,-1,1,2,1,1,1,1,1,1,1,1,0,0,0,0,0,0,0,1,10,0.625,1,0.125,8,1,0,0,NA,0,0,0,""
505,"100","UKRN01","","Year 2","","","","2","UKRN",3,1,1,1,0,1,-1,1,2,1,1,1,2,-1,-1,1,1,1,-1,-1,1,1,1,2,2,NA,NA,1,1,NA,NA,NA,1,0,0,0,1,0,0,0,0,11,0.6875,6,0.75,NA,1,0,0,NA,0,0,1,""
506,"100","UKRN01","","Year 2","","","","2","UKRN",3,1,1,1,1,-1,-1,2,1,1,-2,1,1,1,-2,-1,-1,1,0,1,-1,-2,0,1,-1,1,1,1,1,1,1,1,1,0,0,0,0,1,0,0,0,3,0.1875,-1,-0.125,8,1,0,0,NA,1,1,1,""
507,"100","UKRN01","","Year 2","","","","2","UKRN",3,1,1,1,1,0,0,1,2,1,1,1,1,0,-1,-1,-1,1,0,1,1,0,1,2,0,1,NA,1,1,NA,NA,1,1,0,0,0,1,0,0,1,0,8,0.5,6,0.75,NA,2,1,0,1,0,1,1,""
508,"100","UKRN01","","Year 1","","","","2","UKRN",3,2,2,1,1,0,0,2,0,0,0,1,1,-1,-1,-1,1,1,-1,2,1,1,1,0,1,NA,NA,1,1,1,1,1,1,0,0,0,1,0,0,0,0,8,0.5,6,0.75,NA,1,0,0,NA,0,0,0,""
509,"100","UKRN01","","Year 2","","","","2","UKRN",3,2,2,2,0,1,1,2,1,2,0,2,2,2,0,-2,-2,2,1,2,-2,-2,2,2,2,1,1,1,1,NA,NA,1,1,0,0,1,1,0,1,0,0,15,0.9375,7,0.875,NA,3,0,0,NA,1,1,1,""
510,"100","UKRN01","","Year 1","","","","1","UKRN",3,2,1,1,1,2,2,1,1,0,2,1,1,1,0,0,0,2,1,2,2,0,1,0,1,1,1,1,1,NA,NA,1,1,0,0,1,0,0,1,1,0,16,1,9,1.125,NA,3,0,0,NA,1,1,0,""
511,"100","UKRN01","","Year 2","","","","2","UKRN",3,0,0,0,0,0,0,0,0,0,0,0,0,0,0,0,0,0,0,0,0,0,0,0,0,1,1,1,1,1,1,1,1,0,0,0,0,0,0,0,0,0,0,0,0,8,0,0,0,NA,1,1,1,""
513,"100","UKRN01","","Year 2","","","","1","UKRN",3,1,1,1,2,0,-1,1,1,1,-2,2,2,1,2,0,-1,2,2,1,1,-1,1,2,1,1,NA,1,1,NA,NA,1,NA,0,0,0,0,0,0,1,0,11,0.6875,9,1.125,NA,1,1,1,0,1,1,1,""
514,"100","UKRN01","","Year 1","","","","2","UKRN",3,1,0,0,1,1,1,2,1,1,2,1,1,1,1,-1,-1,1,1,1,1,-1,0,1,0,NA,NA,1,1,NA,NA,1,1,0,0,1,1,0,0,0,0,12,0.75,4,0.5,NA,2,0,0,NA,0,0,1,"no"
516,"69","UKRN01","","Year 2","","","","2","UKRN",3,2,1,2,2,1,0,2,2,2,0,2,0,1,0,-2,-1,2,1,2,1,-2,0,2,0,1,1,1,1,NA,NA,1,1,0,0,1,1,0,0,1,0,14,0.875,6,0.75,NA,3,1,1,1,1,1,1,""
517,"94","UKRN01","","Year 2","","","","2","UKRN",3,2,2,2,2,2,2,2,0,1,2,1,2,0,-1,-1,0,1,1,2,-1,1,1,1,1,1,1,1,1,1,1,1,1,0,0,1,1,0,1,1,1,18,1.125,7,0.875,8,5,1,0,1,0,0,1,""
518,"100","UKRN01","","Year 2","","","","2","UKRN",3,1,1,0,1,1,1,1,2,1,1,1,2,0,0,0,0,0,0,1,1,0,0,1,1,1,1,1,1,NA,NA,1,1,0,0,0,1,0,0,0,0,13,0.8125,4,0.5,NA,1,1,0,0,0,1,1,"No"
519,"100","UKRN01","","Final Year","","","","2","UKRN",3,0,1,1,1,1,2,-1,-1,1,-1,2,1,0,1,-1,-1,1,-2,1,-1,-1,-1,1,1,1,1,1,1,1,1,1,1,1,0,1,1,0,0,1,1,6,0.375,-1,-0.125,8,5,0,0,NA,0,0,1,""
520,"100","UKRN01","","Year 1","","","","1","UKRN",3,1,1,0,1,1,0,-1,-1,1,-1,1,-1,1,-1,0,-1,1,-1,1,0,-1,-1,1,1,1,1,1,1,1,1,1,1,1,1,1,1,1,0,0,0,1,0.0625,1,0.125,8,5,0,0,NA,1,0,1,""
521,"100","UKRN01","","Year 1","","","","2","UKRN",3,2,0,1,1,2,2,2,2,2,1,1,1,0,-1,0,0,0,0,1,-1,1,1,1,1,1,1,1,NA,1,1,1,1,0,0,1,0,1,0,0,1,16,1,4,0.5,NA,3,0,0,NA,0,0,1,""
522,"100","UKRN01","","Year 1","","","","2","UKRN",3,2,1,1,2,1,0,2,-2,-1,-1,1,2,1,0,-1,-1,2,0,-1,-1,-1,-1,2,2,NA,NA,NA,NA,NA,NA,NA,1,0,0,0,0,0,0,0,0,7,0.4375,2,0.25,NA,0,0,0,NA,0,0,1,""
523,"100","UKRN01","","Year 2","","","","2","UKRN",3,1,1,1,0,1,0,2,2,1,1,1,2,0,0,0,-1,1,0,2,-1,0,1,1,1,1,1,1,1,1,1,1,1,0,1,0,0,1,0,0,0,12,0.75,5,0.625,8,2,1,1,1,0,1,1,""
524,"100","UKRN01","","Year 2","","","","2","UKRN",3,1,1,1,0,1,1,1,0,1,0,1,1,0,1,-1,-1,1,1,0,-1,-1,0,1,1,1,1,1,1,1,1,1,1,0,0,1,0,0,1,1,0,8,0.5,2,0.25,8,3,0,0,NA,0,1,0,""
525,"100","UKRN01","","Year 2","","","","1","UKRN",3,2,1,1,2,2,2,1,0,2,1,0,2,0,0,-2,-2,1,2,1,2,-2,-1,1,2,1,1,1,1,NA,NA,1,1,0,0,0,0,0,0,0,0,12,0.75,6,0.75,NA,0,1,1,1,1,1,1,""
526,"100","UKRN01","","Year 2","","","","2","UKRN",3,0,1,1,-1,-1,0,-1,0,0,-2,1,1,1,0,0,-1,-2,-1,-1,-1,-1,-1,1,0,1,1,1,1,1,1,1,1,0,0,1,0,0,0,1,0,-1,-0.0625,-6,-0.75,8,2,1,1,1,1,1,1,""
527,"100","UKRN01","","Year 2","","","","2","UKRN",3,2,2,2,2,2,2,2,2,2,0,2,2,2,-2,2,0,-2,1,-2,1,-1,0,0,0,NA,NA,1,1,NA,NA,1,1,0,0,0,1,0,0,1,1,24,1.5,-3,-0.375,NA,3,0,0,NA,0,0,0,"no"
528,"100","UKRN01","","Year 1","","","","2","UKRN",3,2,1,0,2,0,0,2,1,1,1,2,1,0,-2,1,1,2,1,2,1,0,0,0,0,1,1,1,1,1,1,1,1,0,0,1,0,0,0,0,1,13,0.8125,6,0.75,8,2,0,0,NA,1,1,1,""
529,"75","UKRN01","","Year 2","","","","2","UKRN",3,-1,2,1,-1,-1,-1,-1,-1,-1,-1,1,1,1,-1,1,1,1,1,-1,-1,1,1,2,-1,1,1,1,1,1,1,1,1,1,0,1,0,0,0,1,0,-1,-0.0625,3,0.375,8,3,1,1,0,0,0,1,""
530,"100","UKRN01","","Year 2","","","","2","UKRN",3,2,2,2,1,0,2,1,-1,1,1,2,-1,1,1,1,0,2,2,1,2,1,-1,0,0,NA,NA,NA,1,NA,NA,1,1,0,0,0,1,0,0,0,1,15,0.9375,7,0.875,NA,2,1,1,1,0,0,0,""
531,"100","UKRN01","","Year 2","","","","2","UKRN",3,1,1,1,1,-2,-1,1,1,1,1,1,2,1,-2,-1,-1,2,1,1,1,-2,1,1,-1,1,1,1,1,NA,1,1,1,0,0,1,1,0,0,1,0,5,0.3125,4,0.5,NA,3,1,0,0,0,1,1,""
532,"100","UKRN01","","Year 2","","","","2","UKRN",3,2,1,0,1,1,1,1,1,2,1,1,0,0,-1,0,-1,1,1,1,-1,-1,1,1,0,1,1,1,1,1,1,1,1,1,0,1,1,0,1,0,0,10,0.625,3,0.375,8,4,1,1,0,0,0,1,""
533,"89","UKRN01","","Year 1","","","","2","UKRN",3,1,1,0,1,1,0,1,0,1,1,1,1,1,1,-1,-1,1,0,1,-1,-1,0,1,1,1,1,1,1,1,1,1,1,0,0,0,0,0,0,1,0,9,0.5625,2,0.25,8,1,0,0,NA,0,0,0,""
535,"100","UKRN01","","Final Year","","","","2","UKRN",3,1,0,2,2,1,0,1,1,0,0,1,2,1,2,0,0,2,2,2,1,0,1,2,1,1,1,1,1,1,NA,1,1,0,0,0,1,0,0,1,0,14,0.875,11,1.375,NA,2,1,1,0,1,1,1,""
537,"100","UKRN08","","Year 1","","","","2","UKRN",3,2,2,2,1,2,0,1,0,-2,-2,1,2,2,2,-2,-2,2,-1,1,-2,2,0,2,0,1,1,1,1,NA,1,1,1,1,0,1,1,0,1,0,1,9,0.5625,4,0.5,NA,5,1,1,1,1,1,1,""
538,"100","UKRN08","","Year 1","","","","2","UKRN",3,1,0,0,0,1,1,0,-1,1,-1,1,0,0,0,0,0,1,-1,1,-1,-1,1,0,-1,1,1,1,1,1,1,1,1,0,0,0,0,0,0,0,0,3,0.1875,-1,-0.125,8,0,0,0,NA,0,0,0,""
539,"100","UKRN08","","Year 1","","","","2","UKRN",3,2,2,2,2,2,1,2,1,2,2,2,2,2,2,0,-1,2,1,2,1,-1,2,1,2,1,1,1,1,NA,1,NA,1,0,0,0,1,0,0,0,1,25,1.5625,10,1.25,NA,2,1,1,1,1,1,1,""
540,"100","UKRN08","","Year 2","","","","2","UKRN",3,1,2,0,2,1,2,2,1,2,2,2,2,1,2,-1,-1,1,1,1,-1,-1,-1,1,1,1,NA,1,1,NA,1,1,1,0,0,1,0,1,1,0,1,20,1.25,2,0.25,NA,4,1,1,1,1,0,1,""
541,"100","UKRN08","","Year 1","","","","2","UKRN",3,2,1,2,1,1,1,2,2,1,2,2,2,2,0,-1,-2,2,1,1,1,-1,2,1,1,1,1,1,1,NA,1,1,1,1,0,0,0,1,0,0,1,18,1.125,8,1,NA,3,1,1,1,0,1,1,""
542,"100","UKRN08","","Year 1","","","","2","UKRN",3,2,2,2,2,0,0,1,1,2,2,2,2,1,2,0,-2,2,2,2,2,-2,1,2,2,1,NA,1,1,NA,NA,1,1,1,0,0,0,0,0,0,0,19,1.1875,11,1.375,NA,1,1,1,0,1,1,1,""
543,"100","UKRN08","","Year 2","","","","2","UKRN",3,1,2,-2,-1,0,1,1,-1,1,1,1,2,1,0,0,-1,-1,-1,1,-1,-1,-2,-1,-2,1,1,1,1,1,1,1,1,0,0,0,0,1,0,0,1,6,0.375,-8,-1,8,2,1,1,1,0,0,1,""
544,"89","UKRN08","","Year 1","","","","2","UKRN",3,1,1,1,0,1,0,1,0,0,0,1,0,1,-1,0,0,1,0,0,-1,0,0,1,1,1,1,1,1,1,1,1,1,1,0,1,0,1,1,0,1,6,0.375,2,0.25,8,5,1,1,0,0,1,0,""
545,"100","UKRN08","","Year 2","","","","2","UKRN",3,1,2,0,1,1,1,1,0,1,1,1,1,1,1,0,-1,1,0,0,1,-1,-1,1,0,1,NA,NA,1,NA,NA,NA,1,0,0,0,0,0,0,0,0,12,0.75,1,0.125,NA,0,1,1,0,0,0,0,""
546,"100","UKRN08","","Year 2","","","","2","UKRN",3,2,2,1,1,1,1,1,0,1,2,1,1,1,-2,0,-1,2,0,1,-1,-1,0,1,0,1,1,1,1,1,1,1,1,0,0,0,1,0,0,1,0,12,0.75,2,0.25,8,2,1,1,1,0,1,1,""
547,"97","UKRN08","","Year 2","","","","2","UKRN",3,-1,2,1,2,0,1,2,0,1,2,1,1,1,1,-1,-2,2,1,1,-1,-1,0,2,-1,NA,NA,NA,NA,NA,NA,NA,NA,0,0,0,0,0,0,0,0,11,0.6875,3,0.375,NA,0,0,0,NA,0,0,1,""
548,"100","UKRN08","","Year 2","","","","1","UKRN",3,2,2,2,-2,1,0,2,0,1,0,1,0,1,-1,2,-1,1,2,2,2,-1,2,1,1,1,1,1,1,1,1,1,1,0,0,0,1,1,1,1,1,10,0.625,10,1.25,8,5,1,1,1,0,0,1,""
549,"89","UKRN08","","Year 2","","","","1","UKRN",3,2,2,1,2,2,0,2,2,2,0,2,2,1,-1,0,-1,1,1,2,2,-1,-1,1,1,1,1,1,1,1,1,1,1,0,0,1,0,0,0,0,1,18,1.125,6,0.75,8,2,1,1,1,0,0,1,""
550,"100","UKRN08","","Year 2","","","","2","UKRN",3,1,1,-1,-1,0,0,0,1,1,0,0,0,1,0,0,0,1,0,-1,0,1,2,0,-1,1,1,1,1,1,1,1,1,0,1,1,0,0,0,1,1,3,0.1875,2,0.25,8,4,0,0,NA,0,0,1,"no"
551,"100","UKRN08","","Year 2","","","","2","UKRN",3,1,1,1,0,1,1,1,-1,1,1,1,2,-1,0,-1,-1,1,-1,1,1,-2,-2,1,-1,1,1,1,1,1,1,1,1,0,0,0,0,1,0,1,0,7,0.4375,-2,-0.25,8,2,1,1,0,0,1,1,""
552,"100","UKRN08","","Year 2","","","","2","UKRN",3,2,2,1,-1,0,0,2,2,2,0,0,0,1,0,-1,-1,2,1,0,-1,-2,0,0,0,1,1,1,1,1,1,1,1,1,1,1,0,1,1,1,0,9,0.5625,0,0,8,6,0,0,NA,0,0,0,""
553,"100","UKRN08","","Year 1","","","","1","UKRN",3,2,1,1,2,0,0,1,1,1,1,2,2,0,-1,-2,-2,0,1,1,-1,-1,-1,1,0,1,NA,1,1,NA,1,1,1,0,0,1,0,0,0,0,1,9,0.5625,0,0,NA,2,1,1,0,1,1,1,""
554,"100","UKRN08","","Year 2","","","","1","UKRN",3,1,1,0,-1,-1,1,1,0,0,0,1,2,0,-1,-1,0,1,1,0,0,-1,1,1,1,NA,NA,1,NA,NA,1,NA,1,0,0,1,0,0,0,0,1,3,0.1875,4,0.5,NA,2,0,0,NA,0,0,1,""
555,"100","UKRN08","","Year 1","","","","2","UKRN",3,1,2,1,1,1,0,1,1,2,1,0,2,1,1,-1,0,1,1,1,1,-1,1,1,0,1,1,1,1,NA,NA,NA,1,1,1,0,1,0,0,0,1,14,0.875,5,0.625,NA,4,1,1,1,1,1,1,""
556,"100","UKRN08","","Year 1","","","","2","UKRN",3,1,0,0,-1,1,0,1,-1,1,0,0,2,1,0,0,-1,1,-1,1,-1,-1,1,1,0,1,1,1,1,1,1,1,1,0,0,0,0,0,0,0,1,4,0.25,1,0.125,8,1,0,0,NA,0,0,0,""
557,"100","UKRN08","","Year 1","","","","2","UKRN",3,2,1,1,1,1,1,1,-1,0,0,2,2,1,1,1,-1,1,0,1,-1,1,1,2,1,1,1,NA,1,1,1,1,1,0,0,0,1,0,0,0,1,13,0.8125,6,0.75,NA,2,1,1,0,1,1,1,""
558,"100","UKRN08","","Year 1","","","","2","UKRN",3,1,2,1,0,2,1,2,-1,0,0,-1,1,1,-1,0,0,1,1,-1,-1,-1,-1,-1,1,1,1,1,1,1,1,1,1,0,0,0,0,0,0,0,0,8,0.5,-2,-0.25,8,0,1,1,1,1,1,1,"no "
559,"100","UKRN08","","Year 2","","","","2","UKRN",3,2,2,2,1,2,2,2,1,2,1,0,0,1,-1,2,1,-2,1,-2,1,-1,0,0,1,1,1,1,1,1,1,1,1,1,1,1,1,0,0,0,0,20,1.25,-2,-0.25,8,4,1,1,1,1,1,1,""
560,"100","UKRN08","","Year 1","","","","2","UKRN",3,1,1,1,1,1,1,2,0,2,1,1,2,-1,-2,0,-1,1,0,1,-2,1,1,1,1,1,NA,1,NA,NA,1,NA,1,0,0,0,0,0,0,0,0,10,0.625,4,0.5,NA,0,0,0,NA,0,0,1,""
561,"100","UKRN08","","Year 1","","","","2","UKRN",3,2,1,1,2,-1,-1,0,-1,1,2,0,1,2,2,-1,-2,1,-1,-1,1,-1,-1,-1,1,1,1,1,1,1,1,1,1,0,0,1,1,0,0,1,1,8,0.5,-2,-0.25,8,4,1,1,1,1,1,1,""
562,"100","UKRN08","","Year 1","","","","2","UKRN",3,1,0,0,1,1,0,1,0,1,1,0,1,1,1,-2,-2,2,1,2,2,-2,-1,0,1,1,1,1,1,1,1,1,1,0,0,1,1,0,1,0,1,5,0.3125,5,0.625,8,4,1,1,1,1,1,0,""
563,"100","UKRN08","","Year 1","","","","2","UKRN",3,2,2,1,2,1,1,1,1,1,-1,0,1,1,-1,1,0,0,1,2,1,-1,1,1,1,1,1,1,1,1,1,1,1,0,0,0,1,0,0,0,1,13,0.8125,6,0.75,8,2,1,1,1,0,1,1,""
564,"100","UKRN08","","Year 1","","","","2","UKRN",3,2,1,1,2,2,2,1,1,1,2,2,2,1,0,0,-1,2,2,2,1,-1,-1,1,2,1,NA,1,1,NA,1,NA,1,1,0,1,1,0,1,0,1,19,1.1875,8,1,NA,5,1,1,0,0,0,1,"N/A"
565,"100","UKRN08","","Year 2","","","","2","UKRN",3,1,0,1,1,1,0,1,1,0,-1,0,0,1,0,0,0,2,2,1,-1,-1,0,1,0,1,1,1,1,1,1,1,1,0,1,1,0,1,1,1,0,6,0.375,4,0.5,8,5,1,1,0,1,1,1,""
566,"100","UKRN08","","Year 1","","","","1","UKRN",3,2,2,1,1,2,2,2,0,1,0,1,2,2,-2,-1,2,0,1,-2,1,0,1,2,1,1,1,1,1,1,1,1,1,0,0,1,0,1,0,0,1,17,1.0625,4,0.5,8,3,1,1,1,0,0,1,""
567,"100","UKRN08","","Year 1","","","","2","UKRN",3,2,2,0,-2,2,-2,2,0,1,-2,0,1,-1,-1,0,-1,0,-1,1,-2,-1,-1,-1,2,1,1,1,1,1,1,1,1,1,1,0,1,1,0,1,0,1,0.0625,-3,-0.375,8,5,1,1,0,0,0,1,""
568,"100","UKRN08","","Year 1","","","","2","UKRN",3,2,2,1,1,1,2,2,1,2,2,2,1,2,0,2,2,2,1,-1,-1,0,1,2,1,1,1,1,1,1,1,1,1,1,0,1,1,0,0,0,1,25,1.5625,5,0.625,8,4,1,1,0,1,1,1,""
569,"100","UKRN08","","Year 1","","","","2","UKRN",3,1,1,1,1,1,0,0,0,0,1,1,2,1,1,0,-1,-1,1,1,-1,-1,-1,1,1,1,1,1,1,1,1,1,1,0,0,0,0,0,0,0,0,10,0.625,0,0,8,0,1,1,1,0,0,1,""
570,"100","UKRN08","","Year 1","","","","2","UKRN",3,2,-1,1,0,2,0,2,1,1,2,1,-1,1,-2,1,1,-1,1,2,-1,0,1,1,0,1,1,1,1,1,1,1,1,0,0,0,1,1,1,1,0,11,0.6875,3,0.375,8,4,1,1,0,0,0,1,""
571,"100","UKRN08","","Year 2","","","","2","UKRN",3,1,2,1,1,-1,-1,1,1,1,-1,2,2,2,-1,-2,-2,1,-1,2,-2,-2,-1,2,-1,1,1,1,1,1,1,1,1,0,0,1,1,0,1,0,1,6,0.375,-2,-0.25,8,4,1,1,1,1,1,1,""
572,"100","UKRN08","","Year 1","","","","2","UKRN",3,2,2,1,1,1,2,1,1,2,2,1,2,2,2,-1,-1,2,1,1,1,-1,0,1,1,1,1,1,1,1,1,NA,1,1,1,1,1,0,1,0,1,20,1.25,6,0.75,NA,6,1,1,1,1,1,1,""
573,"100","UKRN08","","Final Year","","","","2","UKRN",3,1,1,0,0,2,0,2,-1,2,1,0,1,0,1,0,-1,2,1,2,0,0,1,0,1,1,1,1,1,1,1,1,1,0,0,1,0,0,1,1,0,9,0.5625,7,0.875,8,3,1,1,1,1,1,1,""
574,"100","UKRN08","","Year 1","","","","2","UKRN",3,1,1,1,1,2,-1,2,1,1,2,1,1,1,0,0,0,1,1,2,1,0,1,-1,1,1,1,1,1,1,1,1,1,1,0,1,1,0,0,0,1,14,0.875,6,0.75,8,4,1,1,0,1,1,1,""
575,"100","UKRN08","","Year 1","","","","2","UKRN",3,2,2,2,2,1,1,2,1,2,2,0,1,1,0,-1,-1,2,2,2,0,-1,-1,0,1,1,1,1,1,1,1,NA,1,1,1,1,1,0,1,0,0,17,1.0625,5,0.625,NA,5,1,1,0,1,1,1,""
576,"100","UKRN08","","Year 1","","","","2","UKRN",3,1,1,1,1,1,1,2,2,2,1,1,2,1,1,0,0,1,0,1,1,-1,1,2,-1,1,1,1,1,1,1,1,1,0,1,0,0,1,1,1,0,18,1.125,4,0.5,8,4,1,1,0,0,1,1,""
577,"100","UKRN08","","Year 1","","","","2","UKRN",3,-2,2,1,1,2,1,1,-1,1,2,1,2,0,1,0,-1,2,2,2,2,-1,1,1,1,1,1,1,1,1,1,1,1,0,0,1,0,0,1,0,1,11,0.6875,10,1.25,8,3,1,1,0,0,0,1,""
578,"100","UKRN08","","Year 1","","","","2","UKRN",3,2,1,1,-1,0,1,0,-1,2,-2,1,2,0,0,-1,-1,1,1,-1,-1,-1,-1,1,0,1,1,1,1,1,1,1,1,0,0,0,0,0,0,0,1,4,0.25,-1,-0.125,8,1,0,0,NA,0,0,1,""
579,"100","UKRN08","","Year 2","","","","2","UKRN",3,0,0,-1,-1,0,-1,0,-1,0,-1,0,-1,0,-1,0,-1,0,-1,2,1,0,1,1,1,1,1,1,1,1,1,1,1,0,1,1,1,1,1,1,0,-8,-0.5,5,0.625,8,6,0,0,NA,0,0,0,""
580,"100","UKRN08","","Year 1","","","","2","UKRN",3,2,2,2,1,1,2,1,1,1,2,1,1,1,-1,-1,0,2,1,-1,-1,-1,1,-1,1,1,1,1,1,NA,1,NA,1,0,0,1,1,0,1,0,1,16,1,1,0.125,NA,4,1,1,1,1,1,1,"n/a"
581,"100","UKRN08","","Year 1","","","","2","UKRN",3,2,1,0,0,1,-1,1,1,1,-1,1,2,1,-1,0,0,1,1,1,-1,-1,0,1,0,1,1,1,1,1,1,1,1,0,0,0,0,0,0,0,1,8,0.5,2,0.25,8,1,0,0,NA,0,0,0,""
582,"100","UKRN08","","Year 1","","","","2","UKRN",3,2,1,1,1,1,2,2,2,2,2,-1,1,2,-1,-2,-2,2,1,2,-2,-2,-1,-1,1,1,1,1,1,1,1,1,1,1,1,1,1,1,1,1,1,13,0.8125,0,0,8,8,1,1,0,1,1,1,""
583,"100","UKRN08","","Year 1","","","","2","UKRN",3,2,1,1,1,1,1,1,1,1,1,1,2,1,1,-1,0,-1,1,1,-1,-1,0,1,1,1,1,1,1,1,1,NA,1,0,0,0,1,0,0,0,1,15,0.9375,1,0.125,NA,2,1,1,0,1,1,1,""
584,"100","UKRN08","","Year 1","","","","2","UKRN",3,0,1,0,1,-1,1,2,-1,2,0,1,1,1,-1,0,0,1,-1,1,-1,0,-1,1,0,1,1,1,1,1,1,1,1,0,0,1,1,0,1,0,1,7,0.4375,0,0,8,4,1,1,0,0,0,1,""
585,"100","UKRN08","","Year 2","","","","2","UKRN",3,1,1,1,1,1,1,1,-1,1,-1,0,0,0,-1,0,-1,1,1,1,1,-1,1,1,1,1,1,1,1,1,1,1,1,0,0,1,0,0,0,0,0,4,0.25,6,0.75,8,1,1,0,1,0,0,1,""
586,"100","UKRN08","","Year 1","","","","2","UKRN",3,1,1,1,0,1,1,0,0,1,1,1,1,1,0,1,-1,2,1,1,0,0,1,1,1,1,1,1,1,1,1,1,1,0,0,0,0,0,0,0,0,10,0.625,7,0.875,8,0,1,1,1,1,1,0,""
587,"100","UKRN08","","Year 1","","","","2","UKRN",3,1,1,0,0,0,0,2,-1,-1,1,1,1,0,-1,-1,-1,1,1,0,0,-1,-1,1,1,1,NA,1,1,1,1,NA,1,1,0,0,0,0,1,0,0,2,0.125,2,0.25,NA,2,0,0,NA,1,0,0,""
588,"100","UKRN08","","Year 1","","","","2","UKRN",3,2,1,1,1,0,0,1,1,-1,1,1,1,1,1,1,-1,1,1,1,1,1,1,1,1,1,1,1,1,1,1,1,1,0,0,0,0,0,0,0,0,11,0.6875,8,1,8,0,1,1,0,1,1,1,""
589,"100","UKRN08","","Year 1","","","","1","UKRN",3,2,2,2,2,2,2,0,-1,-1,2,1,2,2,2,2,-2,2,1,2,1,-1,1,1,1,1,1,1,1,NA,1,NA,1,1,1,0,0,0,0,0,0,19,1.1875,8,1,NA,2,1,1,1,1,1,1,""
590,"100","UKRN08","","Year 1","","","","2","UKRN",3,2,2,1,1,1,2,2,0,2,2,0,-1,1,2,0,-1,2,1,1,0,-1,-1,0,0,1,1,1,1,1,1,NA,1,1,0,1,1,0,1,0,1,16,1,2,0.25,NA,5,1,1,0,1,1,1,""
591,"100","UKRN08","","Year 1","","","","2","UKRN",3,1,1,0,0,1,1,1,1,1,0,1,-1,0,-1,0,0,-1,-1,1,0,0,1,0,1,1,1,1,1,1,1,1,1,1,1,1,1,0,0,0,0,6,0.375,1,0.125,8,4,0,0,NA,1,0,1,""
592,"100","UKRN08","","Year 1","","","","2","UKRN",3,1,2,1,1,1,0,2,1,1,1,1,2,1,1,0,-1,1,1,2,1,-1,1,1,1,1,1,1,1,1,1,1,1,1,0,0,1,0,0,0,1,15,0.9375,7,0.875,8,3,1,1,1,1,1,1,""
593,"100","UKRN08","","Year 2","","","","1","UKRN",3,1,-2,0,-1,1,2,2,2,2,2,2,-2,1,0,2,-1,0,-1,2,2,0,0,0,0,1,1,1,1,1,1,1,1,0,0,0,1,1,0,1,1,11,0.6875,3,0.375,8,4,0,0,NA,0,0,0,"nope"
594,"100","UKRN08","","Year 1","","","","2","UKRN",3,2,2,2,2,2,2,2,1,2,2,1,2,2,2,2,2,2,2,2,2,2,2,2,2,1,1,1,1,1,1,1,1,0,0,0,0,0,0,0,0,30,1.875,16,2,8,0,1,1,1,0,1,1,"no"
595,"100","UKRN08","","Year 2","","","","2","UKRN",3,1,1,0,1,0,0,-1,-1,0,1,1,1,0,-1,-1,-1,1,-1,1,-1,-2,1,1,1,1,1,1,NA,NA,1,NA,1,0,0,1,0,0,1,0,1,1,0.0625,1,0.125,NA,3,1,1,1,1,1,1,""
596,"100","UKRN08","","Year 1","","","","2","UKRN",3,1,1,2,1,2,-2,2,-1,1,1,-2,2,1,0,-2,-2,1,-1,1,1,-1,1,-1,2,1,1,1,1,NA,1,1,1,1,0,1,1,0,0,1,1,5,0.3125,3,0.375,NA,5,1,1,1,1,1,0,""
597,"100","UKRN08","","Year 2","","","","2","UKRN",3,1,1,1,1,-1,-1,2,-1,1,1,0,2,1,2,-2,-2,2,2,2,1,-2,0,0,2,NA,NA,NA,1,NA,NA,NA,NA,0,0,0,0,0,0,0,0,6,0.375,7,0.875,NA,0,1,1,1,0,0,1,""
598,"100","UKRN08","","Year 1","","","","1","UKRN",3,-1,-1,-1,0,2,0,0,-2,-1,0,1,-2,0,2,1,-1,2,2,2,2,-1,1,2,2,1,NA,1,1,NA,1,1,1,0,0,0,1,0,0,0,1,-3,-0.1875,12,1.5,NA,2,1,1,1,1,1,1,""
599,"100","UKRN08","","Year 2","","","","3","UKRN",3,2,2,2,1,2,0,2,1,2,0,2,2,2,2,0,0,2,2,1,0,0,0,2,2,NA,NA,1,1,NA,NA,NA,1,0,0,0,0,0,0,0,0,22,1.375,9,1.125,NA,0,1,1,0,0,1,1,""
600,"100","UKRN08","","Year 2","","","","2","UKRN",3,2,2,1,1,0,-1,2,1,1,1,2,2,1,2,-1,-2,1,1,1,-2,1,1,2,1,1,1,1,1,1,1,1,1,0,0,1,0,0,1,0,1,14,0.875,6,0.75,8,3,1,1,1,0,0,1,""
601,"100","UKRN08","","Year 1","","","","2","UKRN",3,2,2,1,2,1,2,2,1,2,2,1,2,2,-1,0,-1,1,1,2,2,0,1,1,1,1,1,1,1,1,1,1,1,0,0,1,1,0,1,1,1,20,1.25,9,1.125,8,5,1,1,1,1,1,1,"No "
602,"100","UKRN08","","Year 1","","","","2","UKRN",3,1,1,1,1,1,1,1,1,1,1,1,1,1,0,1,-1,2,1,2,-1,-2,2,1,0,1,1,1,1,1,1,1,1,0,1,0,0,1,1,1,0,13,0.8125,5,0.625,8,4,1,1,1,0,1,1,""
603,"100","UKRN08","","Year 1","","","","1","UKRN",3,1,2,1,1,1,1,0,-1,1,2,1,2,2,1,0,1,1,1,1,1,1,1,1,1,1,NA,1,1,1,1,NA,1,0,0,1,1,0,1,0,1,16,1,8,1,NA,4,1,1,1,1,1,1,""
604,"83","UKRN08","","Year 1","","","","2","UKRN",3,2,0,0,1,0,0,2,1,1,2,1,2,0,0,0,-1,1,0,1,-1,-1,0,1,0,1,1,1,1,1,1,1,1,0,0,1,0,0,0,0,1,11,0.6875,1,0.125,8,2,1,1,1,1,1,1,""
605,"79","UKRN08","","Year 2","","","","2","UKRN",3,1,-1,0,1,0,1,1,1,1,0,1,1,0,0,-1,-1,1,1,1,0,-1,-1,1,1,1,1,1,1,1,1,1,1,0,1,1,0,0,1,1,0,5,0.3125,3,0.375,8,4,1,1,1,0,0,1,""
606,"100","UKRN08","","Year 2","","","","2","UKRN",3,1,1,-1,1,0,0,0,0,2,2,-1,1,0,-1,-1,-1,1,-1,2,1,0,-1,1,-1,1,1,1,NA,NA,1,NA,1,0,0,1,0,0,1,0,1,3,0.1875,2,0.25,NA,3,0,0,NA,1,0,0,"I was finding the questions on to what extent I think journal articles should be free to access quite hard to answer! I'd like to say yes so everyone could have knowledge (I often have the problem of not being able to access things due to this) but I also understand why they are not free to access. "
607,"100","UKRN08","","Year 1","","","","1","UKRN",3,2,1,1,1,2,2,2,1,2,2,0,2,0,-1,-2,-2,1,-1,2,-1,-1,1,0,1,NA,1,1,1,NA,NA,NA,NA,0,1,1,0,0,0,0,0,13,0.8125,2,0.25,NA,2,0,0,NA,0,0,0,""
608,"100","UKRN08","","Year 2","","","","2","UKRN",3,2,2,1,2,2,2,1,-1,2,1,1,2,2,2,-2,-2,2,2,2,-1,-2,1,1,1,1,NA,1,1,1,1,1,1,0,0,1,0,0,1,0,1,17,1.0625,6,0.75,NA,3,1,1,0,1,1,1,""
609,"100","UKRN08","","Year 1","","","","1","UKRN",3,1,2,2,1,-1,2,1,0,1,1,-2,2,-1,-1,-1,-1,1,1,2,1,1,1,1,2,1,1,1,NA,1,1,NA,1,0,1,1,0,0,1,0,0,6,0.375,10,1.25,NA,3,0,0,NA,1,0,1,""
610,"100","UKRN08","","Year 1","","","","1","UKRN",3,2,2,2,1,1,0,1,0,1,-1,1,1,0,0,1,2,0,0,0,0,0,0,0,0,1,1,1,1,1,1,1,1,0,0,0,0,0,0,0,0,14,0.875,0,0,8,0,0,0,NA,0,0,0,"no"
612,"100","UKRN08","","Year 1","","","","2","UKRN",3,1,1,1,1,1,1,1,-1,1,1,-1,1,1,-1,1,-1,1,0,1,1,-1,1,-1,1,1,1,1,1,1,1,1,1,1,0,1,0,0,1,0,1,8,0.5,3,0.375,8,4,1,1,1,1,1,1,""
613,"100","UKRN08","","Year 2","","","","2","UKRN",3,2,2,1,2,0,0,0,-1,0,0,2,2,2,-2,-1,-2,2,0,0,0,-2,-2,2,2,1,1,1,1,1,1,NA,1,0,0,0,0,0,0,0,0,7,0.4375,2,0.25,NA,0,1,1,1,1,1,1,""
614,"100","UKRN08","","Year 1","","","","1","UKRN",3,1,1,-1,0,-1,1,0,0,0,-1,1,1,2,-1,-1,-1,0,-1,2,2,-1,1,0,1,1,1,1,1,1,1,1,1,1,1,1,0,0,1,1,0,1,0.0625,4,0.5,8,5,0,0,NA,1,1,1,""
615,"100","UKRN08","","Year 1","","","","3","UKRN",3,2,1,0,2,0,0,2,1,2,2,0,2,2,-2,0,0,1,1,2,-1,0,1,1,1,1,1,1,1,1,1,1,1,1,1,1,0,0,0,0,0,14,0.875,6,0.75,8,3,1,0,0,0,1,0,""
616,"100","UKRN08","","Year 1","","","","2","UKRN",3,1,2,2,0,-1,1,-1,-1,0,0,2,1,2,-2,0,0,1,1,1,1,0,0,1,0,1,1,1,1,1,1,1,1,0,0,0,0,0,0,0,0,6,0.375,5,0.625,8,0,1,1,0,1,1,1,""
617,"100","UKRN08","","Year 2","","","","2","UKRN",3,2,2,-1,-2,0,0,1,0,0,0,2,2,0,0,-1,-1,2,1,1,-1,-2,-2,0,0,1,1,1,1,1,1,1,1,0,0,1,1,0,0,0,1,4,0.25,-1,-0.125,8,3,0,0,NA,0,0,1,"No"
618,"100","UKRN08","","Year 1","","","","2","UKRN",3,2,2,0,1,1,1,2,1,2,1,2,1,-1,1,0,0,1,1,0,-1,1,-1,1,0,1,NA,1,1,NA,1,NA,1,1,0,1,0,0,0,0,1,16,1,2,0.25,NA,3,1,1,1,1,1,0,"n/a"
619,"100","UKRN08","","Year 1","","","","2","UKRN",3,2,1,2,-1,1,0,0,1,1,-1,2,1,0,0,0,0,0,0,-1,0,0,0,0,0,1,1,1,1,NA,1,1,1,1,1,1,0,0,0,0,1,9,0.5625,-1,-0.125,NA,4,1,1,0,0,0,0,""
620,"100","UKRN08","","Year 1","","","","2","UKRN",3,2,1,2,1,-1,1,2,1,2,2,-1,2,2,1,0,0,2,1,2,2,2,2,2,2,1,1,1,1,NA,1,1,1,0,0,1,0,0,1,0,1,17,1.0625,15,1.875,NA,3,1,1,1,1,0,1,""
621,"100","UKRN08","","Year 1","","","","2","UKRN",3,2,2,2,2,0,-1,1,-1,2,2,2,2,2,1,-1,-2,1,1,1,1,-2,1,1,1,1,1,1,1,NA,NA,NA,1,0,0,0,1,0,0,0,1,15,0.9375,5,0.625,NA,2,1,1,0,0,1,1,""
622,"100","UKRN08","","Year 1","","","","1","UKRN",3,1,1,1,0,0,0,1,0,1,1,1,1,1,0,-1,-1,1,0,0,0,-2,-1,0,1,1,1,1,1,1,1,1,1,0,0,0,1,1,0,1,1,7,0.4375,-1,-0.125,8,4,0,0,NA,0,0,0,""
623,"100","UKRN08","","Year 1","","","","2","UKRN",3,0,0,0,0,0,0,0,0,0,0,0,0,0,0,0,0,0,0,0,0,-1,-1,1,-1,1,1,1,1,1,1,1,1,1,1,1,0,0,1,0,1,0,0,-2,-0.25,8,5,0,0,NA,0,1,1,""
624,"100","UKRN08","","Year 1","","","","2","UKRN",3,2,0,1,0,1,0,2,-2,1,0,1,0,0,-1,-1,0,1,0,1,-1,-1,-1,0,0,1,1,1,1,1,1,1,1,0,0,0,0,0,0,0,0,4,0.25,-1,-0.125,8,0,1,1,0,1,1,1,"no"
625,"100","UKRN08","","Year 1","","","","1","UKRN",3,2,2,2,2,2,2,2,2,2,2,2,2,2,2,2,2,2,1,1,1,-1,1,1,1,1,1,1,1,NA,1,1,1,1,1,1,0,0,1,1,1,32,2,7,0.875,NA,6,1,1,0,0,0,1,""
626,"100","UKRN08","","Year 1","","","","2","UKRN",3,1,1,1,1,1,1,2,1,2,0,1,2,1,0,0,0,1,2,2,2,0,0,1,2,1,1,1,1,NA,1,NA,1,0,0,1,1,0,1,0,1,15,0.9375,10,1.25,NA,4,1,1,1,0,1,1,""
627,"100","UKRN08","","Year 2","","","","1","UKRN",3,2,2,1,1,0,1,2,2,2,1,1,2,1,1,-1,-1,1,1,2,2,-1,1,1,0,1,NA,1,NA,NA,NA,NA,1,0,0,1,0,0,0,0,0,17,1.0625,7,0.875,NA,1,1,1,1,1,1,0,""
628,"100","UKRN08","","Year 1","","","","2","UKRN",3,1,-1,2,1,0,0,-1,0,1,0,1,2,1,2,0,0,1,1,1,0,-1,1,1,1,1,1,1,1,NA,1,NA,1,1,1,1,0,0,1,0,1,9,0.5625,5,0.625,NA,5,1,1,1,0,1,1,""
629,"100","UKRN08","","Year 1","","","","2","UKRN",3,1,1,0,2,1,1,2,1,1,2,1,1,0,1,0,-1,1,1,2,0,1,1,-1,1,1,1,1,1,1,1,1,1,1,1,1,0,0,1,0,1,14,0.875,6,0.75,8,5,1,1,1,0,1,1,""
630,"100","UKRN08","","Year 1","","","","2","UKRN",3,2,1,0,1,1,0,1,0,2,0,1,2,1,1,1,-1,1,0,2,1,-1,-2,0,1,1,1,1,1,1,1,1,1,0,0,1,0,0,0,0,1,13,0.8125,2,0.25,8,2,1,1,1,1,1,1,""
631,"100","UKRN08","","Year 1","","","","2","UKRN",3,2,2,1,0,1,1,-1,-1,1,1,1,1,2,1,-1,-2,1,0,0,-1,-2,-1,2,-1,1,1,1,1,NA,1,NA,1,1,0,1,0,0,0,0,1,9,0.5625,-2,-0.25,NA,3,1,1,1,1,1,1,""
632,"100","UKRN08","","Year 2","","","","2","UKRN",3,1,0,0,0,0,0,0,-1,1,1,0,0,0,0,0,-1,2,0,-1,-1,-1,-1,0,-1,1,1,1,1,1,1,1,1,0,0,1,1,0,1,0,0,1,0.0625,-3,-0.375,8,3,1,1,1,0,0,1,""
633,"100","UKRN08","","Year 1","","","","2","UKRN",3,2,1,0,2,0,0,-1,-1,1,1,2,2,2,0,0,-1,-2,1,2,1,-1,0,1,1,NA,1,1,1,NA,NA,1,1,0,0,0,1,0,0,1,1,10,0.625,3,0.375,NA,3,1,1,1,0,0,1,""
634,"100","UKRN08","","Year 1","","","","2","UKRN",3,1,1,-1,-1,1,1,1,1,1,2,1,2,1,2,-1,-2,1,-2,1,-1,-2,2,2,1,1,1,1,1,1,1,1,1,1,1,1,1,0,0,0,1,10,0.625,2,0.25,8,5,1,1,0,1,0,1,""
635,"100","UKRN08","","Year 1","","","","2","UKRN",3,1,1,1,0,0,1,1,0,1,1,0,1,1,0,-1,-1,1,1,1,0,-1,1,0,1,1,NA,1,NA,NA,NA,NA,1,0,0,0,0,0,0,0,0,7,0.4375,4,0.5,NA,0,1,1,1,0,1,1,""
636,"100","UKRN08","","Year 2","","","","1","UKRN",3,1,1,1,0,0,-1,1,0,0,1,1,0,1,-2,1,1,1,1,2,-1,0,1,1,1,1,1,1,1,NA,1,1,1,1,1,1,0,0,1,1,1,6,0.375,6,0.75,NA,6,1,1,0,0,0,1,""
637,"100","UKRN08","","Year 1","","","","2","UKRN",3,2,1,0,1,1,2,2,1,1,2,1,2,1,1,0,-1,-1,-1,-1,-1,-2,2,1,0,1,1,1,1,1,1,1,1,1,0,1,1,1,0,0,0,17,1.0625,-3,-0.375,8,4,1,1,0,1,1,1,""
638,"100","UKRN08","","Year 2","","","","3","UKRN",3,2,2,0,-1,-1,1,1,-2,1,0,2,1,2,1,-2,-2,1,1,-1,-2,-1,-1,1,0,1,1,1,NA,NA,NA,1,1,0,0,0,0,0,0,0,0,5,0.3125,-2,-0.25,NA,0,1,1,0,0,0,1,""
639,"100","UKRN08","","Year 1","","","","2","UKRN",3,1,2,1,1,0,1,1,-1,1,0,1,-1,0,-1,-1,-1,1,1,0,-1,-1,0,0,0,1,1,1,1,1,1,1,1,0,0,1,0,0,0,0,0,4,0.25,0,0,8,1,1,1,0,0,1,1,""
640,"100","UKRN08","","Year 2","","","","2","UKRN",3,2,2,2,2,2,2,2,0,2,0,1,2,2,-1,-2,-1,2,2,2,2,-1,2,1,2,1,1,1,1,1,1,1,1,0,0,0,1,1,0,0,0,17,1.0625,12,1.5,8,2,1,1,1,0,0,1,""
641,"100","UKRN08","","Year 2","","","","2","UKRN",3,1,1,0,1,1,0,1,1,1,1,1,1,1,0,-1,-1,1,0,1,0,-1,-1,1,1,1,1,1,1,1,1,1,1,0,0,0,0,0,0,0,0,9,0.5625,2,0.25,8,0,1,1,0,0,0,1,""
642,"100","UKRN08","","Year 1","","","","1","UKRN",3,2,1,2,1,2,2,2,2,2,2,1,1,1,-1,0,0,2,2,2,2,0,2,1,1,1,1,1,1,NA,1,1,1,0,0,0,1,0,0,0,1,20,1.25,12,1.5,NA,2,1,1,1,1,1,1,"n/a"
643,"100","UKRN08","","Year 1","","","","1","UKRN",3,2,2,0,-1,2,1,2,1,2,2,1,2,2,-1,0,-2,2,2,2,2,-2,-1,1,2,1,1,1,1,1,1,1,1,0,1,1,1,0,1,0,0,15,0.9375,8,1,8,4,1,1,1,0,0,1,""
644,"100","UKRN08","","Year 2","","","","1","UKRN",3,2,1,1,2,0,-2,2,-1,1,1,2,1,1,0,0,0,1,0,2,1,-1,1,1,-2,1,1,1,1,1,1,1,1,1,1,1,0,0,1,0,0,11,0.6875,3,0.375,8,4,0,0,NA,1,0,1,"n/a"
645,"100","UKRN08","","Year 2","","","","1","UKRN",3,1,1,2,0,0,1,1,0,1,2,1,1,1,2,1,0,1,0,1,1,1,1,2,0,1,NA,1,NA,NA,NA,NA,1,0,0,0,0,0,0,0,0,15,0.9375,7,0.875,NA,0,1,1,0,0,1,1,""
647,"100","UKRN08","","Year 1","","","","2","UKRN",3,1,1,-1,1,1,1,0,2,-1,-1,-1,1,1,1,-1,-1,1,-1,-1,-1,-1,-1,-1,-1,1,NA,NA,1,NA,NA,NA,1,1,0,1,0,0,0,0,1,4,0.25,-6,-0.75,NA,3,1,1,0,1,1,1,""
648,"100","UKRN08","","Year 1","","","","1","UKRN",3,0,1,0,1,1,1,1,0,1,1,1,1,1,-1,0,-1,2,0,-1,1,-1,0,1,1,1,1,1,1,1,1,1,1,1,0,1,1,0,1,0,1,8,0.5,3,0.375,8,5,1,1,1,1,1,1,"None, thank you!"
649,"100","UKRN08","","Year 2","","","","2","UKRN",3,1,2,1,-1,0,-1,0,-1,-1,-2,2,2,0,-1,-1,-2,-1,-1,-2,-2,-2,-1,1,0,NA,1,1,1,1,1,1,1,0,1,1,0,0,1,0,1,-2,-0.125,-8,-1,NA,4,0,0,NA,0,0,0,""
650,"100","UKRN08","","Year 2","","","","2","UKRN",3,1,1,0,1,1,2,2,2,2,2,-1,-1,1,-1,-1,0,-1,-1,2,-1,0,1,-1,2,1,1,1,1,1,1,1,1,0,0,1,0,0,1,0,0,11,0.6875,1,0.125,8,2,1,1,0,0,0,1,""
651,"100","UKRN08","","Year 1","","","","2","UKRN",3,2,2,0,-1,0,0,-1,-1,1,1,1,2,2,2,2,-1,1,1,0,2,-1,0,2,-1,1,1,1,1,NA,1,1,1,1,0,1,0,0,1,0,0,11,0.6875,4,0.5,NA,3,1,1,1,1,1,1,""
652,"83","UKRN08","","Year 1","","","","2","UKRN",3,2,2,2,2,2,2,1,-1,2,1,0,2,2,1,1,1,2,2,2,2,1,2,0,2,1,1,1,1,1,1,1,1,1,0,1,1,0,1,0,1,22,1.375,13,1.625,8,5,1,1,0,1,1,1,""
653,"97","UKRN08","","Year 2","","","","1","UKRN",3,1,2,0,1,0,0,2,0,0,2,0,2,1,0,-1,-1,2,0,-2,-2,0,0,1,1,1,1,1,1,1,1,1,1,0,0,0,0,0,0,0,1,9,0.5625,0,0,8,1,1,0,1,0,0,1,""
654,"76","UKRN08","","Year 2","","","","2","UKRN",3,1,0,1,-1,1,1,2,0,1,1,2,2,0,-1,0,-2,0,0,2,-2,-1,0,1,1,NA,NA,1,NA,NA,NA,NA,NA,0,0,0,0,0,0,0,0,8,0.5,1,0.125,NA,0,0,0,NA,0,0,1,""
657,"100","UKRN08","","Year 1","","","","2","UKRN",3,1,0,0,-1,2,2,2,2,2,0,1,-1,1,-1,0,0,1,0,1,1,-1,0,0,1,1,1,NA,NA,1,1,NA,NA,1,1,0,0,0,1,0,0,10,0.625,3,0.375,NA,3,0,0,NA,1,1,1,""
