"ID","Uni","Full_Part","PTY","Current_Year","Course_Duration","Course_Name","Gender","Age","UKRN","timepoint","crisis_aware","crisis_learnt","crisis_explain","os_explain","os_learnt","applicability","crisis_aware_Completed","crisis_learnt_Completed","crisis_explain_Completed","os_explain_Completed","os_learnt_Completed","applicability_Completed"
192,"UKRN01","Full-time","Yes","Final Year","4","Psychology","female","21","UKRN",2,1,0,NA,0,0,1,1,1,1,1,1,1
613,"UNI19","Full-time","No","Year 1","3","Psychology ","Female ","19","Non-UKRN",2,0,NA,NA,1,1,1,1,0,1,1,1,1
540,"UNI06","Full-time","Yes","Year 1","4","Psychology ","Female","19","Non-UKRN",2,0,NA,NA,0,0,1,1,0,1,1,1,1
348,"UNI74","Full-time","No","Year 1","2","Psychology BSc","Female","18","Non-UKRN",2,1,0,0,1,0,1,1,1,1,1,1,1
723,"UKRN01","Full-time","Yes","Year 2","3","Psychology counselling and mental health","Female","37","UKRN",2,1,NA,NA,NA,NA,NA,1,0,1,0,0,0
277,"UKRN01","Full-time","Yes","Year 2","4","psychology ","female ","19","UKRN",2,1,1,0,0,0,1,1,1,1,1,1,1
247,"UNI73","Full-time","No","Year 2","3","BSc Psychology","Female","19","Non-UKRN",2,1,1,0,1,0,1,1,1,1,1,1,1
237,"UNI06","Full-time","Yes","Year 2","4","psychology","female","20","Non-UKRN",2,0,NA,NA,0,1,0,1,0,1,1,1,1
624,"UNI06","Full-time","No","Year 1","3","Psychology ","Female","19","Non-UKRN",2,0,NA,NA,0,1,0,1,0,1,1,1,1
112,"UKRN01","Full-time","Yes","Placement Year","4","BSc Psychology","Female","21","UKRN",2,1,0,1,1,0,1,1,1,1,1,1,1
640,"UNI79","Full-time","No","Year 1","3","Psychology BS","Male","20","Non-UKRN",2,0,NA,NA,1,0,1,1,0,1,1,1,1
559,"UNI06","Full-time","Yes","Year 1","4","Psychology and Marketing ","Male","19","Non-UKRN",2,1,0,0,1,0,1,1,1,1,1,1,1
586,"UNI06","Full-time","Yes","Year 2","4","Bsc Psychology","Female","20","Non-UKRN",2,0,NA,NA,0,0,1,1,0,1,1,1,1
248,"UNI73","Full-time","No","Final Year","3","Psychology BSc","female","20","Non-UKRN",2,1,1,1,1,1,1,1,1,1,1,1,1
212,"UKRN01","Full-time","Yes","Year 2","4","Psychology","Female","20","UKRN",2,0,NA,NA,1,0,1,1,0,1,1,1,1
210,"UNI09","Full-time","No","Final Year","3","Psychology","Male","21","Non-UKRN",2,0,NA,NA,0,0,1,1,0,1,1,1,1
78,"UKRN08","Full-time","No","Year 2","3","Psychology","Female","20","UKRN",2,1,1,1,0,0,1,1,1,1,1,1,1
388,"UNI58","Full-time","No","Year 1","4","Psychology Bsc. (Hons) with Study Abroad Year","Female","19","Non-UKRN",2,1,0,1,0,0,1,1,1,1,1,1,1
85,"UKRN01","Full-time","No","Year 2","3","Psychology","Female","20","UKRN",2,1,1,1,0,0,1,1,1,1,1,1,1
421,"UNI50","Full-time","No","Year 1","3","Psychology","Female","18","Non-UKRN",2,1,1,0,0,0,0,1,1,1,1,1,1
688,"UNI11","Full-time","No","Final Year","3","Psychology","Female","21","Non-UKRN",2,0,NA,NA,0,0,1,1,0,1,1,1,1
342,"UKRN04","Full-time","No","Final Year","3","BSc Psychology ","Female ","21","UKRN",2,1,1,0,0,0,1,1,1,1,1,1,1
239,"UNI73","Full-time","No","Year 1","3","BSc Psychology","Female ","19","Non-UKRN",2,1,1,1,0,0,1,1,1,1,1,1,1
347,"UNI08","Full-time","No","Year 1","3","BSc Psychology","Female","19","Non-UKRN",2,1,0,0,0,0,1,1,1,1,1,1,1
241,"UNI73","Full-time","No","Year 2","4","Psychology","Female","22","Non-UKRN",2,1,1,0,0,0,1,1,1,1,1,1,1
242,"UNI73","Full-time","No","Year 1","3","Psychology","Gender fluid","22","Non-UKRN",2,0,NA,NA,0,0,0,1,0,1,1,1,1
258,"UNI73","Full-time","No","Final Year","3","BSc Criminology & Psychology","Female","20","Non-UKRN",2,1,1,1,0,0,1,1,1,1,1,1,1
544,"UNI06","Full-time","Yes","Year 2","4","Psychology","Female","20","Non-UKRN",2,0,NA,NA,0,0,1,1,0,1,1,1,1
459,"UNI10","Full-time","No","Year 2","3","Psychology","Female","21","Non-UKRN",2,0,NA,NA,0,0,1,1,0,1,1,1,1
226,"UNI06","Full-time","Yes","Year 1","4","Psychology & Business","Female","18","Non-UKRN",2,0,NA,NA,1,0,1,1,0,1,1,1,1
32,"UKRN01","Full-time","Yes","Final Year","4","Psychology","Cis female","22","UKRN",2,1,1,1,1,1,1,1,1,1,1,1,1
18,"UKRN08","Full-time","No","Year 2","3","psychology with criminology","female","20","UKRN",2,1,1,1,0,0,0,1,1,1,1,1,1
374,"UNI10","Full-time","Yes","Year 1","3","BSc in Psychology ","Female ","18","Non-UKRN",2,0,NA,NA,0,0,0,1,0,1,1,1,1
123,"UKRN01","Full-time","No","Year 2","3","PSYchology","male","19","UKRN",2,1,0,0,0,0,1,1,1,1,1,1,1
468,"UKRN01","Full-time","Yes","Year 2","3","Bsc Psychology","female","24","UKRN",2,NA,NA,NA,NA,NA,NA,0,0,1,0,0,0
525,"UNI06","Full-time","Yes","Year 1","4","Psychology and Business Management","Male","18","Non-UKRN",2,1,1,0,0,0,1,1,1,1,1,1,1
414,"UNI19","Full-time","Other (Please specify)","Year 1","3","BSc Psychology","Female","18","Non-UKRN",2,1,1,1,0,0,1,1,1,1,1,1,1
552,"UNI06","Full-time","Yes","Year 1","4","psychology","female","20","Non-UKRN",2,1,1,0,0,1,1,1,1,1,1,1,1
560,"UNI06","Full-time","Yes","Year 1","4","Psychology ","Male","21","Non-UKRN",2,1,1,1,0,0,1,1,1,1,1,1,1
42,"UKRN08","Full-time","No","Year 2","3","BSC Hons Psychology ","Female","21","UKRN",2,1,1,0,0,1,1,1,1,1,1,1,1
338,"UNI10","Full-time","No","Final Year","3","Psychology","Female ","22","Non-UKRN",2,0,NA,NA,0,0,1,1,0,1,1,1,1
24,"UKRN08","Full-time","Yes","Year 2","3","Psychology","Female ","20","UKRN",2,1,1,1,0,1,1,1,1,1,1,1,1
205,"UKRN08","Full-time","No","Year 2","3","BSC Honors Psychology","Female","22","UKRN",2,1,1,1,1,1,1,1,1,1,1,1,1
315,"UKRN01","Full-time","Yes","Year 1","4","Psychology ","Female","19","UKRN",2,0,NA,NA,0,0,1,1,0,1,1,1,1
45,"UKRN08","Full-time","No","Year 2","3","Psychology Bsc(Hons)","Male","22","UKRN",2,1,1,1,1,0,1,1,1,1,1,1,1
527,"UNI06","Full-time","Yes","Year 2","4","psychology","female","19","Non-UKRN",2,0,NA,NA,1,0,1,1,0,1,1,1,1
604,"UNI19","Full-time","No","Year 1","3","Paychology","female ","20","Non-UKRN",2,1,0,0,0,0,0,1,1,1,1,1,1
489,"UNI75","Full-time","Yes","Placement Year","3","BSc Psychology","Male","41","Non-UKRN",2,0,NA,NA,0,0,1,1,0,1,1,1,1
26,"UKRN08","Full-time","Yes","Year 1","4","Psychology","Female","20","UKRN",2,1,1,1,1,1,1,1,1,1,1,1,1
314,"UNI08","Full-time","No","Year 1","3","Psychology","Female","18","Non-UKRN",2,1,0,0,0,1,1,1,1,1,1,1,1
521,"UNI06","Full-time","Other (Please specify)","Year 2","3","Psychology","Male","21","Non-UKRN",2,0,NA,NA,0,0,0,1,0,1,1,1,1
386,"UNI10","Full-time","Yes","Year 2","4","English Literature And Psychology ","Male","20","Non-UKRN",2,1,0,0,0,0,1,1,1,1,1,1,1
357,"UNI74","Full-time","No","Year 2","2","Psychology with Spanish","Female","20","Non-UKRN",2,0,NA,NA,0,0,1,1,0,1,1,1,1
705,"UNI06","Full-time","Yes","Year 1","4","Psychology","female","20","Non-UKRN",2,0,NA,NA,0,0,1,1,0,1,1,1,1
376,"UNI10","Full-time","Yes","Year 1","3","Criminology and Psychology ","Female ","19","Non-UKRN",2,0,NA,NA,1,0,1,1,0,1,1,1,1
333,"UNI10","Full-time","No","Final Year","3","PSYCHOLOGY BSc (Hons)","Female","21","Non-UKRN",2,1,0,0,0,0,1,1,1,1,1,1,1
611,"UNI06","Full-time","Yes","Year 1","4","Psychology","Female","19","Non-UKRN",2,0,NA,NA,0,0,1,1,0,1,1,1,1
66,"UKRN08","Full-time","No","Year 1","3","Psychology","Female","23","UKRN",2,1,1,1,0,1,1,1,1,1,1,1,1
168,"UKRN08","Full-time","Other (Please specify)","Year 2","3","psychology with criminology","male","20","UKRN",2,1,1,1,0,0,0,1,1,1,1,1,1
139,"UKRN01","Full-time","Yes","Year 2","4","Psychology","Female","21","UKRN",2,1,1,1,1,1,1,1,1,1,1,1,1
310,"UNI50","Full-time","No","Year 1","3","Psychology ","Female","18","Non-UKRN",2,0,NA,NA,0,0,1,1,0,1,1,1,1
511,"UNI06","Full-time","Yes","Year 2","4","Psychology & Marketing","F","19","Non-UKRN",2,0,NA,NA,1,1,0,1,0,1,1,1,1
282,"UNI50","Full-time","No","Year 1","3","Psychology with Forensic Psychology","Male","19","Non-UKRN",2,0,NA,NA,0,0,1,1,0,1,1,1,1
57,"UKRN08","Full-time","No","Year 1","4","Psychology","Male","21","UKRN",2,0,NA,NA,0,0,1,1,0,1,1,1,1
337,"UNI72","Full-time","No","Year 2","3","Psychology","Female","21","Non-UKRN",2,1,0,0,0,1,1,1,1,1,1,1,1
403,"UNI73","Full-time","No","Year 2","3","Psychology ","Female ","20","Non-UKRN",2,1,0,0,0,0,1,1,1,1,1,1,1
278,"UNI06","Full-time","Yes","Year 1","4","Psychology (BSc)","Female ","19","Non-UKRN",2,1,0,0,1,1,1,1,1,1,1,1,1
321,"UNI10","Full-time","Yes","Year 1","4","BSc Psychology with professional placement year ","Female ","19","Non-UKRN",2,1,1,0,1,0,1,1,1,1,1,1,1
724,"UNI64","Full-time","No","Year 1","3","Core Psychology","Female","25","Non-UKRN",2,1,1,0,0,0,1,1,1,1,1,1,1
360,"UNI10","Full-time","No","Final Year","3","Psychology Bsc (Hons)","Female ","20","Non-UKRN",2,1,0,1,0,0,1,1,1,1,1,1,1
288,"UNI50","Full-time","No","Year 1","3","Psychology ","Female ","18","Non-UKRN",2,1,1,1,0,0,1,1,1,1,1,1,1
587,"UNI06","Full-time","Yes","Year 2","4","psychology Bsc","female","21","Non-UKRN",2,0,NA,NA,1,0,1,1,0,1,1,1,1
651,"UNI79","Full-time","No","Final Year","3","Psychology","female","21","Non-UKRN",2,0,NA,NA,0,0,1,1,0,1,1,1,1
15,"UKRN01","Full-time","Yes","Placement Year","4","BSc in Psychology","Female","21","UKRN",2,1,0,0,1,0,1,1,1,1,1,1,1
341,"UKRN04","Full-time","No","Year 2","3","Psychology","Female","20","UKRN",2,1,1,1,0,0,1,1,1,1,1,1,1
283,"UNI50","Full-time","No","Year 2","3","Psychology ","Female","19","Non-UKRN",2,0,NA,NA,0,0,1,1,0,1,1,1,1
339,"UKRN04","Full-time","No","Final Year","3","Psychology ","Female","21","UKRN",2,0,NA,NA,0,0,1,1,0,1,1,1,1
274,"UNI06","Full-time","Yes","Year 2","4","BSc Psychology and Business","female","20","Non-UKRN",2,1,1,0,0,1,0,1,1,1,1,1,1
249,"UNI73","Full-time","No","Year 2","3","Psychology ","Female ","20","Non-UKRN",2,1,1,0,0,0,0,1,1,1,1,1,1
551,"UNI06","Full-time","Yes","Year 2","3","Psychology Bcs Hons ","Female","19","Non-UKRN",2,0,NA,NA,0,0,1,1,0,1,1,1,1
84,"UKRN08","Full-time","No","Year 2","3","Psychology with Criminology ","Female ","21","UKRN",2,1,1,1,0,0,1,1,1,1,1,1,1
431,"UNI08","Full-time","No","Year 2","3","BSc Psychology","Female","26","Non-UKRN",2,0,NA,NA,0,0,1,1,0,1,1,1,1
379,"UNI73","Full-time","No","Final Year","3","Psychology","Female","22","Non-UKRN",2,NA,NA,NA,NA,NA,NA,0,0,1,0,0,0
719,"UNI64","Full-time","No","Year 2","3","Psychology BSc","Female","30","Non-UKRN",2,0,NA,NA,0,0,1,1,0,1,1,1,1
424,"UNI50","Full-time","No","Year 2","3","Psychology Bsc","Female ","19","Non-UKRN",2,NA,NA,NA,NA,NA,NA,0,0,1,0,0,0
456,"UNI10","Full-time","No","Final Year","3","Psychology Major Business and Managment minor","Female ","31","Non-UKRN",2,0,NA,NA,0,0,1,1,0,1,1,1,1
177,"UNI06","Full-time","Yes","Year 1","4","Psychology BSc","Female","18","Non-UKRN",2,1,1,1,1,1,1,1,1,1,1,1,1
517,"UNI06","Full-time","Yes","Year 1","4","Psychology ","female","19","Non-UKRN",2,1,1,1,0,0,0,1,1,1,1,1,1
325,"UNI10","Full-time","No","Year 2","3","Psychology ","Female","19","Non-UKRN",2,1,1,1,0,1,1,1,1,1,1,1,1
197,"UNI09","Full-time","No","Year 1","3","Psychology ","Female ","18","Non-UKRN",2,1,1,0,0,0,1,1,1,1,1,1,1
573,"UNI06","Full-time","Yes","Year 2","3","psychology","female","19","Non-UKRN",2,0,NA,NA,0,0,0,1,0,1,1,1,1
513,"UNI06","Full-time","No","Year 2","3","Psychology","Male","20","Non-UKRN",2,0,NA,NA,1,0,1,1,0,1,1,1,1
148,"UKRN08","Full-time","Other (Please specify)","Year 1","3","Bsc Psychology ","Female ","18","UKRN",2,1,1,1,1,1,1,1,1,1,1,1,1
58,"UNI06","Full-time","No","Year 1","3","Psychology","female","19","Non-UKRN",2,1,1,0,1,1,1,1,1,1,1,1,1
695,"UNI11","Full-time","No","Year 1","3","Psychology","Female","20","Non-UKRN",2,1,1,1,0,0,1,1,1,1,1,1,1
327,"UNI10","Full-time","No","Year 2","3","Psychology","Female","20","Non-UKRN",2,0,NA,NA,0,0,1,1,0,1,1,1,1
616,"UNI06","Full-time","No","Year 1","3","psychology","female","19","Non-UKRN",2,0,NA,NA,1,0,0,1,0,1,1,1,1
343,"UNI10","Full-time","No","Year 2","3","psychology","female","20","Non-UKRN",2,0,NA,NA,1,0,1,1,0,1,1,1,1
330,"UNI10","Full-time","No","Year 2","3","education and psychology","female","20","Non-UKRN",2,1,0,0,0,0,1,1,1,1,1,1,1
469,"UNI10","Full-time","No","Final Year","3","Psychology","female","22","Non-UKRN",2,NA,NA,NA,NA,NA,NA,0,0,1,0,0,0
500,"UNI19","Full-time","Other (Please specify)","Year 1","3","psychology ","female","19","Non-UKRN",2,1,1,0,0,0,1,1,1,1,1,1,1
174,"UKRN01","Full-time","No","Year 1","3","Psychology BSc (Hons)","Male","19","UKRN",2,0,NA,NA,1,0,1,1,0,1,1,1,1
384,"UKRN01","Full-time","No","Year 2","3","Psychology","female","21","UKRN",2,1,1,1,1,1,1,1,1,1,1,1,1
698,"UNI79","Full-time","Yes","Year 1","3","Child Psychology","female","19","Non-UKRN",2,1,0,0,1,1,1,1,1,1,1,1,1
633,"UNI19","Full-time","No","Year 1","3","Psychology ","Female","20","Non-UKRN",2,0,NA,0,1,0,1,1,0,1,1,1,1
113,"UKRN08","Full-time","Yes","Year 2","4","Psychology and Criminology","Female","20","UKRN",2,1,1,0,0,0,1,1,1,1,1,1,1
136,"UKRN08","Full-time","No","Year 1","3","Psychology with Criminology","female","20","UKRN",2,1,1,0,0,0,1,1,1,1,1,1,1
595,"UNI06","Full-time","Yes","Year 1","4","Psychology","Male","19","Non-UKRN",2,0,NA,NA,1,0,0,1,0,1,1,1,1
317,"UKRN01","Full-time","Yes","Year 1","4","Psychology","Female","18","UKRN",2,0,NA,NA,0,0,0,1,0,1,1,1,1
72,"UNI06","Full-time","Yes","Year 2","3","Psychology ","female","21","Non-UKRN",2,0,NA,NA,0,0,0,1,0,1,1,1,1
181,"UKRN08","Full-time","Yes","Year 2","3","BSc (Hons) Psychology ","Female","20","UKRN",2,1,1,1,1,1,1,1,1,1,1,1,1
702,"UNI11","Full-time","No","Final Year","3","Psychology and child development ","Female ","20","Non-UKRN",2,1,1,1,0,0,1,1,1,1,1,1,1
534,"UNI06","Full-time","Yes","Year 2","4","psychology and marketing","female","19","Non-UKRN",2,0,NA,NA,0,0,0,1,0,1,1,1,1
284,"UNI50","Full-time","No","Final Year","3","BSc Psychology (Hons)","Female","21","Non-UKRN",2,1,1,1,0,0,1,1,1,1,1,1,1
251,"UNI73","Full-time","No","Year 2","3","Psychology ","Male ","20","Non-UKRN",2,1,1,0,0,0,1,1,1,1,1,1,1
530,"UNI06","Full-time","Yes","Year 2","4","Psychology ","Female","20","Non-UKRN",2,1,0,0,1,0,1,1,1,1,1,1,1
541,"UNI06","Full-time","No","Year 2","3","Psychology single hons.","Female","20","Non-UKRN",2,0,NA,NA,1,0,1,1,0,1,1,1,1
569,"UNI75","Full-time","No","Year 1","3","Psychology and counselling","Female","22","Non-UKRN",2,0,NA,NA,0,1,1,1,0,1,1,1,1
478,"UNI19","Full-time","Yes","Year 1","3","BSc in psychology ","Female","19","Non-UKRN",2,0,NA,NA,0,0,1,1,0,1,1,1,1
498,"UNI19","Full-time","No","Year 1","3","Psychology","Female","19","Non-UKRN",2,1,1,1,1,1,1,1,1,1,1,1,1
279,"UKRN01","Full-time","No","Year 2","3","Psychology ","Female","21","UKRN",2,0,NA,NA,1,0,1,1,0,1,1,1,1
480,"UNI74","Full-time","No","Year 2","2","Psychology","Male","79","Non-UKRN",2,1,1,0,1,1,1,1,1,1,1,1,1
352,"UNI74","Full-time","No","Year 2","2","Psychology ","Female ","20","Non-UKRN",2,0,NA,NA,0,0,1,1,0,1,1,1,1
122,"UKRN01","Full-time","Yes","Year 2","4","psychology bsc","female","cb01329@surrey.ac.uk","UKRN",2,0,NA,NA,1,1,1,1,0,1,1,1,1
95,"UKRN01","Full-time","Yes","Placement Year","4","Psychology BSc","female","21","UKRN",2,0,NA,NA,0,0,1,1,0,1,1,1,1
191,"UNI06","Full-time","Yes","Final Year","4","Psychology","Female","22","Non-UKRN",2,1,0,0,0,0,0,1,1,1,1,1,1
87,"UKRN01","Full-time","No","Year 1","3","BSc Psychology","Female","20","UKRN",2,0,NA,NA,0,0,1,1,0,1,1,1,1
20,"UKRN08","Full-time","Yes","Year 1","3","Psychology","Male","19","UKRN",2,1,1,1,0,1,0,1,1,1,1,1,1
607,"UNI19","Full-time","No","Year 1","3","Psychology","female","20","Non-UKRN",2,0,NA,NA,0,0,1,1,0,1,1,1,1
280,"UNI50","Full-time","No","Final Year","3","Psychology","Female","21","Non-UKRN",2,1,1,NA,0,1,1,1,1,1,1,1,1
368,"UNI62","Full-time","No","Year 1","3","Psychological and Behavioural Sciences ","Female ","19","Non-UKRN",2,1,1,1,1,1,1,1,1,1,1,1,1
313,"UNI58","Full-time","Yes","Year 1","3","Psychology ","Female","20","Non-UKRN",2,0,NA,NA,1,0,1,1,0,1,1,1,1
70,"UKRN01","Full-time","Yes","Year 2","4","Psychology BSc","Male","19","UKRN",2,0,NA,NA,1,0,1,1,0,1,1,1,1
159,"UKRN01","Full-time","Yes","Placement Year","4","Psychology","Female","20","UKRN",2,1,1,1,1,1,0,1,1,1,1,1,1
185,"UNI06","Full-time","Yes","Final Year","4","BSc Psychology","Female","22","Non-UKRN",2,1,0,1,0,0,1,1,1,1,1,1,1
676,"UNI80","Full-time","No","Year 1","3","Psychology BSc","Female","19","Non-UKRN",2,1,0,1,0,0,1,1,1,1,1,1,1
495,"UNI75","Full-time","No","Year 1","3","BSc Applied Psychology","Female","40","Non-UKRN",2,0,NA,NA,0,0,0,1,0,1,1,1,1
50,"UKRN08","Full-time","No","Final Year","4","Psychology with criminology ","female","21","UKRN",2,1,1,1,0,0,1,1,1,1,1,1,1
704,"UNI11","Full-time","No","Year 2","3","Psychology & Child Development","F","45","Non-UKRN",2,1,1,0,0,0,1,1,1,1,1,1,1
708,"UNI80","Full-time","No","Year 1","3","forensic psychology","female","58","Non-UKRN",2,0,NA,NA,1,0,1,1,0,1,1,1,1
54,"UKRN01","Full-time","Yes","Year 2","4","Psycho ","Female ","20","UKRN",2,0,NA,NA,0,0,1,1,0,1,1,1,1
9,"UKRN01","Full-time","Yes","Placement Year","4","Psychology","Female","20","UKRN",2,1,1,1,0,1,1,1,1,1,1,1,1
35,"UKRN08","Full-time","No","Year 2","3","Psychology","Male","25","UKRN",2,1,1,0,1,1,1,1,1,1,1,1,1
390,"UKRN04","Full-time","No","Year 2","3","Psychology and education joint honours","female","19","UKRN",2,0,NA,NA,1,1,1,1,0,1,1,1,1
450,"UNI58","Full-time","Yes","Year 1","4","Psychology BSc with study abroad year","Female","19","Non-UKRN",2,0,NA,NA,0,0,1,1,0,1,1,1,1
370,"UNI10","Full-time","No","Year 2","3","BSc Forensic Psychology ","Female ","20","Non-UKRN",2,0,NA,NA,0,0,0,1,0,1,1,1,1
406,"UNI10","Full-time","No","Final Year","3","BSc (Hons) Psychology","Female","21","Non-UKRN",2,0,NA,NA,0,0,1,1,0,1,1,1,1
477,"UNI10","Full-time","No","Year 2","3","Psychology and Business and Management","Female","21","Non-UKRN",2,0,NA,NA,1,1,1,1,0,1,1,1,1
364,"UNI62","Full-time","No","Year 1","3","psychology and behavioural sciences","female","22","Non-UKRN",2,1,1,1,1,0,1,1,1,1,1,1,1
27,"UKRN08","Full-time","No","Year 1","4","Psychology with Criminology ","Female ","19","UKRN",2,1,1,0,0,0,1,1,1,1,1,1,1
261,"UNI73","Full-time","Yes","Year 1","4","BSc Criminology & Psychology","Female","25","Non-UKRN",2,1,1,1,0,0,1,1,1,1,1,1,1
385,"UNI10","Full-time","No","Final Year","3","Criminology, Psychology Joint","Female","21","Non-UKRN",2,0,NA,NA,1,0,1,1,0,1,1,1,1
233,"UNI72","Full-time","No","Year 1","3","Psychology and counselling ","Male","19","Non-UKRN",2,1,0,0,1,0,1,1,1,1,1,1,1
697,"UNI80","Full-time","Yes","Final Year","4","Applied Psychology (Psychology with a Work Placement Year)","Female","21","Non-UKRN",2,1,1,1,1,1,1,1,1,1,1,1,1
648,"UNI79","Full-time","No","Year 2","3","Psychological Counselling","Cis Woman","34","Non-UKRN",2,1,1,NA,0,0,1,1,1,1,1,1,1
467,"UKRN04","Full-time","No","Year 2","3","BSc (Hons) Psychology","Female","20","UKRN",2,1,0,1,0,0,1,1,1,1,1,1,1
383,"UNI73","Full-time","No","Year 2","3","BSc Psychology","Female","19","Non-UKRN",2,1,1,1,0,0,1,1,1,1,1,1,1
602,"UNI06","Full-time","Yes","Year 2","4","BSc Psychology","Male","20","Non-UKRN",2,0,NA,NA,1,0,1,1,0,1,1,1,1
129,"UKRN08","Full-time","Yes","Year 1","4","Psychology BSc (Hons)","Non-binary","20","UKRN",2,1,1,0,0,0,1,1,1,1,1,1,1
726,"UNI58","Full-time","Other (Please specify)","Year 1","3","Psychology BSc (Hons)","female","21","Non-UKRN",2,NA,NA,NA,NA,NA,NA,0,0,1,0,0,0
435,"UNI75","Full-time","Yes","Year 2","3","BSC  Psychology and Counselling","FEMALE","58","Non-UKRN",2,0,NA,NA,0,0,1,1,0,1,1,1,1
594,"UNI06","Full-time","No","Year 1","3","Psychology ","Female","21","Non-UKRN",2,1,1,NA,0,0,0,1,1,1,1,1,1
632,"UNI19","Full-time","No","Year 1","3","psychology ","male ","18","Non-UKRN",2,0,NA,NA,0,0,1,1,0,1,1,1,1
102,"UKRN01","Full-time","Yes","Year 2","4","Psychology","Male","20","UKRN",2,0,NA,0,0,0,1,1,0,1,1,1,1
307,"UNI50","Full-time","No","Year 1","3","Psychology with Forensic Psychology ","Female ","19","Non-UKRN",2,0,NA,NA,0,0,1,1,0,1,1,1,1
713,"UNI80","Full-time","No","Year 1","3","Psychology with clinical psychology ","Female ","20","Non-UKRN",2,NA,NA,NA,NA,NA,NA,0,0,1,0,0,0
214,"UNI09","Full-time","No","Year 2","3","Psychology with Neuropsychology","Male","20","Non-UKRN",2,1,1,0,1,0,1,1,1,1,1,1,1
103,"UKRN01","Full-time","Yes","Year 1","4","BSCH Psychology","Female","25","UKRN",2,1,1,0,1,0,1,1,1,1,1,1,1
28,"UKRN08","Full-time","Yes","Year 2","3","Psychology Bsc ","male","37","UKRN",2,1,1,0,1,1,1,1,1,1,1,1,1
298,"UNI08","Full-time","No","Year 1","3","BSc Psychology","Female","24","Non-UKRN",2,0,NA,NA,0,0,1,1,0,1,1,1,1
34,"UKRN01","Full-time","Yes","Year 1","4","Psychology","Female","19","UKRN",2,0,NA,NA,0,0,0,1,0,1,1,1,1
46,"UKRN01","Full-time","Yes","Placement Year","3","Psychology BSc","Female","22","UKRN",2,0,NA,NA,1,0,1,1,0,1,1,1,1
31,"UKRN01","Full-time","No","Year 2","3","Psychology","Male","20","UKRN",2,1,1,1,0,0,1,1,1,1,1,1,1
618,"UNI06","Full-time","Yes","Year 1","3","Psychology ","Male","19","Non-UKRN",2,1,1,0,0,1,1,1,1,1,1,1,1
596,"UNI06","Full-time","Yes","Year 1","4","Psychology and Business","Female","18","Non-UKRN",2,1,1,1,1,1,1,1,1,1,1,1,1
453,"UNI10","Full-time","No","Final Year","3","English Literature and Psychology (Joint Hons) ","Female","27","Non-UKRN",2,1,0,0,0,0,0,1,1,1,1,1,1
482,"UNI19","Full-time","Other (Please specify)","Year 1","3","Psychology ","Female ","19","Non-UKRN",2,1,1,1,1,0,1,1,1,1,1,1,1
200,"UNI09","Full-time","No","Final Year","3","BSc Psychology With Neuropsychology","Female","21","Non-UKRN",2,1,1,1,0,0,1,1,1,1,1,1,1
124,"UKRN01","Full-time","No","Year 1","3","Psychology","male","18","UKRN",2,1,0,0,1,0,1,1,1,1,1,1,1
582,"UNI06","Full-time","No","Year 1","3","psychology","female","19","Non-UKRN",2,0,NA,NA,0,0,1,1,0,1,1,1,1
324,"UNI10","Full-time","Yes","Year 1","4","forensic psychology","female ","19","Non-UKRN",2,0,NA,NA,0,0,1,1,0,1,1,1,1
30,"UKRN08","Full-time","Yes","Year 1","4","psychology ","female","19","UKRN",2,1,1,1,0,0,1,1,1,1,1,1,1
146,"UKRN01","Full-time","Yes","Year 1","4","Psychology","Female","20","UKRN",2,1,1,0,0,0,0,1,1,1,1,1,1
670,"UNI11","Full-time","No","Year 2","3","BSc psychology ","Female ","22","Non-UKRN",2,1,0,0,0,0,1,1,1,1,1,1,1
52,"UNI06","Full-time","Yes","Year 1","4","Psychology BSc","female","19","Non-UKRN",2,1,1,1,1,1,1,1,1,1,1,1,1
311,"UNI58","Full-time","No","Final Year","3","BSc Psychology","Female","21","Non-UKRN",2,0,NA,NA,0,0,1,1,0,1,1,1,1
243,"UNI73","Full-time","No","Final Year","3","Criminology & Psychology","Female","21","Non-UKRN",2,0,NA,NA,0,0,1,1,0,1,1,1,1
497,"UNI75","Full-time","Other (Please specify)","Year 2","3","Psychology ","Female ","20","Non-UKRN",2,0,NA,NA,0,0,1,1,0,1,1,1,1
701,"UNI80","Full-time","No","Year 2","3","Psychology","Female","20","Non-UKRN",2,1,1,1,0,0,1,1,1,1,1,1,1
660,"UNI11","Full-time","No","Year 1","3","Forensic investigative psychology","Female","29","Non-UKRN",2,1,1,0,0,0,1,1,1,1,1,1,1
152,"UKRN01","Full-time","Yes","Year 1","4","Psychology","female","18","UKRN",2,0,NA,NA,1,1,1,1,0,1,1,1,1
335,"UNI10","Full-time","Yes","Year 2","4","Psychology ","Female ","21","Non-UKRN",2,0,NA,NA,0,0,1,1,0,1,1,1,1
485,"UNI19","Full-time","No","Year 1","3","Psychology","Female","20","Non-UKRN",2,1,1,1,1,0,0,1,1,1,1,1,1
150,"UKRN08","Full-time","Yes","Year 2","4","Psychology ","Female","23","UKRN",2,1,1,0,0,1,1,1,1,1,1,1,1
238,"UNI73","Full-time","No","Final Year","3","BSc Psychology","Female","20","Non-UKRN",2,1,1,1,0,1,0,1,1,1,1,1,1
1,"UKRN08","Full-time","No","Final Year","3","Psychology BSc","Female","20","UKRN",2,1,1,0,1,1,1,1,1,1,1,1,1
60,"UKRN08","Full-time","Yes","Year 1","3","BSc Criminology with Psychology","Female","18","UKRN",2,1,1,1,0,1,0,1,1,1,1,1,1
36,"UKRN01","Full-time","Yes","Year 1","4","psychology","female","19","UKRN",2,0,NA,NA,0,0,1,1,0,1,1,1,1
408,"UNI19","Full-time","No","Year 1","3","BSc Psychology","Female","19","Non-UKRN",2,1,1,1,0,0,1,1,1,1,1,1,1
349,"UNI08","Full-time","No","Year 2","3","Psychology (BSc, Undergraduate)","female","35","Non-UKRN",2,1,1,1,1,1,1,1,1,1,1,1,1
182,"UKRN01","Full-time","Yes","Year 1","4","Psychology","Female","19","UKRN",2,0,NA,NA,0,0,1,1,0,1,1,1,1
394,"UKRN01","Full-time","Yes","Year 1","4","Psychology ","Female ","20","UKRN",2,0,NA,NA,0,0,0,1,0,1,1,1,1
507,"UNI06","Full-time","Yes","Year 2","4","Psychology BSc (Hons)","Male","21","Non-UKRN",2,0,NA,NA,1,0,1,1,0,1,1,1,1
612,"UNI19","Full-time","No","Year 1","3","Psychology ","Female ","19","Non-UKRN",2,1,1,1,1,0,0,1,1,1,1,1,1
130,"UKRN08","Full-time","No","Year 2","3","<Psychology with Criminology","female","20","UKRN",2,1,1,1,0,0,1,1,1,1,1,1,1
654,"UNI11","Full-time","No","Year 2","3","Psychology with criminology ","Female","20","Non-UKRN",2,1,1,1,0,0,1,1,1,1,1,1,1
161,"UKRN08","Full-time","Yes","Year 1","4","Psychology with criminology","female","20","UKRN",2,1,1,1,1,0,1,1,1,1,1,1,1
504,"UNI06","Full-time","Yes","Year 2","4","BSc Psychology and Business","Female","21","Non-UKRN",2,0,NA,NA,0,0,0,1,0,1,1,1,1
452,"UNI10","Full-time","No","Year 2","3","Psychology and Criminology BsC","Female","19","Non-UKRN",2,0,NA,NA,0,0,1,1,0,1,1,1,1
658,"UNI11","Full-time","No","Final Year","3","Psychology","Female ","21","Non-UKRN",2,1,1,0,0,0,1,1,1,1,1,1,1
59,"UKRN08","Full-time","Yes","Year 2","3","Psychology","Female","21","UKRN",2,1,1,0,1,1,1,1,1,1,1,1,1
329,"UNI10","Full-time","No","Year 1","3","Forensic Psychology","Female","18","Non-UKRN",2,1,0,0,0,0,1,1,1,1,1,1,1
290,"UNI50","Full-time","No","Year 1","3","Psychology with Forensics","female","18","Non-UKRN",2,0,NA,NA,0,0,1,1,0,1,1,1,1
718,"UNI64","Full-time","No","Year 2","3","Criminal Investigation with Forensic Psychology","Female","21","Non-UKRN",2,0,NA,NA,0,0,1,1,0,1,1,1,1
80,"UKRN08","Full-time","No","Year 1","3","Bsc Psychology","Female","19","UKRN",2,1,1,0,0,0,0,1,1,1,1,1,1
287,"UNI50","Full-time","No","Year 1","3","Psychology with Clinical Psychology (BSc)","Female ","18","Non-UKRN",2,0,NA,NA,0,0,0,1,0,1,1,1,1
589,"UNI06","Full-time","No","Year 1","3","Psychology ","Female","18","Non-UKRN",2,0,NA,NA,0,1,1,1,0,1,1,1,1
158,"UKRN01","Full-time","No","Year 1","3","Psychology","Female","19","UKRN",2,1,1,0,1,0,1,1,1,1,1,1,1
127,"UKRN01","Full-time","Yes","Year 1","4","Psychology BSc","Female","19","UKRN",2,0,NA,NA,0,0,1,1,0,1,1,1,1
672,"UNI80","Full-time","Yes","Year 2","4","Psychology","Female","20","Non-UKRN",2,1,1,1,0,0,1,1,1,1,1,1,1
725,"UNI64","Full-time","No","Final Year","3","Psychology (Forensic & Psychopathology)","female ","21","Non-UKRN",2,1,NA,NA,NA,NA,NA,1,0,1,0,0,0
186,"UNI06","Full-time","Yes","Final Year","4","Psychology","Female","22","Non-UKRN",2,1,0,1,1,1,1,1,1,1,1,1,1
548,"UNI06","Full-time","Yes","Year 1","4","Psychology and Business Bsc","Female","18","Non-UKRN",2,0,NA,NA,0,0,1,1,0,1,1,1,1
227,"UNI06","Full-time","Yes","Final Year","4","Psychology BSc with Placement Year ","female","21","Non-UKRN",2,1,1,1,1,1,1,1,1,1,1,1,1
201,"UNI09","Full-time","Yes","Year 1","4","Psychology","Female","18","Non-UKRN",2,0,NA,NA,0,1,1,1,0,1,1,1,1
694,"UNI80","Full-time","No","Year 2","3","Psychology with clinical psychology ","Female ","20","Non-UKRN",2,1,1,1,0,1,1,1,1,1,1,1,1
299,"UNI08","Full-time","No","Year 2","3","BSc in Psychology","Female","39","Non-UKRN",2,1,1,1,0,0,1,1,1,1,1,1,1
671,"UNI80","Full-time","No","Final Year","3","Psychology ","Female ","23","Non-UKRN",2,1,1,NA,0,1,1,1,1,1,1,1,1
533,"UNI06","Full-time","No","Year 2","3","psychology Bsc single honours ","female","20","Non-UKRN",2,0,NA,NA,1,0,1,1,0,1,1,1,1
151,"UKRN08","Full-time","Yes","Year 1","3","Criminology with Psychology","Female ","18","UKRN",2,1,1,1,0,1,1,1,1,1,1,1,1
47,"UKRN01","Full-time","Yes","Placement Year","4","BSc Psychology","Female","20","UKRN",2,1,0,0,0,0,0,1,1,1,1,1,1
40,"UKRN01","Full-time","Yes","Placement Year","4","psychology bsc","female","21","UKRN",2,1,1,1,1,1,1,1,1,1,1,1,1
505,"UNI06","Full-time","No","Year 2","3","Psychology BSc","Female ","21","Non-UKRN",2,0,NA,NA,1,0,1,1,0,1,1,1,1
156,"UKRN08","Full-time","No","Year 2","3","Psychology BSc","Female","19","UKRN",2,1,1,0,0,1,1,1,1,1,1,1,1
206,"UNI09","Full-time","No","Final Year","3","Psychology","Female","21","Non-UKRN",2,0,NA,NA,1,0,0,1,0,1,1,1,1
550,"UNI06","Full-time","Yes","Year 2","4","Psychology and business ","Female ","19","Non-UKRN",2,0,NA,NA,0,0,0,1,0,1,1,1,1
649,"UNI06","Full-time","No","Year 1","3","Psychology ","Female ","19","Non-UKRN",2,0,NA,NA,0,0,0,1,0,1,1,1,1
446,"UNI19","Full-time","Yes","Year 1","3","BSc Psychology","Female","19","Non-UKRN",2,0,NA,NA,0,0,0,1,0,1,1,1,1
220,"UKRN01","Full-time","Yes","Year 2","4","Psychology ","Female ","19","UKRN",2,0,NA,NA,0,0,1,1,0,1,1,1,1
668,"UNI80","Full-time","Yes","Final Year","4","Psychology with applied clinical psychology","female","22","Non-UKRN",2,1,1,1,1,0,1,1,1,1,1,1,1
217,"UKRN01","Full-time","Yes","Placement Year","4","Bsc Psychology","Female","20","UKRN",2,1,1,1,0,0,1,1,1,1,1,1,1
488,"UNI75","Full-time","No","Final Year","3","BSc Applied Psychology ","Female","33","Non-UKRN",2,1,0,1,0,0,1,1,1,1,1,1,1
684,"UNI11","Full-time","No","Final Year","3","BSc Psychology","Female","21","Non-UKRN",2,1,1,1,1,1,1,1,1,1,1,1,1
16,"UKRN08","Full-time","Other (Please specify)","Year 1","3","Psychology","Woman","21","UKRN",2,1,1,1,0,0,1,1,1,1,1,1,1
398,"UNI62","Full-time","No","Year 2","3","psychological and behavioural sciences","male","19","Non-UKRN",2,1,1,1,1,1,1,1,1,1,1,1,1
131,"UKRN08","Full-time","No","Year 2","3","Psychology","Female ","19","UKRN",2,1,1,1,1,1,1,1,1,1,1,1,1
486,"UNI19","Full-time","No","Year 1","3","Psychology","Female","18","Non-UKRN",2,0,NA,NA,0,0,0,1,0,1,1,1,1
147,"UKRN01","Full-time","No","Year 2","3","Psychology BSc","Female","19","UKRN",2,1,1,1,0,0,1,1,1,1,1,1,1
593,"UNI06","Full-time","No","Year 1","3","BSc Psychology","male","19","Non-UKRN",2,0,NA,NA,0,0,1,1,0,1,1,1,1
519,"UNI06","Full-time","No","Year 2","3","BSc Psychology","Female","22","Non-UKRN",2,1,0,0,0,0,1,1,1,1,1,1,1
252,"UKRN01","Full-time","Other (Please specify)","Placement Year","3","Psychology","Female","20","UKRN",2,1,1,0,0,1,1,1,1,1,1,1,1
76,"UKRN08","Full-time","Yes","Year 2","4","Psychology with Criminology","Female","19","UKRN",2,1,1,1,0,1,1,1,1,1,1,1,1
346,"UNI74","Full-time","No","Year 1","2","psychology ","male ","26","Non-UKRN",2,0,NA,NA,0,0,1,1,0,1,1,1,1
592,"UNI06","Full-time","No","Year 1","3","Psychology","female","21","Non-UKRN",2,1,1,1,0,1,1,1,1,1,1,1,1
134,"UKRN08","Full-time","Yes","Placement Year","4","BSC (HONS) PSYCHOLOGY","Female","24","UKRN",2,1,1,1,1,1,0,1,1,1,1,1,1
487,"UNI19","Full-time","Yes","Year 1","3","Psychology BSC","female","19","Non-UKRN",2,1,1,1,0,0,0,1,1,1,1,1,1
681,"UNI11","Full-time","No","Year 1","3","psychology with criminology ","female","19","Non-UKRN",2,1,1,1,0,0,1,1,1,1,1,1,1
423,"UNI50","Full-time","No","Year 1","3","Education and Psychology","F","25","Non-UKRN",2,NA,NA,NA,NA,NA,NA,0,0,1,0,0,0
183,"UNI06","Full-time","Yes","Placement Year","3","Psychology BSc","Female","20","Non-UKRN",2,0,NA,NA,1,0,1,1,0,1,1,1,1
683,"UNI11","Full-time","No","Final Year","3","Psychology and Child Development","Female","21","Non-UKRN",2,0,NA,NA,0,0,1,1,0,1,1,1,1
496,"UNI64","Full-time","No","Year 2","3","Psychology ","Female ","19","Non-UKRN",2,0,NA,NA,0,0,1,1,0,1,1,1,1
653,"UNI11","Full-time","No","Final Year","3","Psychology and child development ","Female","21","Non-UKRN",2,0,NA,NA,0,0,0,1,0,1,1,1,1
621,"UNI06","Full-time","Yes","Year 1","4","Psychology and Sociology","female","19","Non-UKRN",2,1,1,0,1,1,1,1,1,1,1,1,1
301,"UNI50","Full-time","No","Final Year","3","Psychology with Forensic Psychology","Female","20","Non-UKRN",2,1,1,1,0,0,1,1,1,1,1,1,1
369,"UNI74","Full-time","No","Year 2","2","Psychology","Female","21","Non-UKRN",2,0,NA,NA,0,0,1,1,0,1,1,1,1
528,"UNI06","Full-time","Yes","Year 2","4","Psychology BSc","female","20","Non-UKRN",2,0,NA,NA,0,0,1,1,0,1,1,1,1
170,"UKRN08","Full-time","No","Year 1","4","Psychology with Foundation Year","Female","19","UKRN",2,0,NA,NA,0,0,1,1,0,1,1,1,1
440,"UNI75","Full-time","Yes","Placement Year","3","BSc Applied Psychology","Female","24","Non-UKRN",2,0,NA,NA,0,0,1,1,0,1,1,1,1
91,"UKRN01","Full-time","No","Year 2","3","Psychology","Female","19","UKRN",2,0,NA,NA,0,0,1,1,0,1,1,1,1
68,"UKRN08","Full-time","No","Year 1","3","Criminology with psychology ","female","28","UKRN",2,0,NA,NA,0,1,1,1,0,1,1,1,1
204,"UNI09","Full-time","No","Year 2","3","Psychology ","Female ","19","Non-UKRN",2,0,NA,NA,0,0,1,1,0,1,1,1,1
590,"UNI06","Full-time","Yes","Year 2","4","psychology bsc sandwitch","Male","22","Non-UKRN",2,0,NA,NA,0,0,0,1,0,1,1,1,1
591,"UNI06","Full-time","Yes","Year 2","4","bsc psychology, sandwitch","Male","22","Non-UKRN",2,0,NA,NA,0,0,0,1,0,1,1,1,1
179,"UNI06","Full-time","Yes","Final Year","4","Psychology","Female ","22","Non-UKRN",2,1,1,0,1,1,1,1,1,1,1,1,1
561,"UNI06","Full-time","Yes","Year 1","4","Psychology BSC","Female ","19","Non-UKRN",2,1,1,0,1,1,1,1,1,1,1,1,1
13,"UKRN08","Full-time","No","Year 2","3","BSc(Hons) Psychology","Male","25","UKRN",2,1,1,1,1,1,1,1,1,1,1,1,1
680,"UNI11","Full-time","No","Final Year","3","Psychology ","Female","21","Non-UKRN",2,0,NA,NA,0,0,1,1,0,1,1,1,1
171,"UKRN01","Full-time","Yes","Year 2","4","UG Psychology","Female","20","UKRN",2,0,NA,NA,1,0,1,1,0,1,1,1,1
203,"UNI09","Full-time","No","Final Year","3","PSYCHOLOGY","FEMALE","24","Non-UKRN",2,0,NA,NA,0,0,1,1,0,1,1,1,1
11,"UKRN01","Full-time","No","Year 1","3","Psychology","Female","19","UKRN",2,0,NA,NA,0,0,1,1,0,1,1,1,1
253,"UNI73","Full-time","No","Final Year","3","Psychology","Female","22","Non-UKRN",2,1,1,1,0,1,1,1,1,1,1,1,1
512,"UNI06","Full-time","Other (Please specify)","Year 2","3","Psychology BSc","Female","20","Non-UKRN",2,0,NA,NA,1,1,1,1,0,1,1,1,1
169,"UKRN08","Full-time","Yes","Year 2","3","Psychology ","MALE","20","UKRN",2,1,1,1,1,1,1,1,1,1,1,1,1
722,"UNI64","Full-time","No","Year 1","4","BSc (Hons) Psychology (Counselling & Mental Health)","Female","28","Non-UKRN",2,0,NA,NA,0,0,1,1,0,1,1,1,1
628,"UNI06","Full-time","No","Year 1","3","Psychology ","female ","20","Non-UKRN",2,0,NA,NA,0,0,1,1,0,1,1,1,1
462,"UNI10","Full-time","No","Year 2","3","Psychology ","Female ","20","Non-UKRN",2,0,NA,NA,0,0,1,1,0,1,1,1,1
189,"UKRN01","Full-time","Yes","Placement Year","4","Psychology BSc","Female ","22","UKRN",2,1,0,1,0,0,0,1,1,1,1,1,1
29,"UNI06","Full-time","Yes","Year 1","3","Psychology ","Female","20","Non-UKRN",2,1,1,0,1,1,1,1,1,1,1,1,1
631,"UNI19","Full-time","No","Year 1","3","Psychology","woman","18","Non-UKRN",2,0,NA,NA,0,0,1,1,0,1,1,1,1
39,"UKRN08","Full-time","No","Year 2","3","Psychology","Female","43","UKRN",2,1,1,1,1,1,1,1,1,1,1,1,1
21,"UKRN08","Full-time","Yes","Year 2","3","Psychology with Criminology","Female","20","UKRN",2,1,1,0,0,0,1,1,1,1,1,1,1
650,"UNI79","Full-time","No","Year 2","3","Psychology","Female","20","Non-UKRN",2,1,0,1,0,0,1,1,1,1,1,1,1
564,"UNI06","Full-time","Yes","Year 2","4","Psychology BSc","Female","19","Non-UKRN",2,0,NA,NA,0,0,1,1,0,1,1,1,1
117,"UKRN01","Full-time","Yes","Year 1","4","Psychology BSc ","Female","18","UKRN",2,0,NA,NA,0,0,1,1,0,1,1,1,1
110,"UKRN08","Full-time","No","Year 2","3","psychology ","female","20","UKRN",2,1,1,1,0,0,1,1,1,1,1,1,1
65,"UKRN08","Full-time","Other (Please specify)","Year 1","3","(BSc) Psychology","Female","27","UKRN",2,1,1,1,0,1,1,1,1,1,1,1,1
656,"UNI11","Full-time","No","Year 1","3","BCs Psychology with Criminology ","Female ","19","Non-UKRN",2,1,1,0,0,0,1,1,1,1,1,1,1
669,"UNI80","Full-time","No","Final Year","3","BSc Psychology Hons ","Female ","20","Non-UKRN",2,1,1,1,1,1,1,1,1,1,1,1,1
626,"UNI19","Full-time","No","Year 1","3","psychology","male","18","Non-UKRN",2,0,NA,NA,0,1,1,1,0,1,1,1,1
160,"UKRN01","Full-time","Yes","Year 1","4","Psychology BSc","Female","19","UKRN",2,0,NA,NA,1,0,1,1,0,1,1,1,1
266,"UNI73","Full-time","No","Final Year","3","Psychology ","Female ","22","Non-UKRN",2,1,1,0,1,1,1,1,1,1,1,1,1
645,"UNI79","Full-time","No","Year 1","3","Psychological Counselling","Female","49","Non-UKRN",2,1,1,0,0,0,1,1,1,1,1,1,1
232,"UNI06","Full-time","Other (Please specify)","Year 2","3","BSc Psychology","male","20","Non-UKRN",2,0,NA,NA,0,0,1,1,0,1,1,1,1
638,"UNI06","Full-time","Yes","Year 1","4","Psychology","Female","19","Non-UKRN",2,1,1,1,0,1,1,1,1,1,1,1,1
118,"UKRN01","Full-time","Other (Please specify)","Year 1","3","psychology","male","19","UKRN",2,0,NA,NA,1,0,1,1,0,1,1,1,1
418,"UNI10","Full-time","No","Year 2","3","Psychology ","Female","19","Non-UKRN",2,0,NA,NA,0,1,1,1,0,1,1,1,1
721,"UNI58","Full-time","Yes","Year 2","3","psychology with criminology","female","21","Non-UKRN",2,0,NA,NA,0,0,1,1,0,1,1,1,1
351,"UKRN01","Full-time","Yes","Year 2","4","Psychology","Female","19","UKRN",2,1,1,1,0,0,1,1,1,1,1,1,1
291,"UNI50","Full-time","No","Year 1","3","Psychology with clinical psychology ","female","19","Non-UKRN",2,0,NA,NA,0,0,1,1,0,1,1,1,1
422,"UNI50","Full-time","No","Final Year","3","BSc Psychology (Hons)","Male","22","Non-UKRN",2,1,1,1,1,0,1,1,1,1,1,1,1
588,"UNI06","Full-time","Yes","Year 2","4","Psychology Bsc Hons ","female ","19","Non-UKRN",2,0,NA,NA,0,0,0,1,0,1,1,1,1
711,"UNI06","Full-time","Yes","Year 1","4","Psychology and Business","female","19","Non-UKRN",2,0,NA,NA,0,1,1,1,0,1,1,1,1
336,"UNI74","Full-time","No","Final Year","3","Psychology and English Literature ","Female ","21","Non-UKRN",2,1,1,1,1,0,1,1,1,1,1,1,1
501,"UNI58","Full-time","No","Year 1","3","Psychology Bsc (hons)","Female","19","Non-UKRN",2,1,1,0,0,0,1,1,1,1,1,1,1
413,"UNI19","Full-time","No","Year 1","3","Psychology","Female","18","Non-UKRN",2,1,1,0,0,0,1,1,1,1,1,1,1
215,"UKRN01","Full-time","Yes","Year 2","4","BSc Psychology ","Female","19","UKRN",2,1,1,0,0,1,1,1,1,1,1,1,1
652,"UNI11","Full-time","No","Year 1","3","BSc Forensic Investigative Psychology","Non-binary ","20","Non-UKRN",2,1,1,1,1,0,1,1,1,1,1,1,1
545,"UNI64","Full-time","Yes","Year 1","3","Criminology and Psychology","female","18","Non-UKRN",2,NA,NA,NA,NA,NA,NA,0,0,1,0,0,0
536,"UNI64","Full-time","No","Final Year","3","Psychology (forensic and psychopathology) ","Female","21","Non-UKRN",2,0,NA,NA,0,0,1,1,0,1,1,1,1
367,"UNI19","Full-time","No","Final Year","3","Psychology ","Female ","22","Non-UKRN",2,1,1,1,0,0,0,1,1,1,1,1,1
155,"UKRN08","Full-time","No","Year 1","3","Psychology","Female","20","UKRN",2,1,1,0,0,0,1,1,1,1,1,1,1
269,"UNI73","Full-time","No","Year 2","3","Psychology","Female","40","Non-UKRN",2,1,1,1,0,1,1,1,1,1,1,1,1
187,"UNI06","Full-time","Yes","Year 2","4","business and psychology","male","20","Non-UKRN",2,0,NA,NA,0,0,0,1,0,1,1,1,1
255,"UNI73","Full-time","Yes","Year 1","4","Psychology Bsc","Male","24","Non-UKRN",2,1,1,0,1,0,1,1,1,1,1,1,1
74,"UKRN01","Full-time","Yes","Year 1","4","Psychology BSc","Female","19","UKRN",2,0,NA,NA,0,0,1,1,0,1,1,1,1
142,"UKRN08","Full-time","No","Year 2","3","psychology with criminology","male","19","UKRN",2,1,1,1,0,0,1,1,1,1,1,1,1
585,"UNI06","Full-time","Yes","Year 1","4","Psychology and Business BSc","Male","18","Non-UKRN",2,1,1,0,0,0,1,1,1,1,1,1,1
93,"UKRN08","Full-time","No","Year 1","3","Criminology and psychology ","Female","21","UKRN",2,1,1,0,0,0,1,1,1,1,1,1,1
692,"UNI11","Full-time","No","Year 1","3","(BSc) Psychology","Female","19","Non-UKRN",2,1,1,0,0,0,1,1,1,1,1,1,1
659,"UNI11","Full-time","No","Year 2","3","Forensic investigative Psychology","Male","19","Non-UKRN",2,1,0,0,1,0,1,1,1,1,1,1,1
365,"UNI62","Full-time","No","Final Year","3","Psychological and behavioural science","Female","23","Non-UKRN",2,1,1,1,0,0,1,1,1,1,1,1,1
132,"UKRN08","Full-time","Yes","Year 1","4","Psychology BSc (Hons)","Female","21","UKRN",2,1,1,0,1,1,1,1,1,1,1,1,1
184,"UKRN01","Full-time","Yes","Year 2","3","psychology","male","19","UKRN",2,0,NA,NA,1,0,1,1,0,1,1,1,1
629,"UNI19","Full-time","No","Year 1","3","psychology","female","18","Non-UKRN",2,1,1,0,0,0,1,1,1,1,1,1,1
506,"UNI06","Full-time","Yes","Year 2","4","Psychology and Marketing","Female","20","Non-UKRN",2,0,NA,NA,1,0,1,1,0,1,1,1,1
289,"UNI50","Full-time","No","Final Year","3","Psychology with clinical psychology ","Female ","20","Non-UKRN",2,0,NA,NA,0,0,1,1,0,1,1,1,1
419,"UNI19","Full-time","Yes","Year 1","3","psychology ","female","19","Non-UKRN",2,1,1,0,0,0,0,1,1,1,1,1,1
53,"UKRN08","Full-time","Yes","Year 2","4","Psychology Single Honours (BSc) ","Male","20","UKRN",2,1,1,1,0,0,1,1,1,1,1,1,1
584,"UNI06","Full-time","Yes","Year 1","3","Psychology","Female","19","Non-UKRN",2,1,1,0,0,1,1,1,1,1,1,1,1
641,"UNI79","Full-time","No","Year 2","3","Psychology ","Female","20","Non-UKRN",2,0,NA,NA,1,0,1,1,0,1,1,1,1
661,"UNI11","Full-time","No","Final Year","3","Psychology","Female","21","Non-UKRN",2,0,NA,NA,0,0,1,1,0,1,1,1,1
167,"UKRN01","Full-time","Yes","Year 1","4","Psychology ","Female","19","UKRN",2,0,NA,NA,0,0,1,1,0,1,1,1,1
193,"UNI06","Full-time","No","Year 2","3","Psychology","Female","20","Non-UKRN",2,0,NA,NA,0,0,1,1,0,1,1,1,1
601,"UNI06","Full-time","Yes","Year 1","4","Business and Psychology","Female","19","Non-UKRN",2,1,1,1,1,1,1,1,1,1,1,1,1
636,"UNI06","Full-time","Yes","Year 1","4","Psychology and Marketing ","Female ","19","Non-UKRN",2,1,1,0,0,1,1,1,1,1,1,1,1
56,"UKRN08","Full-time","No","Year 2","3","Psychology with Criminology","Female","19","UKRN",2,1,1,1,0,0,1,1,1,1,1,1,1
405,"UKRN01","Full-time","Yes","Year 2","4","Psychology","Female","20","UKRN",2,1,0,0,0,0,1,1,1,1,1,1,1
107,"UKRN01","Full-time","Yes","Year 2","4","Psychology","Female","19","UKRN",2,0,NA,NA,0,1,1,1,0,1,1,1,1
479,"UNI19","Full-time","No","Year 1","3","Psychology ","Female ","19","Non-UKRN",2,0,NA,NA,0,0,0,1,0,1,1,1,1
37,"UKRN08","Full-time","No","Year 2","3","Psychology","Female","25","UKRN",2,1,1,1,1,1,1,1,1,1,1,1,1
608,"UNI19","Full-time","No","Year 1","3","Psychology","Male","18","Non-UKRN",2,0,NA,NA,0,0,1,1,0,1,1,1,1
685,"UNI11","Full-time","No","Final Year","3","BSc Psychology","Female","22","Non-UKRN",2,1,1,1,1,1,1,1,1,1,1,1,1
510,"UNI06","Full-time","Yes","Year 1","4","Psychology BSc","Male","18","Non-UKRN",2,1,1,1,0,0,1,1,1,1,1,1,1
415,"UNI06","Full-time","Yes","Year 2","4","Psychology BSc","female","19","Non-UKRN",2,0,NA,NA,0,0,1,1,0,1,1,1,1
416,"UNI58","Full-time","No","Year 1","3","Psychology","Male","19","Non-UKRN",2,1,0,0,0,0,1,1,1,1,1,1,1
457,"UNI10","Full-time","No","Final Year","3","Psychology ","Female","22","Non-UKRN",2,0,NA,NA,0,0,1,1,0,1,1,1,1
454,"UNI10","Full-time","No","Final Year","3","BSc Psychology ","Female","21","Non-UKRN",2,NA,NA,NA,NA,NA,NA,0,0,1,0,0,0
4,"UKRN08","Full-time","No","Year 2","3","Psychology","Female","23","UKRN",2,1,1,1,1,1,1,1,1,1,1,1,1
531,"UNI64","Full-time","No","Year 1","3","Psychology ","Female","19","Non-UKRN",2,1,1,NA,1,1,1,1,1,1,1,1,1
121,"UKRN01","Full-time","Yes","Year 1","4","Psychology","Female","19","UKRN",2,0,NA,NA,1,0,1,1,0,1,1,1,1
598,"UNI06","Full-time","Yes","Year 2","4","psychology","female","20","Non-UKRN",2,0,NA,NA,0,0,0,1,0,1,1,1,1
207,"UKRN01","Full-time","Yes","Year 2","4","BSc Psychology UG","Male","19","UKRN",2,0,NA,NA,0,0,1,1,0,1,1,1,1
292,"UNI50","Full-time","No","Year 2","3","Psychology BSc (Hons)","female","20","Non-UKRN",2,1,1,1,1,1,1,1,1,1,1,1,1
679,"UNI80","Full-time","No","Year 1","3","Psychology with Forensic Psychology","Female","19","Non-UKRN",2,0,NA,NA,0,0,1,1,0,1,1,1,1
3,"UKRN08","Full-time","No","Final Year","3","Psychology","Female","28","UKRN",2,1,1,1,1,1,1,1,1,1,1,1,1
64,"UKRN08","Full-time","No","Year 2","3","Psychology with Criminology ","Female ","25","UKRN",2,1,1,1,1,1,1,1,1,1,1,1,1
208,"UNI09","Full-time","No","Year 2","3","Psychology with clinical and health psychology","Male","19","Non-UKRN",2,1,0,1,0,0,1,1,1,1,1,1,1
518,"UNI06","Full-time","Yes","Year 2","4","Psychology BSc","female","19","Non-UKRN",2,0,NA,NA,0,0,1,1,0,1,1,1,1
125,"UKRN08","Full-time","No","Year 2","3","Psychology with Criminology","Female","21","UKRN",2,1,1,1,0,0,1,1,1,1,1,1,1
404,"UNI10","Full-time","Yes","Year 1","4","Forensic Psychology","Female","19","Non-UKRN",2,0,NA,NA,0,0,0,1,0,1,1,1,1
49,"UKRN08","Full-time","No","Year 1","3","BSC Criminology with Psychology","Male","23","UKRN",2,1,1,1,0,1,1,1,1,1,1,1,1
461,"UNI10","Full-time","No","Year 1","3","Forensic Psychology","Female","18","Non-UKRN",2,0,NA,NA,0,0,1,1,0,1,1,1,1
195,"UNI09","Full-time","No","Year 1","3","Psychology","Female","18`","Non-UKRN",2,0,NA,NA,0,0,1,1,0,1,1,1,1
264,"UNI73","Full-time","No","Year 1","3","Psychology, Clinical and Cognitive Neuroscience","Female","26","Non-UKRN",2,1,1,1,0,0,1,1,1,1,1,1,1
597,"UNI06","Full-time","Yes","Year 1","3","Bsc Psychology","female ","19","Non-UKRN",2,1,1,0,1,1,0,1,1,1,1,1,1
19,"UKRN08","Full-time","Yes","Year 2","4","BSc Psychology","Female","19","UKRN",2,1,1,1,0,0,0,1,1,1,1,1,1
627,"UNI19","Full-time","No","Year 1","3","psychology","female","19","Non-UKRN",2,1,1,NA,0,0,0,1,1,1,1,1,1
425,"UNI50","Full-time","No","Year 1","3","Psychology ","Female","56","Non-UKRN",2,0,NA,NA,0,0,1,1,0,1,1,1,1
309,"UNI50","Full-time","No","Year 1","3","Psychology with Forensic Psychology","Female","35","Non-UKRN",2,0,NA,NA,0,0,1,1,0,1,1,1,1
492,"UNI64","Full-time","No","Year 1","3","Forensic psychology and psychopathology","Female","19","Non-UKRN",2,1,0,0,0,0,1,1,1,1,1,1,1
465,"UNI19","Full-time","No","Year 1","3","Psychology ","Female","20","Non-UKRN",2,1,1,1,0,0,0,1,1,1,1,1,1
562,"UNI06","Full-time","Yes","Year 1","3","Psychology with Sociology Joint honours","female","20","Non-UKRN",2,0,NA,NA,0,0,0,1,0,1,1,1,1
520,"UNI06","Full-time","Yes","Year 2","4","Psychology BSc","Male","20","Non-UKRN",2,0,NA,NA,1,1,0,1,0,1,1,1,1
710,"UNI06","Full-time","Yes","Year 2","4","Psychology BSc","Female","20","Non-UKRN",2,0,NA,NA,0,0,1,1,0,1,1,1,1
302,"UNI08","Full-time","No","Year 2","3","Psychllogy ","Female","26","Non-UKRN",2,1,0,1,1,0,0,1,1,1,1,1,1
295,"UNI50","Full-time","No","Final Year","3","Psychology (Hons) BSc","Female","20","Non-UKRN",2,0,NA,NA,0,0,1,1,0,1,1,1,1
411,"UNI19","Full-time","No","Year 1","3","Psychology","Female","19","Non-UKRN",2,0,NA,NA,0,0,1,1,0,1,1,1,1
281,"UNI50","Full-time","No","Year 1","3","Psychology with clinical psychology ","Female","19","Non-UKRN",2,0,NA,NA,1,0,1,1,0,1,1,1,1
712,"UNI11","Full-time","No","Year 1","3","Psychology and child development ","female ","20","Non-UKRN",2,1,1,0,1,0,1,1,1,1,1,1,1
141,"UKRN08","Full-time","No","Year 2","2","Psychology with Criminology","Female","19","UKRN",2,1,1,0,1,1,1,1,1,1,1,1,1
61,"UKRN08","Full-time","No","Year 2","3","Psychology with Criminology","Female","27","UKRN",2,1,1,0,0,0,1,1,1,1,1,1,1
109,"UKRN08","Full-time","No","Year 2","3","Psychology","Male","29","UKRN",2,1,1,0,1,1,1,1,1,1,1,1,1
466,"UNI10","Full-time","No","Year 1","3","Psychology with Creative Writing ","Female","18","Non-UKRN",2,0,NA,NA,0,0,1,1,0,1,1,1,1
149,"UKRN08","Full-time","No","Year 1","4","Psychology with Criminology Foundation Year ","Male ","19","UKRN",2,0,NA,NA,1,0,1,1,0,1,1,1,1
444,"UNI50","Full-time","Yes","Placement Year","3","Psychology with Forensic Psychology ","Female ","21","Non-UKRN",2,0,NA,NA,0,0,0,1,0,1,1,1,1
319,"UKRN01","Full-time","Yes","Year 2","4","Psychology","Female","20","UKRN",2,0,NA,NA,1,0,1,1,0,1,1,1,1
332,"UNI10","Full-time","No","Final Year","3","psychology","female","23","Non-UKRN",2,0,NA,NA,1,0,1,1,0,1,1,1,1
328,"UNI10","Full-time","No","Final Year","3","BSc (Hons) Psychology and Criminology","Female","21","Non-UKRN",2,0,NA,NA,0,0,1,1,0,1,1,1,1
157,"UKRN08","Full-time","No","Year 1","3","Criminology with psychology","female","19","UKRN",2,1,1,0,0,0,0,1,1,1,1,1,1
271,"UNI73","Full-time","No","Final Year","4","BSc psychology","female","23","Non-UKRN",2,1,0,0,0,0,1,1,1,1,1,1,1
377,"UNI74","Full-time","No","Year 1","2","BSc Psychology","Female","41","Non-UKRN",2,0,NA,NA,1,0,1,1,0,1,1,1,1
483,"UNI19","Full-time","No","Year 1","3","psychology","Female","18","Non-UKRN",2,0,NA,NA,0,0,1,1,0,1,1,1,1
14,"UKRN08","Full-time","Yes","Year 2","3","Psychology with Criminology","Female","20","UKRN",2,1,1,0,1,0,0,1,1,1,1,1,1
354,"UNI72","Full-time","Other (Please specify)","Year 2","3","Psychology and Counselling","Female","19","Non-UKRN",2,0,NA,NA,1,0,1,1,0,1,1,1,1
246,"UNI73","Full-time","No","Year 2","3","Psychology","Female","19","Non-UKRN",2,0,NA,NA,0,1,1,1,0,1,1,1,1
400,"UKRN04","Full-time","No","Final Year","3","Psychology BSC ","Female ","21","UKRN",2,1,1,0,1,1,1,1,1,1,1,1,1
89,"UKRN01","Full-time","Yes","Year 2","4","Psychology BSc (Hons)","Female","21","UKRN",2,1,0,0,0,1,1,1,1,1,1,1,1
707,"UNI06","Full-time","Yes","Year 1","4","Psychology bsc ","Female","18","Non-UKRN",2,1,1,0,0,0,1,1,1,1,1,1,1
272,"UNI72","Full-time","No","Year 1","3","BA HONS Sport and Psychology ","Female ","19","Non-UKRN",2,0,NA,NA,0,0,1,1,0,1,1,1,1
373,"UKRN04","Full-time","No","Year 2","3","BSc Criminology and Psychology","Female","21","UKRN",2,0,NA,NA,1,1,1,1,0,1,1,1,1
630,"UNI19","Full-time","No","Year 1","3","Psychology","Female","20","Non-UKRN",2,1,1,1,0,0,1,1,1,1,1,1,1
322,"UNI10","Full-time","No","Year 1","3","Bsc hons psychology ","Female ","19","Non-UKRN",2,1,0,0,0,0,1,1,1,1,1,1,1
90,"UKRN01","Full-time","Yes","Placement Year","4","Psychology","Female","20","UKRN",2,1,1,1,0,1,1,1,1,1,1,1,1
437,"UNI75","Full-time","No","Final Year","3","Bsc psychology ","Female ","40","Non-UKRN",2,1,0,0,1,0,0,1,1,1,1,1,1
667,"UNI80","Full-time","Yes","Final Year","4","Applied Psychology ","Female","22","Non-UKRN",2,1,1,1,1,0,1,1,1,1,1,1,1
73,"UKRN08","Full-time","No","Year 1","4","Criminology with Psychology (with foundation year)","Female","19","UKRN",2,0,NA,NA,0,0,1,1,0,1,1,1,1
471,"UNI19","Full-time","No","Year 1","3","BA Honours Psychology ","Female ","18","Non-UKRN",2,1,1,0,0,1,1,1,1,1,1,1,1
316,"UKRN01","Full-time","No","Year 1","3","Psychology BSc","Male","19","UKRN",2,1,0,0,1,0,1,1,1,1,1,1,1
43,"UKRN08","Full-time","Yes","Placement Year","4","Psychology with criminology with foundation year ","F","33","UKRN",2,1,1,1,1,1,1,1,1,1,1,1,1
691,"UNI11","Full-time","No","Year 2","3","Psychology","female","21","Non-UKRN",2,1,1,0,0,0,1,1,1,1,1,1,1
447,"UNI75","Full-time","No","Year 1","3","Psychology","Male","19","Non-UKRN",2,1,0,0,0,1,1,1,1,1,1,1,1
407,"UNI19","Full-time","No","Year 1","3","BCs Hon Psychology","Female ","19","Non-UKRN",2,1,1,0,0,0,1,1,1,1,1,1,1
409,"UNI19","Full-time","No","Year 1","3","Psychology Bsc","Female","19","Non-UKRN",2,1,1,1,0,0,1,1,1,1,1,1,1
69,"UKRN08","Full-time","No","Year 1","3","Psychology","Female","20","UKRN",2,1,1,0,1,1,1,1,1,1,1,1,1
275,"UNI72","Full-time","Yes","Year 2","3","Psychology and Counselling","F","20","Non-UKRN",2,0,NA,NA,0,0,1,1,0,1,1,1,1
224,"UKRN01","Full-time","No","Final Year","3","Psychology BSc","female","20","UKRN",2,0,NA,NA,1,0,0,1,0,1,1,1,1
17,"UKRN01","Full-time","Yes","Year 1","4","Psychology","Female","19","UKRN",2,1,1,0,1,0,1,1,1,1,1,1,1
392,"UNI58","Full-time","Yes","Year 1","3","Psychology with Criminology ","Female","19","Non-UKRN",2,1,1,0,1,1,1,1,1,1,1,1,1
539,"UNI06","Full-time","Other (Please specify)","Year 1","3","Psychology ","Female","19","Non-UKRN",2,1,1,1,1,1,1,1,1,1,1,1,1
98,"UKRN08","Full-time","Yes","Year 2","4","Psychology BSc","Female","19","UKRN",2,1,1,0,0,0,1,1,1,1,1,1,1
558,"UNI06","Full-time","No","Year 1","3","Psychology ","Female","20","Non-UKRN",2,1,1,0,0,0,1,1,1,1,1,1,1
120,"UKRN01","Full-time","Yes","Year 2","4","BSc Psychology","Female","20","UKRN",2,1,0,0,0,0,1,1,1,1,1,1,1
568,"UNI06","Full-time","No","Year 1","3","Psychology","Female","18","Non-UKRN",2,1,1,0,0,1,0,1,1,1,1,1,1
222,"UKRN01","Full-time","Yes","Year 2","4","Psychology ","Female","19","UKRN",2,0,NA,NA,0,0,0,1,0,1,1,1,1
97,"UKRN01","Full-time","Yes","Year 2","4","Psychology","Male","19","UKRN",2,0,NA,NA,0,0,1,1,0,1,1,1,1
273,"UNI06","Full-time","No","Year 1","3","Psychology","Male","18","Non-UKRN",2,1,1,1,1,1,1,1,1,1,1,1,1
303,"UNI08","Full-time","No","Year 2","3","Psychology ","Female","27","Non-UKRN",2,1,1,0,0,0,1,1,1,1,1,1,1
576,"UNI06","Full-time","Yes","Year 1","4","PSYCHOLOGY","FEMALE","18","Non-UKRN",2,0,NA,NA,0,0,0,1,0,1,1,1,1
603,"UNI06","Full-time","No","Year 2","3","Psychology","Female ","21","Non-UKRN",2,0,NA,NA,0,0,0,1,0,1,1,1,1
162,"UKRN08","Full-time","No","Year 1","1","Criminology and Psychology ","Female ","18","UKRN",2,1,1,NA,0,0,0,1,1,1,1,1,1
230,"UNI06","Full-time","No","Year 1","3","Psychology","Female","20","Non-UKRN",2,1,1,1,1,1,1,1,1,1,1,1,1
375,"UNI62","Full-time","No","Year 1","3","psychological and behavioural sciences ","female ","18","Non-UKRN",2,1,1,1,0,0,1,1,1,1,1,1,1
106,"UKRN08","Full-time","No","Year 2","3","Psychology","Female","19","UKRN",2,1,1,1,1,1,1,1,1,1,1,1,1
126,"UKRN08","Full-time","No","Year 2","3","Psychology with criminology","female","22","UKRN",2,0,NA,NA,0,1,1,1,0,1,1,1,1
138,"UNI06","Full-time","Yes","Year 2","4","Psychology & Business BSc","female","19","Non-UKRN",2,0,NA,NA,1,0,1,1,0,1,1,1,1
529,"UNI06","Full-time","Yes","Year 1","4","Psychology","Female","18","Non-UKRN",2,1,1,0,0,0,1,1,1,1,1,1,1
96,"UKRN08","Full-time","Yes","Year 2","4","Psychology","Female","23","UKRN",2,1,1,0,1,1,1,1,1,1,1,1,1
614,"UNI06","Full-time","Yes","Year 1","4","Psychology","female ","19","Non-UKRN",2,0,NA,NA,0,0,0,1,0,1,1,1,1
484,"UNI19","Full-time","No","Year 1","3","Psychology","Female","20","Non-UKRN",2,1,1,1,1,0,1,1,1,1,1,1,1
622,"UNI06","Full-time","Yes","Year 1","3","psychology","male","18","Non-UKRN",2,1,0,0,1,1,1,1,1,1,1,1,1
709,"UNI11","Full-time","No","Year 1","3","BSc Psychology","Female","29","Non-UKRN",2,1,1,0,1,0,1,1,1,1,1,1,1
8,"UKRN01","Full-time","Yes","Placement Year","4","BSc Psychology ","Female","21","UKRN",2,1,0,1,1,0,1,1,1,1,1,1,1
276,"UKRN01","Full-time","Yes","Placement Year","4","Psychology BSc with Professional Training Year","Cisgender man","20","UKRN",2,1,1,1,1,1,1,1,1,1,1,1,1
387,"UNI73","Full-time","No","Year 1","3","Criminology and psychology ","Female ","19","Non-UKRN",2,NA,NA,NA,NA,NA,NA,0,0,1,0,0,0
143,"UKRN08","Full-time","No","Year 2","3","Psychology with Criminology","female","19","UKRN",2,1,1,0,0,0,1,1,1,1,1,1,1
111,"UKRN08","Full-time","Yes","Year 2","4","Psychology","Female","19","UKRN",2,1,1,0,1,1,1,1,1,1,1,1,1
359,"UKRN04","Full-time","No","Year 1","3","Psychology","Female","21","UKRN",2,1,1,1,1,1,1,1,1,1,1,1,1
634,"UNI06","Full-time","Yes","Year 1","4","psychology","male","19","Non-UKRN",2,1,1,0,0,0,1,1,1,1,1,1,1
577,"UNI06","Full-time","Yes","Year 1","4","Psychology","Female","18","Non-UKRN",2,0,NA,NA,0,0,0,1,0,1,1,1,1
580,"UNI06","Full-time","Yes","Year 1","3","Psychology ","Female ","19","Non-UKRN",2,0,NA,NA,1,1,1,1,0,1,1,1,1
194,"UNI09","Full-time","No","Year 1","3","Psychology ","Woman ","18","Non-UKRN",2,0,NA,NA,0,0,1,1,0,1,1,1,1
655,"UNI11","Full-time","No","Final Year","3","BSc (Hons) Psychology ","Female ","20","Non-UKRN",2,1,1,1,0,0,1,1,1,1,1,1,1
163,"UKRN01","Full-time","Yes","Placement Year","4","Psychology BSc (Hons)","Female","20","UKRN",2,1,0,1,1,1,1,1,1,1,1,1,1
6,"UKRN01","Full-time","Yes","Placement Year","4","BSc Psychology","Female","21","UKRN",2,1,0,1,1,0,1,1,1,1,1,1,1
553,"UNI06","Full-time","Yes","Year 1","4","Psychology","Female","19","Non-UKRN",2,1,1,NA,0,1,1,1,1,1,1,1,1
137,"UKRN08","Full-time","Yes","Year 1","4","Criminology with Psychology","Female","19","UKRN",2,1,1,0,0,0,1,1,1,1,1,1,1
320,"UKRN01","Full-time","Yes","Year 2","3","Psychology","Male","19","UKRN",2,1,1,1,0,0,1,1,1,1,1,1,1
677,"UNI80","Full-time","Yes","Final Year","4","BSc Psychology ","Female","23","Non-UKRN",2,1,1,0,1,0,1,1,1,1,1,1,1
22,"UNI06","Full-time","Yes","Year 1","4","psychology","female","18","Non-UKRN",2,0,NA,NA,0,0,0,1,0,1,1,1,1
556,"UNI06","Full-time","Yes","Year 1","4","Psychology Single Honours","Female","19","Non-UKRN",2,1,1,0,1,1,1,1,1,1,1,1,1
448,"UKRN04","Full-time","No","Year 1","3","Criminology and Psychology","F","21","UKRN",2,1,1,0,1,1,1,1,1,1,1,1,1
635,"UNI06","Full-time","Yes","Year 1","4","Psychology BSc","Male","19","Non-UKRN",2,1,1,0,1,1,0,1,1,1,1,1,1
637,"UNI19","Full-time","Yes","Year 1","3","Psychology","Female","21","Non-UKRN",2,1,0,NA,0,0,1,1,1,1,1,1,1
165,"UKRN08","Full-time","No","Year 2","3","psychology with criminology","female","28","UKRN",2,1,1,1,0,0,1,1,1,1,1,1,1
23,"UKRN08","Full-time","Yes","Year 2","3","Psychology","Male","24","UKRN",2,1,1,NA,0,1,1,1,1,1,1,1,1
686,"UNI80","Full-time","Yes","Final Year","4","Psychology with a Placement Year - BSc (Hons)","Female","21","Non-UKRN",2,1,1,1,1,1,1,1,1,1,1,1,1
245,"UNI73","Full-time","No","Year 2","3","Psychology","Female","21","Non-UKRN",2,0,NA,NA,0,0,1,1,0,1,1,1,1
101,"UKRN08","Full-time","No","Year 1","3","Psychology","Female","21","UKRN",2,1,1,0,0,0,1,1,1,1,1,1,1
5,"UNI06","Full-time","Yes","Year 1","4","Psychology and Business","Female","18","Non-UKRN",2,1,1,0,1,1,1,1,1,1,1,1,1
81,"UKRN08","Full-time","Yes","Year 2","3","Psychology","Female","20","UKRN",2,1,1,1,0,0,1,1,1,1,1,1,1
428,"UNI50","Full-time","No","Year 1","3","BSc Psychology","Non-Binary","19","Non-UKRN",2,0,NA,NA,0,0,1,1,0,1,1,1,1
412,"UNI19","Full-time","Yes","Year 1","3","Psychology ","Female","18","Non-UKRN",2,0,NA,NA,0,0,1,1,0,1,1,1,1
570,"UNI06","Full-time","No","Year 1","3","Psychology Bsc","female","19","Non-UKRN",2,1,1,0,0,1,0,1,1,1,1,1,1
153,"UKRN08","Full-time","Yes","Year 2","3","Psychology with criminology","Female","20","UKRN",2,1,1,1,0,0,1,1,1,1,1,1,1
438,"UNI75","Full-time","No","Year 2","3","Psychology and counselling ","Female ","22","Non-UKRN",2,1,0,0,0,0,1,1,1,1,1,1,1
166,"UKRN01","Full-time","Yes","Year 1","4","Psychology BSc","Female","18","UKRN",2,0,NA,NA,0,0,1,1,0,1,1,1,1
116,"UKRN08","Full-time","Yes","Year 2","3","Psychology","Female","20","UKRN",2,1,1,1,1,1,1,1,1,1,1,1,1
115,"UKRN08","Full-time","Yes","Year 1","4","Psychology with Foundation year","Female","24","UKRN",2,0,NA,NA,0,0,0,1,0,1,1,1,1
699,"UNI79","Full-time","No","Year 2","3","Clinical Psychology","Female","24","Non-UKRN",2,0,NA,NA,0,0,1,1,0,1,1,1,1
610,"UNI06","Full-time","Yes","Year 1","4","psychology","female","19","Non-UKRN",2,1,0,NA,1,0,0,1,1,1,1,1,1
579,"UNI06","Full-time","No","Final Year","3","BSc in Psychology","Female","20","Non-UKRN",2,1,0,0,0,1,0,1,1,1,1,1,1
693,"UNI80","Full-time","No","Year 2","3","Psychology","female","24","Non-UKRN",2,0,NA,NA,0,0,1,1,0,1,1,1,1
605,"UNI19","Full-time","No","Year 1","3","psychology ","female","19","Non-UKRN",2,0,NA,NA,0,0,1,1,0,1,1,1,1
262,"UKRN01","Full-time","Yes","Year 2","4","Psychology","Male","20","UKRN",2,1,1,1,0,0,1,1,1,1,1,1,1
566,"UNI19","Full-time","No","Year 1","3","Bachelor of science and psychology ","Male ","19","Non-UKRN",2,1,1,0,0,0,0,1,1,1,1,1,1
334,"UNI74","Full-time","No","Year 1","2","Bsc Psychology","Female","21","Non-UKRN",2,1,1,1,0,0,0,1,1,1,1,1,1
647,"UNI79","Full-time","No","Year 1","3","Psychology child development ","Female ","19","Non-UKRN",2,0,NA,NA,0,0,0,1,0,1,1,1,1
209,"UKRN01","Full-time","No","Year 2","3","Psychology","Female","20","UKRN",2,1,0,0,0,1,1,1,1,1,1,1,1
532,"UNI64","Full-time","No","Year 2","3","BSc (Hons) Psychology (Counselling & Mental Health)","Male","20","Non-UKRN",2,1,1,1,1,1,1,1,1,1,1,1,1
176,"UNI06","Full-time","Yes","Year 2","4","Psychology and Business","Male","19","Non-UKRN",2,0,NA,NA,1,0,0,1,0,1,1,1,1
144,"UKRN08","Full-time","No","Year 1","4","Psychology with Criminology","Female","18","UKRN",2,0,NA,NA,0,0,0,1,0,1,1,1,1
33,"UKRN01","Full-time","Yes","Final Year","4","BSc Psychology","Female","21","UKRN",2,1,0,0,0,0,1,1,1,1,1,1,1
395,"UNI19","Full-time","No","Year 1","3","BSc Hons Psychology ","Woman","20","Non-UKRN",2,1,1,1,0,0,1,1,1,1,1,1,1
202,"UNI09","Full-time","No","Year 2","3","Psychology","Female","21","Non-UKRN",2,0,NA,NA,0,0,1,1,0,1,1,1,1
617,"UNI06","Full-time","Yes","Year 1","4","Psychology","Female","21","Non-UKRN",2,1,1,1,0,0,1,1,1,1,1,1,1
445,"UNI08","Full-time","No","Year 1","3","Bsc Psychology ","Female","29","Non-UKRN",2,0,NA,NA,1,0,1,1,0,1,1,1,1
358,"UNI74","Full-time","No","Year 2","2","Bsc Psychology","Female","22","Non-UKRN",2,0,NA,NA,0,0,1,1,0,1,1,1,1
546,"UNI06","Full-time","Yes","Year 1","4","Psychology ","Female","19","Non-UKRN",2,0,NA,NA,0,0,1,1,0,1,1,1,1
463,"UNI62","Full-time","No","Year 1","3","Psychological & Behavioural Sciences","Female","19","Non-UKRN",2,NA,NA,NA,NA,NA,NA,0,0,1,0,0,0
198,"UNI09","Full-time","No","Year 1","3","Psychology ","Female","19","Non-UKRN",2,0,NA,NA,0,0,1,1,0,1,1,1,1
363,"UNI62","Full-time","No","Year 1","3","Psychological and Behvaioural Science","Female","18","Non-UKRN",2,1,1,0,0,0,1,1,1,1,1,1,1
494,"UNI64","Full-time","Yes","Year 2","3","BSc Psychology (Forensic & Psychopathology)","female","38","Non-UKRN",2,0,NA,NA,0,0,1,1,0,1,1,1,1
537,"UNI06","Full-time","No","Year 2","3","Psychology","Female","20","Non-UKRN",2,0,NA,NA,0,0,0,1,0,1,1,1,1
623,"UNI19","Full-time","No","Year 1","3","BSc (Hons) Psychology ","Female","20","Non-UKRN",2,1,1,1,0,0,1,1,1,1,1,1,1
646,"UNI79","Full-time","No","Year 2","3","Psychology","Female","19","Non-UKRN",2,0,NA,NA,0,0,1,1,0,1,1,1,1
715,"UNI64","Full-time","No","Final Year","4","Core Psychology with a foundation year","non-binary","21","Non-UKRN",2,0,NA,NA,1,0,1,1,0,1,1,1,1
235,"UNI72","Full-time","No","Year 2","3","Psychology and Counselling","Female","19","Non-UKRN",2,0,NA,NA,1,0,1,1,0,1,1,1,1
257,"UNI73","Full-time","No","Year 1","3","Criminology & Psychology","female","19","Non-UKRN",2,0,NA,NA,0,0,1,1,0,1,1,1,1
700,"UNI79","Full-time","No","Year 1","3","Psychology ","female ","19","Non-UKRN",2,1,1,0,0,0,1,1,1,1,1,1,1
475,"UNI58","Full-time","No","Year 2","3","BSC (hons) psychology with criminology","Female","20","Non-UKRN",2,0,NA,NA,0,0,1,1,0,1,1,1,1
615,"UNI06","Full-time","Yes","Year 1","3","Psychology","Female","20","Non-UKRN",2,1,1,0,1,1,1,1,1,1,1,1,1
135,"UKRN01","Full-time","Yes","Year 2","3","Psychology","Female","19","UKRN",2,1,0,0,0,0,1,1,1,1,1,1,1
436,"UNI75","Full-time","No","Year 2","3","Applied Psychology","Female ","24","Non-UKRN",2,0,NA,NA,0,0,1,1,0,1,1,1,1
244,"UNI73","Full-time","No","Year 2","3","Psychology, clinical and cognitive neuroscience ","Female ","21","Non-UKRN",2,0,NA,NA,1,0,1,1,0,1,1,1,1
378,"UKRN04","Full-time","No","Year 2","3","Psychology","Male","20","UKRN",2,1,1,1,1,0,1,1,1,1,1,1,1
108,"UKRN08","Full-time","Yes","Year 2","4","Psychology Bsc","Female","37","UKRN",2,1,1,1,1,1,1,1,1,1,1,1,1
474,"UNI19","Full-time","Yes","Year 1","3","Psychology","Female","30","Non-UKRN",2,1,1,0,0,0,0,1,1,1,1,1,1
391,"UKRN01","Full-time","Yes","Year 2","4","BSc Hons Psychology","male","19","UKRN",2,1,1,0,0,0,1,1,1,1,1,1,1
293,"UNI73","Full-time","No","Final Year","3","BSc Psychology","Female","21","Non-UKRN",2,0,NA,NA,0,0,1,1,0,1,1,1,1
44,"UKRN08","Full-time","Yes","Year 2","3","Psychology Bsc","Female","22","UKRN",2,1,1,1,1,1,1,1,1,1,1,1,1
389,"UNI74","Full-time","No","Year 1","2","Psychology with English Literature","Male","24","Non-UKRN",2,0,NA,NA,0,0,1,1,0,1,1,1,1
172,"UKRN08","Full-time","Yes","Year 1","4","Single Hons Psychology","Woman","19","UKRN",2,1,1,1,0,0,1,1,1,1,1,1,1
366,"UNI62","Full-time","No","Final Year","3","Psychological and Behavioural Science","Female","21","Non-UKRN",2,1,1,1,0,0,1,1,1,1,1,1,1
522,"UNI06","Full-time","No","Year 2","3","Psychology","Female","21","Non-UKRN",2,0,NA,NA,0,0,0,1,0,1,1,1,1
296,"UNI50","Full-time","No","Final Year","3","BsC Psychology ","Female ","20","Non-UKRN",2,1,1,0,0,0,1,1,1,1,1,1,1
164,"UKRN08","Full-time","No","Year 2","3","psychology bsc","female","22","UKRN",2,1,1,0,0,1,1,1,1,1,1,1,1
250,"UNI73","Full-time","No","Year 2","3","Psychology with criminology","female","20","Non-UKRN",2,1,0,0,0,0,1,1,1,1,1,1,1
79,"UKRN01","Full-time","Yes","Placement Year","4","psychology","female","20","UKRN",2,1,0,0,0,0,0,1,1,1,1,1,1
703,"UNI11","Full-time","No","Year 1","3","Psychology","Female","20","Non-UKRN",2,1,1,0,0,0,1,1,1,1,1,1,1
48,"UKRN08","Full-time","No","Year 2","3","Psychology","Female","20","UKRN",2,1,1,1,0,1,1,1,1,1,1,1,1
689,"UNI11","Full-time","No","Year 1","3","Psychology ","Female ","28","Non-UKRN",2,1,1,1,0,0,1,1,1,1,1,1,1
236,"UNI72","Full-time","No","Year 1","4","BA hons psychology ","Male","48","Non-UKRN",2,1,0,0,1,0,1,1,1,1,1,1,1
94,"UKRN08","Full-time","Yes","Year 2","3","Psychology with Criminology","Male","20","UKRN",2,1,1,1,0,0,0,1,1,1,1,1,1
83,"UKRN08","Full-time","Yes","Year 2","3","Psychology with Criminology","Female","25","UKRN",2,1,1,0,0,0,1,1,1,1,1,1,1
259,"UNI73","Full-time","No","Year 1","3","Clinical and cognitive neuroscience and psychology ","Female ","19","Non-UKRN",2,1,1,1,0,0,1,1,1,1,1,1,1
361,"UKRN04","Full-time","No","Year 1","3","Bsc Psychology ","Male ","18","UKRN",2,1,1,1,1,1,1,1,1,1,1,1,1
297,"UNI50","Full-time","No","Year 1","3","BSc Psychology","Female","18","Non-UKRN",2,1,0,0,0,0,1,1,1,1,1,1,1
105,"UKRN08","Full-time","Yes","Year 1","4","Psychology BSc","Female ","19","UKRN",2,1,1,1,1,1,1,1,1,1,1,1,1
473,"UNI19","Full-time","No","Year 1","3","BSc Psychology","Female","20","Non-UKRN",2,1,1,0,0,0,1,1,1,1,1,1,1
100,"UKRN08","Full-time","Yes","Year 2","3","psychology","female","20","UKRN",2,1,1,1,1,1,1,1,1,1,1,1,1
133,"UKRN01","Full-time","Yes","Placement Year","3","Psychology BSc","Female","21","UKRN",2,1,0,1,1,0,1,1,1,1,1,1,1
140,"UKRN08","Full-time","Yes","Year 1","4","Psychology","Female","23","UKRN",2,1,1,1,1,1,1,1,1,1,1,1,1
199,"UNI09","Full-time","No","Year 2","3","Psychology with neuropsychology ","Female ","21","Non-UKRN",2,0,NA,NA,0,0,1,1,0,1,1,1,1
173,"UKRN01","Full-time","No","Year 1","3","Psychology","female","19","UKRN",2,0,NA,NA,0,0,1,1,0,1,1,1,1
345,"UNI10","Full-time","Yes","Year 1","4","Forensic Psychology","Female","21","Non-UKRN",2,0,NA,NA,0,0,1,1,0,1,1,1,1
41,"UKRN08","Full-time","No","Year 1","4","PSYCHOLOGY ","female ","18","UKRN",2,0,NA,NA,0,0,0,1,0,1,1,1,1
211,"UKRN01","Full-time","Yes","Year 2","4","Psychology","Female","20","UKRN",2,1,0,1,0,0,0,1,1,1,1,1,1
675,"UNI80","Full-time","No","Final Year","3","BSc Psychology ","Female","21","Non-UKRN",2,0,NA,NA,1,1,0,1,0,1,1,1,1
254,"UNI73","Full-time","No","Year 1","3","Psychology","Female","19","Non-UKRN",2,1,1,0,0,0,1,1,1,1,1,1,1
326,"UNI10","Full-time","No","Year 2","3","Psychology","Female","20","Non-UKRN",2,0,NA,NA,0,0,1,1,0,1,1,1,1
720,"UNI58","Full-time","No","Year 2","3","BSc Psychology and Criminology ","Female ","22","Non-UKRN",2,1,1,0,0,0,1,1,1,1,1,1,1
223,"UNI09","Full-time","No","Year 1","3","Psychology with Forensics","Female","18","Non-UKRN",2,1,0,0,0,0,1,1,1,1,1,1,1
38,"UKRN01","Full-time","Yes","Year 1","4","psychology","female","18","UKRN",2,0,NA,NA,0,0,0,1,0,1,1,1,1
51,"UKRN08","Full-time","Yes","Year 2","4","pscyhology","female","21","UKRN",2,1,1,1,1,1,1,1,1,1,1,1,1
549,"UNI06","Full-time","No","Year 1","3","Psychology ","Female","19","Non-UKRN",2,1,0,0,0,0,1,1,1,1,1,1,1
323,"UNI10","Full-time","Yes","Year 2","4","BSc Psychology with Professional Placement Year","Female","19","Non-UKRN",2,0,NA,NA,0,0,1,1,0,1,1,1,1
643,"UNI79","Full-time","No","Year 2","3","PSYCHOLOGICAL COUNSELLING","Female ","20","Non-UKRN",2,0,NA,NA,0,0,1,1,0,1,1,1,1
449,"UNI75","Full-time","No","Year 1","1","Psychology & Counselling","Male","71","Non-UKRN",2,0,NA,NA,0,0,0,1,0,1,1,1,1
114,"UKRN08","Full-time","Yes","Year 2","3","Bsc Psychology ","Female ","22","UKRN",2,1,1,0,1,1,1,1,1,1,1,1,1
600,"UNI06","Full-time","No","Year 2","3","Psychology","Female","21","Non-UKRN",2,0,NA,NA,0,0,1,1,0,1,1,1,1
356,"UNI62","Full-time","No","Year 2","3","Psychology","Female","25","Non-UKRN",2,0,NA,NA,NA,NA,NA,1,0,1,0,0,0
260,"UNI72","Full-time","No","Year 2","3","Education studies and Psychology","Woman","19","Non-UKRN",2,1,0,0,0,0,0,1,1,1,1,1,1
665,"UNI80","Full-time","Yes","Placement Year","4","Psychology with a placement year","Female","21","Non-UKRN",2,0,NA,NA,1,0,1,1,0,1,1,1,1
432,"UNI58","Full-time","No","Year 2","3","Psychology with Criminology ","Female","22","Non-UKRN",2,1,0,0,0,0,1,1,1,1,1,1,1
535,"UNI06","Full-time","No","Year 1","3","BSc Psychology ","male","19","Non-UKRN",2,0,NA,NA,0,1,1,1,0,1,1,1,1
664,"UNI11","Full-time","No","Year 2","3","Criminology with Psychology","Female","19","Non-UKRN",2,0,NA,NA,0,0,0,1,0,1,1,1,1
515,"UNI06","Full-time","Yes","Year 2","4","Psychology and Marketing","Female","20","Non-UKRN",2,0,NA,NA,0,1,1,1,0,1,1,1,1
382,"UNI62","Full-time","No","Year 1","3","Psychological and Behavioural Science","Male","18","Non-UKRN",2,1,1,1,0,1,1,1,1,1,1,1,1
86,"UKRN08","Full-time","No","Final Year","4","BSC (HONS) PSYCHOLOGY WITH CRIMINOLOGY","Female","32","UKRN",2,0,NA,NA,0,0,0,1,0,1,1,1,1
62,"UNI06","Full-time","Yes","Year 1","4","Psychology","Male","18","Non-UKRN",2,1,0,0,0,1,1,1,1,1,1,1,1
578,"UNI06","Full-time","Yes","Year 1","4","BSc Psychology and Marketing","Female","19","Non-UKRN",2,1,1,0,1,1,1,1,1,1,1,1,1
196,"UNI09","Full-time","No","Year 1","3","psychology ","female ","18","Non-UKRN",2,0,NA,NA,0,0,0,1,0,1,1,1,1
304,"UNI08","Full-time","No","Year 2","3","Psychology","Female","30","Non-UKRN",2,1,0,0,0,0,1,1,1,1,1,1,1
71,"UKRN08","Full-time","Yes","Year 1","4","Psychology","Female ","20","UKRN",2,1,1,0,1,1,1,1,1,1,1,1,1
674,"UNI80","Full-time","No","Year 1","3","Psychology","Female","18","Non-UKRN",2,0,NA,NA,1,0,1,1,0,1,1,1,1
682,"UNI80","Full-time","No","Year 2","3","Psychology","Female ","21","Non-UKRN",2,1,1,0,0,0,0,1,1,1,1,1,1
657,"UNI11","Full-time","No","Year 1","3","Forensic Investigative Psychology","Female","19","Non-UKRN",2,1,1,NA,0,0,1,1,1,1,1,1,1
714,"UNI06","Full-time","Yes","Year 1","4","psychology","fremqle","19","Non-UKRN",2,NA,NA,NA,NA,NA,NA,0,0,1,0,0,0
344,"UKRN04","Full-time","Yes","Year 2","3","Psychology ","Male","20","UKRN",2,1,1,0,0,0,1,1,1,1,1,1,1
381,"UNI73","Full-time","No","Final Year","3","Psychology","Female ","22","Non-UKRN",2,1,0,0,1,1,1,1,1,1,1,1,1
547,"UNI06","Full-time","Yes","Year 1","4","Psychology and business ","Woman ","18","Non-UKRN",2,0,NA,NA,0,0,0,1,0,1,1,1,1
491,"UNI64","Full-time","Yes","Year 1","3","Psychology (counselling and mental health)","Male ","20","Non-UKRN",2,1,1,0,0,1,1,1,1,1,1,1,1
696,"UNI80","Full-time","Yes","Year 2","4","Psychology with a Placement Year ","female","20","Non-UKRN",2,1,1,1,1,1,1,1,1,1,1,1,1
99,"UKRN08","Full-time","No","Year 2","3","Psychology","Female","20","UKRN",2,1,1,0,0,0,1,1,1,1,1,1,1
234,"UNI72","Full-time","No","Year 1","3","BA Hons in Psychology and Counselling","F","42","Non-UKRN",2,0,NA,NA,0,0,1,1,0,1,1,1,1
190,"UKRN01","Full-time","Yes","Year 1","4","Psychology","Female","18","UKRN",2,1,1,1,1,0,1,1,1,1,1,1,1
575,"UNI06","Full-time","Yes","Year 1","3","Psychology","female","18","Non-UKRN",2,1,1,0,0,1,1,1,1,1,1,1,1
221,"UKRN01","Full-time","Yes","Year 1","4","Psychology Bsc","Female","20","UKRN",2,0,NA,NA,0,0,1,1,0,1,1,1,1
514,"UNI06","Full-time","Yes","Year 2","3","Psychology","Female","21","Non-UKRN",2,0,NA,NA,1,0,1,1,0,1,1,1,1
402,"UNI72","Full-time","Other (Please specify)","Year 1","3","Psychology and Applied Drama in the Community","non binary","19","Non-UKRN",2,NA,NA,NA,NA,NA,NA,0,0,1,0,0,0
128,"UKRN08","Full-time","Yes","Year 1","4","Psychology with Criminology Foundation ","Female","34","UKRN",2,1,1,0,0,0,1,1,1,1,1,1,1
75,"UKRN08","Full-time","Yes","Year 2","3","Psychology","Female","20","UKRN",2,1,1,1,0,0,1,1,1,1,1,1,1
119,"UKRN01","Full-time","Yes","Year 2","4","Bsc Psychology (Hons)","Female ","19","UKRN",2,0,NA,NA,0,0,1,1,0,1,1,1,1
663,"UNI11","Full-time","No","Year 1","3","Forensic investigative psychology ","Female","19","Non-UKRN",2,0,NA,NA,1,0,0,1,0,1,1,1,1
350,"UKRN04","Full-time","No","Final Year","3","Psychology single honours ","Female ","22","UKRN",2,1,1,1,1,0,1,1,1,1,1,1,1
88,"UKRN01","Full-time","Yes","Year 2","4","Psychology BSc","female","19","UKRN",2,0,NA,NA,0,0,1,1,0,1,1,1,1
706,"UNI11","Full-time","No","Year 2","3","Psychology BSc","Female ","19","Non-UKRN",2,NA,NA,NA,NA,NA,NA,0,0,1,0,0,0
371,"UNI10","Full-time","Yes","Final Year","4","Business Management with Psychology joint honours with a Professional Placement Year","Male","24","Non-UKRN",2,1,0,0,1,0,1,1,1,1,1,1,1
443,"UNI75","Full-time","No","Final Year","3","BSc Psychology","Female","46","Non-UKRN",2,0,NA,NA,0,0,1,1,0,1,1,1,1
464,"UNI75","Full-time","No","Year 1","3","Psychology","Male","22","Non-UKRN",2,0,NA,NA,0,0,1,1,0,1,1,1,1
175,"UKRN01","Full-time","Yes","Year 2","4","Psychology BSc","Male","20","UKRN",2,1,0,0,0,1,1,1,1,1,1,1,1
25,"UKRN01","Full-time","Yes","Year 2","4","BSc Psychology","Female","19","UKRN",2,1,1,0,1,0,1,1,1,1,1,1,1
265,"UKRN01","Full-time","Yes","Year 1","3","Psychology ","Female ","19","UKRN",2,0,NA,NA,0,0,0,1,0,1,1,1,1
401,"UNI10","Full-time","Yes","Year 1","4","Psychology with a placement year","Female","19","Non-UKRN",2,0,NA,NA,1,0,1,1,0,1,1,1,1
493,"UNI64","Full-time","Yes","Year 1","3","Psychology (Forensics and Psychopathology)","Female","18","Non-UKRN",2,1,1,0,1,1,1,1,1,1,1,1,1
188,"UKRN01","Full-time","Yes","Year 2","4","Psychology","Female","19","UKRN",2,1,1,1,1,1,1,1,1,1,1,1,1
583,"UNI06","Full-time","Yes","Year 2","4","Psychology ","Female","20","Non-UKRN",2,1,1,0,0,1,1,1,1,1,1,1,1
434,"UNI75","Full-time","Yes","Year 2","3","Applied psychology","Female ","28","Non-UKRN",2,0,NA,NA,0,0,0,1,0,1,1,1,1
606,"UNI19","Full-time","No","Year 1","3","BSc Psychology","Female","20","Non-UKRN",2,0,NA,NA,0,0,1,1,0,1,1,1,1
571,"UNI06","Full-time","Yes","Year 1","4","Psychology and Sociology","Female","19","Non-UKRN",2,1,1,0,0,1,1,1,1,1,1,1,1
516,"UNI06","Full-time","Yes","Year 2","4","Psychology","Female","19","Non-UKRN",2,1,0,0,0,0,0,1,1,1,1,1,1
92,"UKRN01","Full-time","Yes","Year 2","4","Psychology ","Female ","20","UKRN",2,0,NA,NA,1,0,1,1,0,1,1,1,1
599,"UNI06","Full-time","Yes","Year 2","4","Psychology","Female","19","Non-UKRN",2,0,NA,NA,1,0,0,1,0,1,1,1,1
285,"UNI50","Full-time","Other (Please specify)","Year 1","3","Psychology ","Female ","18","Non-UKRN",2,0,NA,NA,0,0,1,1,0,1,1,1,1
353,"UKRN04","Full-time","No","Final Year","3","psychology and criminology","male","21","UKRN",2,0,NA,NA,0,0,1,1,0,1,1,1,1
294,"UNI50","Full-time","No","Year 1","3","BSc Psychology ","Female","19","Non-UKRN",2,0,NA,NA,1,0,1,1,0,1,1,1,1
12,"UNI06","Full-time","Yes","Year 2","4","psychology ","female","19","Non-UKRN",2,0,NA,NA,1,0,1,1,0,1,1,1,1
63,"UKRN01","Full-time","Yes","Placement Year","4","Psychology BSc","female","21","UKRN",2,1,1,0,1,1,1,1,1,1,1,1,1
268,"UNI72","Full-time","No","Year 1","3","Psychology","Nonbinary","21","Non-UKRN",2,0,NA,NA,0,0,1,1,0,1,1,1,1
178,"UNI06","Full-time","Yes","Placement Year","3","BSc Psychology ","Female","22","Non-UKRN",2,1,0,0,0,0,0,1,1,1,1,1,1
331,"UNI10","Full-time","Yes","Placement Year","4","BSc hons Psychology with Placement Year","Female","25","Non-UKRN",2,1,0,0,0,0,1,1,1,1,1,1,1
690,"UNI79","Full-time","No","Year 1","3","Psychology ","Female","19","Non-UKRN",2,0,NA,NA,0,0,1,1,0,1,1,1,1
104,"UKRN08","Full-time","No","Year 2","3","Psychology","female","23","UKRN",2,1,1,0,0,0,0,1,1,1,1,1,1
673,"UNI80","Full-time","No","Final Year","3","Psychology ","Female ","21","Non-UKRN",2,1,1,NA,0,1,1,1,1,1,1,1,1
499,"UNI19","Full-time","No","Year 1","3","Psychology","Male","18","Non-UKRN",2,1,1,1,0,0,1,1,1,1,1,1,1
687,"UNI11","Full-time","No","Final Year","3","Psychology","Female","20","Non-UKRN",2,1,0,0,0,0,1,1,1,1,1,1,1
270,"UNI06","Full-time","Yes","Year 1","4","Psychology and business ","Female ","18","Non-UKRN",2,1,1,0,0,1,1,1,1,1,1,1,1
470,"UNI75","Full-time","No","Final Year","3","Applied Psychology and Counselling. ","Female ","49","Non-UKRN",2,1,1,0,0,0,1,1,1,1,1,1,1
581,"UNI06","Full-time","Yes","Year 1","4","BSc Psychology and Maketing","Female","19","Non-UKRN",2,1,1,0,1,1,1,1,1,1,1,1,1
286,"UNI50","Full-time","No","Year 2","3","Psychology with clinical psychology","Female","20","Non-UKRN",2,0,NA,NA,0,0,0,1,0,1,1,1,1
642,"UNI79","Full-time","No","Year 1","3","Addiction Psychology","male","23","Non-UKRN",2,0,NA,NA,1,0,1,1,0,1,1,1,1
180,"UKRN08","Full-time","Yes","Year 1","4","BSc (Honours) Psychology","female","21","UKRN",2,1,1,0,0,1,1,1,1,1,1,1,1
267,"UKRN01","Full-time","Yes","Year 2","4","Psychology","female","20","UKRN",2,1,1,1,0,1,1,1,1,1,1,1,1
10,"UNI06","Full-time","Yes","Year 1","4","single honors psychology with placement year","female","19","Non-UKRN",2,1,1,0,1,1,1,1,1,1,1,1,1
67,"UKRN01","Full-time","Yes","Year 2","4","Psychology","Female","21","UKRN",2,0,NA,NA,0,0,1,1,0,1,1,1,1
340,"UKRN04","Full-time","No","Year 2","3","BSc (hons) Psychology","Female","22","UKRN",2,1,1,1,0,1,1,1,1,1,1,1,1
619,"UNI06","Full-time","Yes","Year 1","4","psychology ","female","19","Non-UKRN",2,0,NA,NA,1,0,1,1,0,1,1,1,1
565,"UNI06","Full-time","Yes","Year 1","4","Psychology ","Female ","20","Non-UKRN",2,0,NA,NA,0,0,0,1,0,1,1,1,1
476,"UNI74","Full-time","No","Year 1","2","Bsc Psychology","Female","49","Non-UKRN",2,0,NA,NA,0,0,0,1,0,1,1,1,1
55,"UKRN01","Full-time","Yes","Year 1","4","Psychology","Female","18","UKRN",2,1,0,0,0,0,1,1,1,1,1,1,1
538,"UNI06","Full-time","No","Year 1","3","Psychology","female","19","Non-UKRN",2,1,1,1,1,1,1,1,1,1,1,1,1
523,"UNI06","Full-time","Yes","Year 2","4","psychology","female","19","Non-UKRN",2,0,NA,NA,1,0,1,1,0,1,1,1,1
372,"UNI62","Full-time","No","Year 2","3","Psychological and Behavioural Sciences","Female","20","Non-UKRN",2,1,1,1,1,1,1,1,1,1,1,1,1
503,"UNI06","Full-time","No","Year 2","3","Psychology","Female","23","Non-UKRN",2,1,0,1,0,0,1,1,1,1,1,1,1
542,"UNI06","Full-time","Yes","Year 2","4","BSc Psychology","Female","19","Non-UKRN",2,0,NA,NA,0,0,1,1,0,1,1,1,1
256,"UNI73","Full-time","Yes","Year 2","4","Psychology and criminology with a year in industry","Woman","21","Non-UKRN",2,1,1,1,0,0,1,1,1,1,1,1,1
555,"UNI06","Full-time","Yes","Year 1","4","Psychology","Female","20","Non-UKRN",2,1,1,1,0,0,1,1,1,1,1,1,1
7,"UKRN01","Full-time","Other (Please specify)","Year 1","3","Psychology Bsc","Female","19","UKRN",2,1,0,0,1,0,0,1,1,1,1,1,1
77,"UKRN08","Full-time","Yes","Year 2","4","Psychology","Female","21","UKRN",2,1,1,1,0,0,1,1,1,1,1,1,1
609,"UNI06","Full-time","No","Year 1","3","Psychology ","Female ","20","Non-UKRN",2,1,1,NA,0,0,1,1,1,1,1,1,1
508,"UNI06","Full-time","Yes","Year 1","3","Psychology and business ","Male ","20","Non-UKRN",2,1,1,1,0,1,1,1,1,1,1,1,1
229,"UKRN01","Full-time","No","Final Year","3","Psychology BSc","Female","21","UKRN",2,1,1,1,0,1,1,1,1,1,1,1,1
362,"UNI10","Full-time","No","Year 2","3","Psychology ","Female ","19","Non-UKRN",2,1,0,0,0,0,1,1,1,1,1,1,1
225,"UNI06","Full-time","Yes","Year 1","4","business and psychology","male","20","Non-UKRN",2,0,NA,NA,0,0,1,1,0,1,1,1,1
228,"UNI06","Full-time","Yes","Year 1","4","business and psychology","male","20","Non-UKRN",2,0,NA,NA,0,0,1,1,0,1,1,1,1
420,"UNI19","Full-time","Yes","Year 1","3","Bcs Psychology ","Transgender Male ","18","Non-UKRN",2,1,1,0,0,0,1,1,1,1,1,1,1
154,"UKRN08","Full-time","No","Final Year","4","Psychology","Male","27","UKRN",2,1,1,1,1,1,1,1,1,1,1,1,1
380,"UNI19","Full-time","No","Year 2","3","Psychology ","Female ","21","Non-UKRN",2,0,NA,NA,0,0,1,1,0,1,1,1,1
458,"UNI75","Full-time","No","Year 1","3","Psychology BSc","Female","23","Non-UKRN",2,0,NA,NA,1,1,1,1,0,1,1,1,1
662,"UNI11","Full-time","No","Year 1","3","BSc Psychology","Female","18","Non-UKRN",2,1,0,0,0,0,1,1,1,1,1,1,1
666,"UNI80","Full-time","Yes","Placement Year","4","Psychology with Clinical Psychology and Placement Year","Female","24","Non-UKRN",2,0,NA,NA,0,0,1,1,0,1,1,1,1
526,"UNI06","Full-time","Yes","Year 2","3","BSc Psychology","Male","23","Non-UKRN",2,0,NA,NA,1,0,1,1,0,1,1,1,1
263,"UNI73","Full-time","No","Final Year","3","Psychology","Female","21","Non-UKRN",2,1,1,0,1,1,1,1,1,1,1,1,1
396,"UNI08","Full-time","No","Final Year","3","BSc Psychology","F","22","Non-UKRN",2,1,1,0,1,1,1,1,1,1,1,1,1
625,"UNI06","Full-time","No","Year 1","3","Psychology ","Female ","18","Non-UKRN",2,0,NA,NA,0,0,0,1,0,1,1,1,1
557,"UNI06","Full-time","Yes","Year 1","4","Psychology and Sociology","Male","18","Non-UKRN",2,1,1,0,1,1,1,1,1,1,1,1,1
716,"UNI64","Full-time","No","Year 2","3","Psychology (Forensic and Psychopathology)","Female","22","Non-UKRN",2,1,0,1,0,0,1,1,1,1,1,1,1
574,"UNI06","Full-time","No","Year 2","3","psychology","female","20","Non-UKRN",2,0,NA,NA,0,0,1,1,0,1,1,1,1
2,"UKRN08","Full-time","Yes","Placement Year","3","Bsc Psychology","Female","24","UKRN",2,1,1,1,1,1,1,1,1,1,1,1,1
213,"UNI09","Full-time","No","Year 1","3","Psychology with forensic psychology ","Famale ","20","Non-UKRN",2,0,NA,NA,1,0,1,1,0,1,1,1,1
490,"UNI64","Full-time","Other (Please specify)","Year 2","3","Psychology","female","20","Non-UKRN",2,0,NA,NA,0,0,1,1,0,1,1,1,1
543,"UNI06","Full-time","No","Year 1","3","BSc Psychology ","Female","19","Non-UKRN",2,0,NA,NA,0,0,1,1,0,1,1,1,1
145,"UKRN08","Full-time","No","Year 1","3","Psychology","Female","19","UKRN",2,1,1,0,0,0,0,1,1,1,1,1,1
524,"UNI06","Full-time","Yes","Year 2","4","Psychology and Marketing","male","20","Non-UKRN",2,0,NA,NA,1,0,1,1,0,1,1,1,1
240,"UNI73","Full-time","Yes","Year 1","4","Crim Psych","Female","19","Non-UKRN",2,1,1,0,0,0,1,1,1,1,1,1,1
393,"UKRN01","Full-time","Yes","Year 1","4","Psychology","Male","18","UKRN",2,0,NA,NA,0,0,0,1,0,1,1,1,1
355,"UKRN04","Full-time","Other (Please specify)","Placement Year","3","Bsc Psychology","Female","20","UKRN",2,1,1,1,1,1,1,1,1,1,1,1,1
417,"UNI19","Full-time","No","Year 1","3","Psychology","Female","19","Non-UKRN",2,1,1,0,0,0,0,1,1,1,1,1,1
216,"UNI09","Full-time","No","Final Year","3","Psychology","Female","20","Non-UKRN",2,0,NA,NA,0,0,1,1,0,1,1,1,1
554,"UNI06","Full-time","Yes","Year 1","4","BSc Psychology ","Male ","18","Non-UKRN",2,1,1,0,0,1,1,1,1,1,1,1,1
397,"UNI19","Full-time","Other (Please specify)","Year 1","3","psychology ","female ","20","Non-UKRN",2,0,NA,NA,0,0,1,1,0,1,1,1,1
639,"UNI06","Full-time","Yes","Year 1","3","Psychology","Male","17","Non-UKRN",2,0,NA,NA,1,0,1,1,0,1,1,1,1
572,"UNI06","Full-time","Yes","Year 2","4","Psychology and Sociology","Female","21","Non-UKRN",2,0,NA,NA,1,0,1,1,0,1,1,1,1
82,"UKRN08","Full-time","No","Year 2","3","Psychology (Hons)","Female","19","UKRN",2,1,1,1,0,1,1,1,1,1,1,1,1
717,"UNI64","Full-time","No","Year 2","3","Psychology Forensic & Psychopathology","Female","20","Non-UKRN",2,1,1,0,0,0,1,1,1,1,1,1,1
318,"UKRN01","Full-time","Yes","Year 1","4","Psychology","Female","18","UKRN",2,0,NA,NA,0,1,1,1,0,1,1,1,1
